ID,pls_74_12012022,pls_71_a_12012022,pls_106_13012022,pls_104_13012022,pls_102_13012022,pls_100_13012022,pls_103_14012022,pls_101_REP_14012022,pls_75_13012022,DSS_73_REP_190124,DSS_76_REP_190124,DSS_77_REP_190124,DSS_T0.7_180124
GROUP,DSS_T0,DSS_T0,DSS_T0,DSS_T0,DSS_T0,DSS_T0,DSS_T0,DSS_T0,DSS_T0,DSS_T0,DSS_T0,DSS_T0,DSS_T0
"(2S,3R)-3-[(4E,7E)-Nona-4,7-dienoyl]-N,N-bis(trimethylsilyl)oxirane-2-carboxamide ",14.8950131,15.69162437,19.01705162,,17.62170735,17.4679779,17.06309586,17.37328372,12.98652375,19.91566389,20.46545593,20.07442853,
(6S)-5-Methyltetrahydrofolic acid,,,,,,8.159372166,,,,,10.68423951,,
"(7a-Isopropenyl-4,5-dimethyloctahydroinden-4-yl)methanol",11.24144082,11.24144082,13.68069535,11.51426793,13.5523728,14.37641612,12.57282838,11.10245822,11.35385813,15.69162437,14.0430583,,
"(9H-fluoren-9-yl)methanol, O-methoxycarbonyl-",26.26246065,26.62018009,26.26246065,26.26246065,26.62018009,26.68829625,26.33601378,25.89210347,26.26246065,25.23727152,26.26246065,,27.44710764
(CH3)2C=NC2H558,17.54089682,17.65033633,17.62170735,17.65033633,18.31955777,18.51017463,18.11054733,17.33158696,17.70899753,17.37328372,17.65033633,17.96954725,19.49072841
(pm)-alpha-Tocopherol acetate,10.58144185,11.35385813,12.29674781,9.545251342,10.87441187,13.63504052,10.91608404,10.10306138,12.12741999,12.77266458,15.72637617,16.97862928,
(pm)-N-Propylamphetamine,,,,18.21595138,23.47670795,23.63614346,,,22.30432585,21.44846378,22.33727444,,
(pm)-Norketamine,29.81327801,28.97338374,28.75102047,28.86821949,28.86821949,29.29902845,28.26473762,28.39886823,29.42215065,28.6402584,29.69514395,29.18307998,29.18307998
(pm)-Phenylpropanolamine,25.65375762,26.33601378,24.9927475,24.12766402,26.33601378,25.95667431,25.45684602,24.38950885,,23.43092109,,22.30432585,26.62018009
"(R*,S*)-2,3-Dihydroxybutanoic acid",7.771536565,,,4.640058036,9.372726265,13.79063524,9.372726265,7.368482017,,,,,
"(S,S)-(-)-Hydrobenzoin",17.77986919,17.13799735,,20.57438847,,,16.29669433,16.40086466,17.30319236,21.47387464,20.80489511,,
"1-(1-Hydroxybutyl)-2,5-dimethoxybenzene ",25.45684602,22.11388657,18.51017463,16.13854448,25.95667431,21.33081219,21.68227601,24.9927475,17.54089682,23.96446494,24.38950885,27.25614284,24.80567999
"1-(2,4-Dimethoxyphenyl)-propan-2-one",21.68227601,22.47089993,22.77394851,19.2522292,22.27119795,23.00170775,22.85174109,22.14273214,21.1267667,,,,
1-(3-Methylphenyl)piperazine,10.71936135,10.22792834,,12.29674781,,,,,9.545251342,,,,17.30319236
1-(4-Hydroxybenzylidene)acetone,,12.77266458,,,,,,,,,,13.44785778,15.9906091
"1-(4-Methoxyphenyl)-4,6-dimethyl-2(1H)-pyrimidinone",17.33158696,17.30319236,17.4679779,12.77266458,17.51162721,17.9359832,17.96954725,17.62170735,16.68757869,18.45769898,18.65464899,19.07553408,18.40034089
1-Aminocyclopropanecarboxylic acid,29.18307998,30.65717937,28.13582064,30.4570814,28.26473762,29.18307998,29.69514395,28.26473762,29.69514395,32.50730296,31.96792753,26.68829625,30.13788547
"1-Butanamine, N,N-diethyl-",23.00170775,23.06461365,22.88777693,22.96275538,23.28568076,23.16278385,22.96275538,22.47089993,23.09652678,22.14273214,22.8081188,22.8081188,24.12766402
"1-Cyclohexanone, 3-butyl-3-methyl-",,12.4919175,,14.37641612,,,,11.58713484,10.77936405,10.48716356,10.22792834,12.12741999,
1-Cyclopentylethanol,16.29669433,15.72637617,16.25524017,14.84045374,16.856624,,,15.17602716,,16.79335043,16.82444981,17.27927856,18.74513236
"1-Decanol, 2-methyl-",24.9927475,25.54861304,25.54861304,25.11403713,25.83053674,25.45684602,25.34644722,24.45243153,25.54861304,,,,
"1-Decene, 8-methyl-",22.85174109,,21.17080503,18.68132832,19.83038856,22.88777693,,18.90071766,19.49072841,,,13.63504052,
1-Deoxypentitol,,,,,,,,1.044548894,,9.795177829,9.639279878,12.24025415,14.84045374
1-Hexadecanol,20.59824708,21.94407874,20.26708188,19.88431706,21.7246649,21.90291854,20.69686746,19.45983311,21.7246649,,,,
1-Hexanol,,14.97823835,,13.05628605,13.2450436,,13.83510942,,,13.50305474,13.5523728,,
1-Hydroxy-3-methoxy-6-methylanthraquinone,,,,,,,,,,,,14.06352482,16.7223437
"1-Methyl-N,N-bis(trimethylsilyl)-4-[(trimethylsilyl)oxy]-1H-imidazol-2-amine",24.38950885,26.26246065,25.23727152,25.34644722,25.34644722,25.54861304,25.65375762,25.74843576,24.95573488,26.26246065,26.79412507,26.8851741,25.65375762
1-Monoacetin,16.08913308,17.20808923,16.43187623,18.15306319,12.63161934,16.97862928,16.79335043,15.50996662,16.08913308,19.21629041,19.45983311,19.51935504,
1-Octadecanol,20.07442853,22.18104577,20.21820515,20.0435264,20.76419172,21.75448254,21.0216307,,21.52830388,20.10978429,20.85080801,20.37880722,22.41266988
"1-Octanol, 2-butyl-",16.13854448,20.07442853,20.40155503,19.83038856,,20.50238443,,19.21629041,20.07442853,17.5827007,17.85878822,17.30319236,21.10323006
1-Octanol,16.82444981,16.89063007,16.89063007,16.51427462,17.70899753,17.62170735,17.20808923,16.856624,16.7223437,,13.73358567,,20.31399973
"1-Octene, 2-methyl-",20.40155503,20.37880722,20.0435264,19.94786826,20.57438847,20.43082443,19.71259798,19.58767135,20.31399973,,19.07553408,,21.33081219
"1-Pentene, 3,3-dimethyl-",,,,22.27119795,,,,,,22.18104577,21.7246649,21.25527282,
1-Phenethylamine,20.7272631,,21.36409445,19.27809319,20.40155503,20.80489511,20.40155503,21.1267667,21.25527282,22.85174109,22.85174109,22.96275538,
"1-Phenyl-1,2-ethanediol",20.50238443,22.27119795,20.7272631,20.33875188,22.41266988,22.3648566,20.85080801,20.07442853,22.3648566,,,,21.57793522
1-Phenylethanol,,13.99757221,,,,,,14.8950131,,11.84628039,,,
"1-Piperazineethanol, 4-dibenzo[b,f][1,4]thiazepin-11-yl-",,,,21.36409445,,,,18.2415052,17.5827007,,,,
"1-Propanamine, N,N-diethyl- ",24.05735318,24.12766402,23.75873838,23.75873838,23.96446494,24.34618777,23.96446494,23.34967446,24.05735318,22.88777693,23.28568076,23.34967446,24.9927475
1-Tetradecanol,21.7246649,21.64729334,22.55350385,22.18104577,22.30432585,20.37880722,21.36409445,21.64729334,21.50330639,22.47089993,,22.92354523,
"1,1'-Biphenyl, 3,4-diethyl-",17.27927856,16.64258961,15.9906091,16.53931804,17.06309586,17.92169922,17.00897067,15.69162437,15.82994994,19.07553408,18.36647083,,20.43082443
"1,2-Benzenedicarboxylic acid",23.82125404,25.23727152,23.06461365,23.67404147,24.9927475,25.11403713,23.75873838,23.23247857,24.9927475,11.72039354,11.96007183,13.58682918,15.95989954
"1,2-Butadiene, 1,1,4-triphenyl-3-trimethylsilyl-4-trimethylsilyloxy-",,,,14.97823835,,,,,,15.50996662,,,
"1,2-Butanediol",,,,,20.10978429,20.46545593,,19.40057334,20.40155503,,19.01705162,,
"1,2-Cyclohexanedicarboxylic acid, dinonyl ester",,,,,,,,,,,,,15.32315084
"1,2-Dimethoxy-4-(1-methoxyethenyl)benzene",13.15713936,12.63161934,14.37641612,11.58713484,15.17602716,16.17338507,16.21565555,12.24025415,10.68423951,,,,
"1,2,2-Trimethyl-1-aza-spiro[2.3]hexane",12.77266458,13.79063524,,13.5523728,17.33158696,14.61389388,15.76457147,13.87200625,13.75916543,,,,
"1,2,3-Butanetriol",,19.21629041,,,,15.12875857,16.856624,19.27809319,20.0435264,17.8908132,19.1046924,18.01194581,17.77986919
"1,2,3,10,11,11a-Hexahydro-6,7,8-trimethoxy-3-oxo-5H-dibenzo(a,d)cycloheptene",21.64729334,21.22512679,21.33081219,20.50238443,21.0216307,21.68227601,21.22512679,20.97790952,21.80203208,22.60335594,21.94407874,22.77394851,23.39212426
"1,3-bis[(Trimethylsilyl)ethynyl]benzene",19.56978922,19.75725505,18.42569287,21.94407874,18.07686419,18.26504527,19.45983311,18.77329779,19.35357576,14.12229558,,,
"1,3-Cyclohexanebis(methylamine)",,,17.20808923,22.14273214,,,,18.83070789,19.4230192,21.36409445,21.64729334,22.18104577,20.97790952
"1,3-Dioxane-4-methanol, 4,5-dimethyl-",14.41829582,15.82994994,14.2715785,13.44785778,17.00897067,16.7223437,14.84045374,13.35521154,15.9906091,18.54548502,20.40155503,18.77329779,
"1,3,5-Benzetriol",,,,11.78782103,,8.329782236,,,8.024070669,,15.21671253,16.37440114,17.4679779
"1,3,5-Trimethyl-1H-pyrazol-4-amine",11.58713484,10.18543739,11.24144082,9.996968364,8.159372166,12.24025415,11.24144082,10.77936405,10.87441187,9.879569371,9.795177829,12.03832362,
"1,4-Butanediol",6.985893041,,11.78782103,9.917012155,7.144664087,10.38112902,,,7.540516501,10.91608404,10.71936135,,
"1,4-diazabicyclo[4.3.0]nonan-2,5-dione, 3-methyl ",15.04567024,16.21565555,14.06352482,18.71327863,,13.87200625,15.21671253,13.95929764,13.35521154,20.64118511,19.56978922,20.50238443,
"1,4-Dioxaspiro[4.5]decane",25.54861304,,,,,,,25.54861304,,,,,16.79335043
"1,5-Anhydroglucitol",18.40034089,17.85878822,,17.5827007,18.26504527,18.54548502,18.36647083,17.27927856,17.65033633,19.31692204,19.66339577,19.75725505,20.26708188
10-Heptadecenoic acid,16.68757869,16.94229767,16.53931804,13.35521154,16.25524017,17.13799735,17.4679779,15.55615121,16.79335043,18.92948322,19.51935504,18.52570434,18.83070789
10-Nonadecenoic acid,10.10306138,,10.58144185,,9.545251342,11.72039354,,,,14.0430583,14.06352482,14.69237704,
12-Hydroxyoctadecanoic acid,,17.68358059,17.92169922,17.33158696,,18.58988478,18.29473955,17.20808923,17.92169922,20.26708188,20.55279274,,
12-Oxooctadecanoate,13.83510942,13.58682918,9.278074165,12.91543477,15.12875857,14.41829582,,,13.83510942,13.73358567,13.75916543,14.84045374,17.65033633
13-Docosenamide,22.33727444,23.49971423,21.7246649,24.53851433,21.90291854,22.73963344,22.69162315,22.3648566,22.69162315,15.55615121,16.08913308,,
"15-Oxo-11Z,13E-eicosadienoic acid",9.12695566,4.58391047,,10.71936135,7.832200207,,,,10.22792834,13.05628605,13.50305474,15.04567024,17.80327182
"1H-Inden-1-one, 2,3-dihydro-7-hydroxy-3-methyl- ",13.2450436,15.55615121,19.13231529,13.75916543,,17.51162721,17.70899753,13.68069535,14.8950131,,,,
"1H-Indole, 1-(trimethysilyl)-2,5-bis[(trimethylsilyl)oxy]-",,14.69237704,15.50996662,,,,15.82994994,14.16260601,,15.12875857,16.94229767,16.7223437,
"1H-Pyrazole, 3,4-bis(trimethylsilyl)-",,13.87200625,,13.2450436,13.15713936,13.44785778,13.99757221,13.44785778,12.77266458,16.43187623,,,18.58988478
"2-(2,5-Dimethoxy-phenyl)-propionaldehyde",17.30319236,15.95989954,18.83070789,17.20808923,18.51017463,18.65464899,18.07686419,17.65033633,19.1046924,19.3778084,19.3778084,19.94786826,18.65464899
2-(Bis[2-(trimethylsilyl)oxyethyl]amino)acetic acid,19.01705162,19.27809319,18.36647083,18.044121,19.49072841,19.1046924,20.0435264,18.21595138,17.51162721,,,,21.94407874
"2-(Decanoyloxy)propane-1,3-diyl dioctanoate",,,14.12229558,,,,,11.78782103,14.06352482,,,,
"2-Acetyl-3-(1-methyl-2-pyrrolyl)-1,4-benzenediol",8.43711071,12.82238254,8.159372166,7.872950517,9.879569371,,11.16356277,10.82050109,7.144664087,,,,
2-Acetyl-5-chloro-3-methylbenzo(b)thiophene,,7.427698688,,,,,6.146813627,,,10.71936135,10.77936405,12.82238254,15.12875857
"2-Allyl-1,4-dimethoxybenzene",10.96763418,,,,,,10.71936135,,,17.20808923,17.27927856,17.70899753,17.37328372
2-Amino-4-methylphenol,20.13023649,19.71259798,14.8950131,,20.55279274,20.40155503,21.25527282,18.07686419,20.7272631,,,,
"2-Amino-4,6-dihydroxypyrimidine",14.61389388,16.40086466,,18.11054733,17.03154309,15.04567024,,,,14.84045374,,,
2-Aminoadipic acid,21.0216307,21.60767614,21.1267667,21.22512679,21.29634727,21.40034816,21.60767614,21.22512679,20.13023649,20.37880722,21.22512679,20.55279274,22.50923693
2-Aminobutanoic acid,27.05718357,30.13788547,27.73040421,29.81327801,23.43092109,26.8851741,27.3508093,27.05718357,27.5919616,29.03771909,28.6402584,27.44710764,29.93870585
2-Butenedioic acid,25.23727152,26.79412507,26.68829625,27.87116446,27.25614284,25.23727152,26.52611711,26.68829625,26.19944442,28.39886823,28.39886823,28.26473762,24.60826211
"2-Butenoic acid, 2-[(trimethylsilyl)oxy]-",14.69237704,14.12229558,14.61389388,13.79063524,15.69162437,15.69162437,15.40508811,13.40026692,14.12229558,,,19.91566389,21.22512679
2-Ethyl-3-hydroxypropionic acid,,11.58713484,12.4919175,7.771536565,13.73358567,12.03832362,11.84628039,11.72039354,11.96007183,,,,16.13854448
2-Furoic acid,11.10245822,10.29635512,,11.10245822,,,9.545251342,7.96736878,,,,,17.03154309
"2-Heptanone, 4,6-dimethyl-",,15.12875857,18.80444913,,17.30319236,19.45983311,16.64258961,18.40034089,18.68132832,,,,
2-Heptenoic acid,5.783746064,13.73358567,12.03832362,4.682530017,11.24144082,10.10306138,10.18543739,12.38139677,7.832200207,,17.20808923,,
2-Hexen-1-ol,16.97862928,17.5827007,21.44846378,,18.52570434,20.21820515,18.92948322,19.97653964,16.97862928,19.27809319,19.83038856,19.35357576,19.6296138
"2-Hexenoic acid, 2-[(trimethylsilyl)oxy]-",,4.355923871,8.613126201,,7.872950517,,7.694596559,5.240520179,,,,,
2-Hydroxy-2-methylbutyric acid,,,,,17.24006299,,,,,18.74513236,17.62170735,16.94229767,19.2522292
2-Hydroxy-3-methylbutyric acid,27.87116446,28.51228501,28.02081495,27.3508093,28.13582064,28.26473762,27.73040421,27.5919616,28.26473762,,29.42215065,,31.53197675
2-Hydroxy-5-methoxybenzaldehyde,23.67404147,23.67404147,23.63614346,22.60335594,23.75873838,24.20182134,23.91498035,23.58583718,23.9987918,24.12766402,24.53851433,24.88015798,24.45243153
2-Hydroxybutyric acid,18.90071766,19.35357576,15.72637617,17.75607908,7.694596559,,,17.68358059,,20.01457992,19.6296138,20.46545593,20.94746128
2-Imidazolidinone,16.04304197,,15.40508811,15.82994994,,16.3316947,16.08913308,14.80210714,15.50996662,,,,
2-Isopropyl-5-methyl-1-heptanol ,21.25527282,21.33081219,20.90424817,,21.25527282,21.10323006,21.17080503,20.69686746,21.06428331,,,,
2-Ketoisocaproic acid,,10.87441187,13.99757221,,12.91543477,,13.40026692,13.61594474,12.17581506,13.1883691,13.1883691,13.40026692,
2-Methyl-4-pentenoic acid,10.82050109,10.10306138,11.16356277,8.329782236,12.17581506,11.96007183,10.58144185,8.329782236,8.988656313,13.35521154,13.87200625,14.41829582,17.00897067
2-Methyl-E-7-hexadecene,,3.312692943,,,,,,,,,,,
2-Methylglutaconic acid,18.21595138,17.96954725,17.96954725,20.37880722,19.68586337,18.29473955,19.2522292,18.18112051,18.31955777,18.11054733,18.62320953,19.4230192,21.68227601
2-Naphthol,16.40086466,15.17602716,15.12875857,15.95989954,15.04567024,16.89063007,15.69162437,14.12229558,16.25524017,,16.53931804,16.76385171,18.80444913
2-Oxooctanoic acid,14.2715785,17.33158696,9.917012155,18.90071766,10.96763418,12.29674781,13.44785778,16.3316947,3.666980928,9.372726265,10.29635512,11.35385813,
"2-Pentenedioic acid, 3-methyl-",,,4.58391047,3.786797416,,7.832200207,,,,9.278074165,8.988656313,11.58713484,
2-Pentenoic acid,23.31473498,23.31473498,24.20182134,22.02643659,23.39212426,24.12766402,23.82125404,23.54182311,23.34967446,,,22.33727444,
2-Piperidinone,16.89063007,19.40057334,17.82452996,19.04700779,16.64258961,17.77986919,17.27927856,,18.18112051,22.50923693,24.05735318,,
"2-Propanone, bis(1-methylethyl)hydrazone",18.83070789,18.83070789,18.71327863,18.40034089,19.35357576,19.3778084,19.21629041,18.26504527,18.58988478,,21.57793522,,23.31473498
"2-Propenamide, 3-phenyl-N-2-propenyl-",19.16204886,16.57853019,16.68757869,21.25527282,,,17.33158696,19.04700779,17.44445169,,,21.52830388,
"2-Propenoic acid, 2-[(trimethylsilyl)oxy]-3-[4-[(trimethylsilyl)oxy]phenyl]-",,,10.10306138,5.783746064,10.29635512,9.639279878,,9.795177829,7.872950517,,,,
"2-Propenoic acid, 2,3,3-tris[(trimethylsilyl)oxy]-",,,,,,,,1.995000839,,,8.90021346,,
2-Pyrrolidinone,23.8678347,24.80567999,23.96446494,23.91498035,23.67404147,24.27524702,24.53851433,24.12766402,24.27524702,26.52611711,27.87116446,26.39889462,23.43092109
2-Trimethylsilyloxysebacic acid,,18.11054733,,,,,,13.83510942,,,,,
"2,2-Diallylpyrrolidine",16.53931804,17.24006299,15.91067079,17.54089682,16.3316947,15.17602716,16.13854448,14.84045374,18.2415052,,21.90291854,,
"2,2,4-Trimethyl-1,3-pentanediol diisobutyrate",,7.237424327,7.540516501,,8.90021346,9.545251342,7.540516501,3.666980928,6.985893041,11.24144082,11.10245822,13.15713936,16.04304197
"2,2,8,8-Tetramethyl-3,7-dioxa-4-aza-2,8-disilanon-4-ene",21.47387464,21.68227601,21.60767614,20.76419172,,,,,22.47089993,21.7246649,21.75448254,21.68227601,
"2,2'-Biphenyldiol",28.26473762,28.75102047,27.44710764,29.18307998,28.6402584,29.03771909,28.39886823,27.87116446,28.6402584,33.16415523,29.29902845,,
"2,3-Butanediol",19.13231529,20.43082443,19.1046924,21.17080503,21.85387841,15.82994994,18.40034089,12.4919175,15.12875857,,,19.58767135,
"2,3,4-Trihydroxybutyric acid tetrakis",,,14.52621186,,,,,,,14.52621186,14.80210714,15.69162437,17.06309586
"2,3,4,5-Tetrahydroxypentanoic acid-1,4-lactone",,,,,,,,,,23.49971423,23.8678347,23.9987918,22.3648566
"2,4-Decadienal",16.57853019,16.43187623,16.51427462,,16.68757869,17.09824797,17.17882994,16.43187623,16.76385171,18.07686419,18.71327863,18.40034089,19.83038856
"2,4-Diamino-6,7-dimethylpteridine",17.24006299,17.06309586,16.97862928,16.89063007,17.96954725,17.75607908,17.5827007,16.53931804,17.09824797,17.44445169,17.8908132,18.11054733,19.71259798
"2,4-Imidazolidinedione, 5,5-dimethyl-",9.372726265,8.988656313,9.545251342,10.96763418,14.84045374,,10.48716356,9.465509781,7.694596559,,,,17.62170735
"2,5-Cyclohexadiene-1,4-dione, 2,6-bis(1,1-dimethylethyl)-",18.18112051,18.01194581,17.44445169,,19.51935504,19.51935504,18.65464899,17.17882994,18.21595138,,16.40086466,16.25524017,19.31692204
"2,5-di-tert-Butyl-1,4-benzoquinone",8.159372166,,10.22792834,9.879569371,13.1883691,12.77266458,12.17581506,10.44768035,,16.94229767,17.00897067,,
"2,5-Di-tert-butyl-4-((trimethylsilyl)oxy)phenol",24.20182134,24.9927475,24.88015798,24.60826211,24.88015798,24.80567999,24.9927475,24.53851433,25.34644722,25.18438279,25.45684602,25.34644722,25.54861304
"2,5-Di-tert-butylhydroquinone",18.36647083,17.70899753,18.11054733,17.09824797,17.68358059,17.80327182,18.044121,17.24006299,17.06309586,,,,14.37641612
"2,5-Dimethoxy-4-(n)-propylphenethylamine",,,,,,,,,20.21820515,,19.40057334,,
"2,5-Dimethoxy-4-methylamphetamine",30.03081743,30.30087493,30.4570814,29.42215065,30.30087493,30.65717937,29.93870585,29.93870585,30.13788547,28.97338374,29.18307998,29.55723865,29.81327801
"2,5-Dimethoxybenzhydrazide",22.11388657,22.96275538,23.49971423,18.29473955,22.77394851,23.31473498,23.00170775,22.55350385,21.68227601,23.16278385,23.71646045,23.49971423,22.60335594
"2,5-Dimethoxybenzonitrile",18.2415052,21.10323006,21.0216307,17.17882994,20.85080801,20.76419172,21.06428331,20.57438847,20.10978429,20.94746128,20.50238443,20.7272631,
"2,5-Dimethoxymandelic acid",9.465509781,9.465509781,11.10245822,3.365712472,11.96007183,11.78782103,11.72039354,10.71936135,9.465509781,8.90021346,9.12695566,11.51426793,14.41829582
"2,5-Dimethoxyphenol",23.9987918,24.20182134,24.80567999,21.52830388,24.27524702,24.67075898,24.73280573,24.20182134,23.82125404,24.34618777,24.80567999,24.73280573,24.88015798
"2,5-Dimethyl-1-aza-bicyclo[2.2.1]heptane",12.63161934,20.55279274,20.13023649,10.48716356,20.94746128,18.83070789,20.37880722,21.33081219,16.51427462,16.53931804,16.21565555,,
"2,5-Piperazinedione, 3-(phenylmethyl)-",,,,22.3648566,,,,,,,,,25.11403713
"2,5-Piperazinedione, 3-benzyl-6-isopropyl-",,,,2.735973415,,,,,,,,,
"2,5-Piperazinedione, 3-methyl-6-(phenylmethyl)-",,,,18.54548502,,,,,,23.71646045,19.68586337,23.28568076,
"2,6-Bis[2-[2-S-thiosulfuroethylamino]ethoxy]pyrazine",3.20307154,1.995000839,4.245152454,,5.783746064,6.588441754,,,,9.639279878,9.465509781,,
"2,6-Dimethoxybenzylamine",17.62170735,20.85080801,14.16260601,21.0216307,20.0435264,17.68358059,20.21820515,18.87471314,15.21671253,,,,
"2,6-Dimethoxyhydroquinone",16.25524017,16.51427462,17.24006299,12.57282838,16.97862928,17.33158696,17.44445169,16.68757869,15.91067079,18.36647083,18.42569287,18.65464899,18.21595138
"2,6-Dimethyl-N-[3-(trimethylsilyl)-1,3-thiazinan-2-ylidene]aniline",13.44785778,5.871401689,17.33158696,17.96954725,18.62320953,15.76457147,9.795177829,15.72637617,18.92948322,17.92169922,17.44445169,18.31955777,19.66339577
"2,6,10-Trimethyltridecane",21.98787119,,,,,,18.2415052,20.90424817,,,,,
2'-Deoxyribolactone,3.365712472,,16.29669433,14.80210714,,,18.98218827,,6.146813627,21.85387841,21.80203208,21.57793522,
"2',2,3,6'-Tetramethoxychalcone",22.65283474,22.88777693,23.71646045,20.59824708,23.31473498,23.91498035,23.16278385,22.27119795,22.92354523,,,,24.20182134
3-(2-Hydroxyethyl)imidazole-2-thione,16.856624,13.68069535,15.76457147,15.55615121,16.53931804,16.68757869,17.24006299,14.97823835,15.95989954,11.51426793,11.58713484,13.29952427,17.92169922
"3-(3-Cyclohexylaminopropionylamino)-5-ethylthiophene-2-carboxylic acid, ethyl ester",22.47089993,23.63614346,19.3778084,25.89210347,20.50238443,20.59824708,22.07788483,,22.65283474,24.9927475,24.67075898,25.83053674,26.8851741
3-Amino-2-piperidone,19.68586337,20.57438847,20.01457992,23.63614346,18.98218827,18.74513236,18.83070789,21.10323006,21.90291854,25.54861304,25.18438279,24.9927475,21.80203208
3-Amino-5-morpholinomethyl-2-oxazolidinone,,,21.90291854,,21.98787119,20.90424817,,,,19.56978922,19.4230192,20.43082443,22.77394851
3-Aminobenzoic acid,23.43092109,24.27524702,23.28568076,20.31399973,23.49971423,23.9987918,23.58583718,23.49971423,23.31473498,23.34967446,23.91498035,24.12766402,27.05718357
3-Aminobutanoic acid,,19.97653964,,21.80203208,,,,,,17.82452996,18.58988478,18.80444913,21.36409445
"3-Buten-2-one, 3-trimethylsilyloxy-",22.14273214,22.07788483,21.57793522,20.80489511,21.36409445,22.23868736,21.44846378,21.50330639,22.14273214,21.10323006,21.98787119,21.50330639,23.23247857
"3-Buten-2-one, 4-(4-methoxyphenyl)-",22.27119795,21.98787119,23.23247857,19.21629041,22.47089993,22.60335594,22.60335594,22.60335594,22.55350385,23.58583718,23.58583718,23.91498035,19.88431706
"3-Cyclohexyl-L-alanine amide, N,N,N'N'-tetramethyl-",29.03771909,30.4570814,28.26473762,30.65717937,27.87116446,28.13582064,28.13582064,30.03081743,29.29902845,31.96792753,31.84121898,31.96792753,28.97338374
3-Ethylphenol,15.55615121,14.2715785,16.04304197,13.1883691,16.04304197,15.91067079,14.41829582,13.15713936,17.17882994,,16.13854448,,
3-Hexenedinitrile,16.37440114,17.27927856,18.77329779,16.79335043,19.4230192,19.4230192,17.09824797,17.8908132,15.72637617,18.51017463,18.85979253,19.31692204,20.90424817
"3-Hydroxy-2,3-dihydromaltol",,9.917012155,,17.44445169,,9.372726265,12.69235559,8.43711071,,16.57853019,16.37440114,17.00897067,16.17338507
3-Hydroxybutyric acid,26.97864927,27.44710764,26.97864927,28.13582064,28.39886823,27.25614284,27.44710764,27.25614284,27.05718357,27.73040421,28.02081495,28.51228501,28.39886823
3-Hydroxyisovaleric acid,12.03832362,11.96007183,11.72039354,8.43711071,12.88452541,12.63161934,12.29674781,10.38112902,11.51426793,11.16356277,10.91608404,,15.55615121
3-Indoleacetic acid,,12.29674781,12.24025415,16.3316947,,,13.5523728,14.41829582,14.37641612,,,,
3-Indolepropionic acid,13.58682918,9.996968364,9.465509781,15.72637617,12.12741999,11.51426793,12.24025415,14.69237704,12.24025415,,,,
"3-Methoxyamphetamine, 4-Trimethylsilyloxy, N,N-bis(Trimethylsilyloxy)-",27.73040421,28.26473762,26.52611711,28.6402584,27.16552195,28.02081495,28.02081495,28.02081495,28.13582064,,,,
3-Methoxysalicylic acid,26.08310847,,26.8851741,23.31473498,23.82125404,25.83053674,,26.62018009,25.74843576,,,,19.91566389
"3-Methyl-1-(tetrahydropyrrolo[1,2-c]oxazol-3-ylidene)-butan-2-one",18.51017463,20.0435264,16.856624,21.68227601,17.20808923,16.82444981,18.51017463,20.21820515,18.98218827,19.75725505,19.31692204,19.01705162,
3-Methyl-2-butanol,15.17602716,,13.35521154,13.63504052,14.52621186,16.13854448,,7.832200207,14.80210714,,,18.18112051,19.27809319
"3-Methyl-2-butenoic acid, tridec-2-ynyl ester",21.57793522,23.23247857,,21.98787119,23.00170775,22.69162315,23.8678347,22.92354523,22.73963344,,,,24.34618777
3-Methyladenine,9.545251342,10.48716356,9.795177829,10.29635512,,10.44768035,9.639279878,9.917012155,5.871401689,12.17581506,11.84628039,,
"3-Methylpiperazine-2,5-dione, (R)-",16.7223437,19.4230192,17.13799735,20.90424817,16.21565555,16.40086466,16.76385171,19.13231529,17.37328372,22.8081188,23.23247857,22.43801531,
3-Methylvaleric acid,14.80210714,14.0430583,13.73358567,,13.83510942,13.75916543,14.8950131,10.91608404,14.97823835,10.96763418,10.18543739,13.05628605,
3-Nonen-1-ol,,21.80203208,21.98787119,,,21.80203208,,21.36409445,22.02643659,23.54182311,24.45243153,,
3-Ureidopropionic acid,,,4.355923871,,6.588441754,,,,,9.12695566,9.278074165,11.84628039,14.80210714
"3,4-Dihydrocoumarin, 4,4-dimethyl-6-dimethylamino-",20.97790952,21.40034816,21.75448254,18.2415052,20.97790952,22.02643659,21.90291854,21.68227601,20.85080801,22.27119795,22.47089993,22.55350385,21.29634727
"3,4-Dihydroxymandelic acid, ethyl ester",,12.69235559,,,,,,,,,,,
"3,4-dimethyl-5-(3,4-methylenedioxy)phenyloxazolidine",,,,24.27524702,26.97864927,,,,,21.50330639,22.07788483,21.75448254,22.43801531
"3,4,5-Trihydroxypentanoic acid, tetrakis(trimethylsilyl)-",4.640058036,,7.694596559,,,7.427698688,6.588441754,4.640058036,,,9.917012155,12.29674781,14.61389388
"3,5-Di-tert-butyl-2-trimethylsilyloxybenzaldehyde",14.06352482,,13.5523728,14.2715785,14.33088115,13.73358567,,,16.40086466,17.75607908,17.9359832,,
"3,5-di-tert-Butyl-4-hydroxyacetophenone",17.37328372,20.13023649,,16.94229767,17.13799735,16.94229767,,,16.04304197,,17.17882994,,19.16204886
"3,5-Dimethyl-1,4-diallylpyrazole",21.85387841,21.75448254,20.97790952,22.50923693,22.02643659,22.18104577,21.7246649,20.43082443,22.11388657,,,,18.18112051
"3,5-Dimethylpyrazole",14.0430583,13.5523728,13.95929764,,15.32315084,15.32315084,,12.69235559,13.79063524,17.77986919,,18.07686419,
3'-(Trimethylsilyl)oxy-beta-naphthoflavone,15.9906091,14.8950131,,,12.98652375,13.40026692,,14.37641612,14.33088115,17.62170735,,18.71327863,20.0435264
3'-Hydroxyacetophenone,11.72039354,13.50305474,10.38112902,6.146813627,10.68423951,12.69235559,10.29635512,9.545251342,10.10306138,14.97823835,16.57853019,15.32315084,17.51162721
"3beta-TRIMETHYLSILOXY-5alpha,6alpha-EPOXYCHOLESTANE",3.58435789,4.682530017,7.368482017,,7.237424327,7.771536565,6.823750767,4.682530017,2.697591238,10.68423951,12.24025415,12.69235559,15.04567024
"3beta,4beta-Bis(trimethylsiloxy)cholest-5-ene",3.666980928,3.20307154,5.240520179,0.850175744,6.985893041,7.237424327,5.871401689,2.735973415,2.735973415,10.58144185,10.96763418,12.77266458,15.72637617
4-(Methoxycarbonyl)phenol,17.00897067,12.91543477,15.04567024,15.40508811,18.15306319,17.03154309,17.37328372,16.21565555,15.55615121,14.37641612,13.35521154,13.83510942,18.51017463
"4-(tert-Butylamino)-6-ethylamino-5H-1,3,5-triazin-2-one",10.87441187,10.77936405,7.771536565,3.666980928,11.10245822,12.91543477,10.96763418,7.540516501,8.078487822,16.37440114,12.69235559,,
4-(Trimethylsilyoxy)-3-penten-2-one,20.85080801,21.85387841,21.40034816,20.18444468,21.44846378,21.94407874,21.94407874,21.44846378,21.57793522,21.40034816,22.18104577,21.90291854,22.23868736
"4-[2-(4,7-Dimethoxy-2H-1,3-benzodioxol-5-yl)ethenyl]-2-methoxyphenol",19.88431706,17.9359832,19.35357576,17.9359832,19.88431706,19.94786826,19.49072841,18.42569287,19.07553408,,,,
4-Cumylphenol,,,12.69235559,13.95929764,,,12.77266458,12.03832362,12.4919175,,,16.43187623,18.31955777
"4-Fluoroaniline, N-trimethylsilyl-",22.50923693,22.73963344,22.8081188,21.47387464,22.3648566,22.41266988,22.33727444,22.41266988,22.60335594,23.06461365,23.43092109,23.23247857,23.9987918
4-Hydroxy-5-(hydroxymethyl)oxolan-2-one,,,,22.30432585,22.23868736,,,,,20.13023649,18.18112051,20.90424817,21.60767614
4-Hydroxybenzaldehyde,19.4230192,19.88431706,19.91566389,19.49072841,19.6296138,19.58767135,20.31399973,20.10978429,19.56978922,22.33727444,22.55350385,22.3648566,21.06428331
4-Hydroxybenzeneacetic acid,,,,11.96007183,,,,,,16.13854448,16.04304197,15.91067079,16.68757869
4-Hydroxybenzoic acid,22.92354523,23.71646045,22.92354523,23.39212426,25.45684602,23.67404147,23.67404147,23.63614346,23.28568076,25.34644722,26.08310847,25.45684602,22.55350385
4-Hydroxybutanoic acid,18.80444913,18.74513236,19.49072841,19.3778084,21.75448254,19.6296138,20.59824708,20.18444468,19.13231529,21.29634727,20.97790952,21.17080503,
4-Hydroxyphenyllactic acid,17.96954725,17.44445169,17.51162721,17.85878822,18.11054733,16.21565555,18.26504527,18.31955777,17.9359832,19.18758105,,19.27809319,19.68586337
4-Methoxyphenol,20.57438847,20.69686746,20.33875188,20.07442853,20.69686746,20.55279274,20.7272631,19.94786826,20.43082443,21.0216307,21.60767614,21.64729334,22.73963344
"4-Methylethcathinone, N-acetyl-",19.6296138,18.98218827,17.9359832,19.68586337,18.01194581,17.17882994,18.74513236,16.17338507,16.3316947,,,,
4-Methylvaleric acid,15.91067079,16.76385171,17.68358059,16.29669433,18.42569287,16.79335043,17.65033633,18.01194581,18.65464899,17.80327182,18.21595138,18.68132832,19.94786826
4-Pyridinol,29.29902845,29.81327801,31.15675534,27.44710764,29.93870585,30.4570814,30.03081743,30.30087493,28.97338374,29.29902845,30.13788547,30.03081743,30.03081743
"4,4,5,8-Tetramethyl-chroman-2-one",15.82994994,14.61389388,,16.856624,15.55615121,15.9906091,14.69237704,,15.40508811,,,,
5-(2-Aminopropyl)-2-methylphenol,31.53197675,31.84121898,32.3377791,29.69514395,31.15675534,32.50730296,31.84121898,31.96792753,31.53197675,29.55723865,31.53197675,29.81327801,
5-Aminovaleric acid,,,,,,,,,,25.74843576,26.52611711,25.65375762,
"5-Androsten-17alpha-methyl-3beta,17beta-diol",,,7.96736878,,19.94786826,,9.996968364,5.871401689,5.363007629,13.40026692,12.17581506,13.35521154,21.75448254
"5-Cholesten-3beta, 7alpha-bis[(trimethylsilyl)oxy]- ",20.21820515,24.38950885,22.14273214,19.75725505,21.33081219,21.22512679,21.50330639,23.82125404,20.46545593,21.75448254,25.23727152,20.85080801,23.06461365
5-Ethyluracil,,13.83510942,,18.9600039,,,,13.73358567,13.63504052,,,16.64258961,
5-Henicosylresorcinol,10.22792834,,,8.159372166,,10.58144185,,,8.329782236,8.988656313,,,14.8950131
5-Hydroxy-L-tryptophan,22.60335594,23.28568076,22.07788483,22.77394851,22.69162315,23.06461365,23.49971423,23.31473498,23.06461365,25.83053674,25.95667431,24.27524702,
5-Hydroxyquinoline,19.1046924,20.18444468,18.92948322,16.57853019,18.90071766,19.71259798,19.6296138,18.62320953,19.75725505,21.25527282,23.00170775,21.80203208,
5-Hydroxytryptophan,12.69235559,17.17882994,18.29473955,15.21671253,,16.25524017,16.68757869,,13.58682918,16.89063007,17.13799735,17.24006299,18.85979253
5-Methyluridine,22.69162315,,23.16278385,24.34618777,23.54182311,,23.28568076,23.71646045,23.71646045,,,,
"5,10-Diethoxy-2,3,7,8-tetrahydro-1H,6H-dipyrrolo[1,2-a:1',2'-d]pyrazine ",15.69162437,10.68423951,,17.77986919,11.16356277,11.24144082,12.88452541,,12.29674781,18.83070789,18.11054733,18.54548502,
"5,6-Dihydro-5-methyluracil",,18.07686419,18.01194581,20.64118511,16.51427462,,16.94229767,,18.15306319,,,,
"5,6-Dimethyl-4-phenyl-3-cyanopyridine-2(1H)-thione",19.31692204,19.6296138,,,19.1046924,,,,,,13.83510942,13.99757221,
"5alpha-Pregnane-3,20-dione",,,19.31692204,,19.56978922,,19.07553408,20.33875188,,20.55279274,20.07442853,19.83038856,
6-Hydroxyflavone-beta-D-glucoside,20.46545593,,21.06428331,16.64258961,,21.06428331,,21.52830388,,21.60767614,21.0216307,21.85387841,
6-Hydroxyflavone,35.69370352,35.69370352,35.69370352,35.69370352,35.69370352,35.69370352,35.69370352,,34.70620581,,,,
"6-Methoxy-1-methyl-1,2,3,4-tetrahydroisoquinolin-7-ol ",20.18444468,20.59824708,20.59824708,20.43082443,20.43082443,20.57438847,,19.56978922,,23.28568076,22.02643659,22.88777693,
"6,7,4'-Trihydroxyisoflavone",12.24025415,15.04567024,,10.77936405,13.95929764,13.35521154,,,,15.91067079,15.95989954,16.17338507,16.25524017
"6,8-Dioxapentadecane",13.79063524,16.7223437,,,17.5827007,17.65033633,14.52621186,,17.03154309,18.2415052,,18.85979253,19.75725505
"7-(Trimethylsilyl)-2,6-bis[(trimethylsilyl)oxy]-7H-purine",,10.44768035,,,19.45983311,,,,,,,20.80489511,
7-(Trimethylsilyl)amino-4-methylcoumarin,8.024070669,,5.871401689,14.8950131,,,,6.823750767,3.786797416,16.17338507,16.856624,16.51427462,
"7-Acetyl-6-ethyl-1,1,4,4-tetramethyltetralin ",20.10978429,20.76419172,16.37440114,18.83070789,17.37328372,20.13023649,19.40057334,18.52570434,18.07686419,17.30319236,17.37328372,17.51162721,18.9600039
"7-Isoquinolinol, 1,2,3,4-tetrahydro-1-[(4-hydroxyphenyl)methyl]-6-methoxy-",25.34644722,26.08310847,25.18438279,24.73280573,26.68829625,26.62018009,26.97864927,26.52611711,26.08310847,26.62018009,27.5919616,27.05718357,25.74843576
"7-Keto-3alpha,12-alpha-dihydroxycholanic acid",,,,,14.16260601,,,20.40155503,13.95929764,,,17.80327182,19.4230192
"7,9-Di-tert-butyl-1-oxaspiro(4,5)deca-6,9-diene-2,8-dione",24.34618777,24.53851433,24.05735318,24.20182134,24.73280573,24.60826211,24.60826211,23.91498035,24.45243153,25.89210347,26.33601378,25.11403713,25.89210347
8-Heptadecene,,13.35521154,13.61594474,,14.80210714,,11.58713484,8.90021346,,,11.16356277,,
8-Hydroxy-5-(hydroxymethyl)quinoline,27.3508093,28.02081495,,27.25614284,29.42215065,29.81327801,28.75102047,29.29902845,27.25614284,29.93870585,,32.50730296,
9-Hexadecenoic acid,21.60767614,21.1267667,24.53851433,19.4230192,,,24.45243153,23.8678347,19.04700779,22.23868736,22.88777693,,24.67075898
9-Octadecenamide,21.75448254,23.58583718,22.85174109,23.09652678,22.65283474,23.54182311,22.77394851,23.00170775,24.67075898,,16.7223437,,
9-Octadecenoic acid,3.312692943,,,,,,5.363007629,,,8.43711071,8.613126201,11.24144082,14.2715785
"9,12-Octadecadienoic acid",23.58583718,23.91498035,23.82125404,23.00170775,23.09652678,22.92354523,22.47089993,22.8081188,23.67404147,23.75873838,20.69686746,24.20182134,20.64118511
"9(E),11(E)-Conjugated linoleic acid",,8.385594771,,9.639279878,10.82050109,,,9.879569371,,,,,
"9H-Fluorene, 9-methylene-",13.5523728,13.2450436,,12.12741999,13.05628605,15.50996662,13.1883691,11.16356277,11.16356277,,,11.16356277,
9H-Purin-6-ol,,14.06352482,15.55615121,,,13.29952427,,12.29674781,,17.03154309,16.64258961,17.03154309,
"9H-Purine, 9-(trimethylsilyl)-2,6,8-tris[(trimethylsilyl)oxy]-",,,,9.278074165,,15.95989954,15.12875857,16.94229767,,16.856624,13.99757221,,17.8908132
"Acetamide, 2,2,2-trifluoro-",21.06428331,22.41266988,,,,,,,,18.58988478,19.04700779,19.18758105,21.50330639
"Acetamide, N,N-diethyl-",21.1267667,21.36409445,19.18758105,21.44846378,22.14273214,21.50330639,20.50238443,21.47387464,21.60767614,20.76419172,21.36409445,21.36409445,23.09652678
"Acetic acid, bis[(trimethylsilyl)oxyl]-",20.94746128,23.00170775,22.60335594,20.21820515,23.8678347,22.14273214,22.30432585,22.73963344,21.64729334,19.40057334,17.96954725,19.1046924,
"Acetin, bis-1,3-trimethylsilyl ether",7.872950517,6.146813627,7.933656851,5.363007629,6.146813627,,5.240520179,6.588441754,1.995000839,,,,
Acetoacetic acid,18.85979253,20.01457992,18.68132832,18.52570434,19.40057334,18.92948322,20.01457992,18.29473955,18.90071766,21.52830388,21.52830388,22.11388657,19.58767135
"Acetohydrazide, 2-(2-isopropyl-5-methylphenoxy)-N2-benzylideno-",15.40508811,,,14.16260601,,16.53931804,,,,,,,18.2415052
Aceturic acid,7.540516501,8.024070669,13.29952427,,11.35385813,9.465509781,8.29113812,8.024070669,9.996968364,16.64258961,16.89063007,16.68757869,
Aconitic acid,10.29635512,,,,13.68069535,,,,,,,,
Adipoyl-L-carnitine,18.65464899,19.1046924,19.6296138,16.43187623,19.91566389,19.35357576,20.26708188,20.0435264,18.54548502,9.545251342,9.545251342,,
Albizziin,24.95573488,25.45684602,25.45684602,23.49971423,23.91498035,24.9927475,24.95573488,25.65375762,24.34618777,26.39889462,,,27.5919616
Alloxanic acid,21.44846378,,20.80489511,23.47670795,21.80203208,22.30432585,,,23.54182311,,,23.8678347,24.27524702
Allylescaline ,24.67075898,25.34644722,23.8678347,25.65375762,24.67075898,24.95573488,25.11403713,24.27524702,24.20182134,,24.12766402,25.54861304,26.39889462
alpha-D-Mannopyranose,,,,,,,,,,,,,27.87116446
"alpha-L-Galactopyranoside, methyl 6-deoxy-, (R,R,R,S,S)-",16.79335043,16.25524017,17.8908132,15.91067079,13.35521154,17.85878822,17.92169922,17.85878822,17.8908132,,,,21.25527282
alpha-Linolenic acid,12.82238254,11.78782103,13.75916543,4.245152454,12.77266458,,14.12229558,12.12741999,13.1883691,,,,
alpha-Tocopherol,9.996968364,5.363007629,10.96763418,13.99757221,11.51426793,12.17581506,12.4919175,6.146813627,9.372726265,12.88452541,11.72039354,14.12229558,17.27927856
Ammeline,28.75102047,30.03081743,32.8195741,28.26473762,32.8195741,32.8195741,,32.50730296,,30.30087493,33.16415523,,
"androst1-2,4,6,16-tetraene-3,6,17-triol",,,,,12.29674781,,,,,,,,
Arabinaric acid,7.144664087,,,,,,,2.697591238,4.58391047,12.63161934,12.63161934,13.50305474,
"Arabinofuranose, 1,2,3,5-tetrakis-O-",19.45983311,19.18758105,19.21629041,19.1046924,19.16204886,19.56978922,19.68586337,,19.58767135,21.06428331,20.94746128,19.2522292,22.14273214
"Arabinonic acid, 2,3,5-tris-O-(trimethylsilyl)-, gamma-lactone",,3.786797416,,,,7.933656851,,,,,,,
Arachidonic acid,15.95989954,16.08913308,,14.06352482,15.50996662,16.57853019,,13.75916543,,10.44768035,10.38112902,16.57853019,16.43187623
Arsenous acid,,,10.87441187,,,,,9.639279878,12.63161934,12.57282838,14.52621186,18.36647083,
Aspartic acid,28.97338374,29.29902845,28.6402584,29.29902845,29.03771909,28.97338374,29.18307998,28.75102047,28.75102047,,,,
Atrazine desethyl,,19.31692204,,22.65283474,,,,18.11054733,17.62170735,16.3316947,15.76457147,16.29669433,15.40508811
Azatadine,12.88452541,12.38139677,,10.38112902,,13.05628605,,,,9.996968364,,11.96007183,
"Azetidine, 1-acetyl-2-methyl-",30.65717937,31.32464405,30.13788547,30.03081743,30.13788547,31.32464405,29.42215065,30.4570814,30.89176756,31.15675534,30.65717937,,34.70620581
"Aziridine, 1-(2-buten-2-yl)-",23.39212426,24.60826211,22.50923693,26.33601378,21.17080503,21.85387841,22.73963344,23.9987918,23.63614346,,,,
"Benzaldehyde, 2,5-dimethyl-",15.21671253,15.50996662,13.2450436,10.58144185,14.69237704,12.82238254,13.90037658,14.61389388,13.29952427,17.24006299,17.51162721,17.85878822,17.5827007
"Benzene, 1-acetoxy-2,6-dimethoxy-4-(2-propenyl)-",,,,,,,,,,13.99757221,15.40508811,,
"Benzene, 1,1'-(1,2-cyclobutanediyl)bis-",19.40057334,19.51935504,,18.85979253,,19.83038856,18.80444913,17.44445169,18.044121,18.40034089,17.06309586,17.13799735,19.97653964
"Benzene, 1,3-bis(1,1-dimethylethyl)-",,,,,,,,,16.64258961,,20.18444468,,22.02643659
"Benzene, 3-cyclohexen-1-yl-",17.09824797,16.3316947,16.13854448,15.04567024,16.13854448,17.30319236,15.50996662,15.40508811,16.89063007,13.83510942,14.12229558,14.2715785,
"Benzene, 4-ethenyl-1,2-dimethoxy-",9.639279878,7.96736878,10.48716356,6.823750767,10.58144185,10.87441187,9.879569371,10.96763418,9.278074165,13.61594474,12.88452541,,16.51427462
Benzeneacetamide,,,,,,18.98218827,19.35357576,19.4230192,,19.83038856,20.10978429,19.16204886,
Benzeneacetic acid,13.40026692,14.52621186,13.44785778,12.4919175,15.21671253,9.917012155,14.37641612,13.29952427,14.0430583,18.29473955,18.54548502,17.77986919,18.07686419
"Benzeneethanamine, N-[(pentafluorophenyl)methylene]-4-[(trimethylsilyl)oxy]-",20.0435264,,,24.88015798,,,17.82452996,17.5827007,20.97790952,23.8678347,23.54182311,22.02643659,
"Benzenemethanamine, 2,3-dimethoxy-",,,,,,15.40508811,,13.2450436,,10.77936405,10.87441187,,
"Benzenepropanoic acid, 3,5-bis(1,1-dimethylethyl)-4-hydroxy-",20.76419172,21.25527282,20.76419172,20.97790952,21.64729334,21.0216307,21.10323006,20.94746128,20.59824708,20.97790952,21.10323006,,
Benzenepropanoic acid,19.97653964,20.10978429,21.52830388,,23.71646045,20.85080801,22.43801531,22.43801531,20.50238443,17.27927856,17.75607908,18.42569287,
"Benzimidazole, 5-trifluoromethyl-2-methyl-",15.32315084,13.61594474,13.79063524,14.41829582,16.17338507,16.08913308,15.04567024,13.05628605,14.84045374,15.21671253,15.50996662,16.53931804,18.52570434
"Benzo[b]fluorene, 5-amino-7-methyl-1,2,3,4,6,7,8,9-octahydro-11-thia-10-aza-",5.363007629,7.694596559,,,7.771536565,7.96736878,8.90021346,8.29113812,6.588441754,10.18543739,10.48716356,12.17581506,
"Benzoic acid, methyl ester",18.68132832,18.31955777,18.40034089,17.92169922,19.04700779,18.9600039,18.87471314,18.15306319,18.40034089,18.01194581,20.7272631,20.0435264,20.69686746
"Benzoic acid, pentadecyl ester",11.84628039,14.80210714,13.1883691,12.38139677,16.08913308,16.04304197,13.05628605,,15.04567024,15.95989954,15.82994994,16.40086466,18.36647083
Benzoic Acid,17.9359832,18.45769898,17.75607908,17.30319236,18.80444913,18.87471314,18.15306319,17.51162721,19.21629041,17.4679779,17.92169922,18.26504527,22.69162315
Benzoin,,,,18.45769898,,,,,,17.06309586,,,
Benzophenone,11.16356277,10.82050109,10.68423951,13.40026692,14.06352482,14.97823835,14.16260601,11.96007183,10.18543739,14.80210714,15.12875857,15.55615121,17.85878822
Benzyl alcohol,23.28568076,23.47670795,22.96275538,23.43092109,22.92354523,23.34967446,23.06461365,22.77394851,23.39212426,22.07788483,22.92354523,22.69162315,23.71646045
"beta-d-Fructopyranose, 1-deoxy-1-(4-morpholinyl)-2,3,4,5-tetrakis-O-(trimethylsilyl)-",17.4679779,17.77986919,19.75725505,11.35385813,17.75607908,,19.27809319,19.91566389,17.68358059,20.31399973,,20.94746128,
"beta-D-Galactofuranose, 1,2,3,5,6-pentakis-O-(trimethylsilyl)-",6.823750767,,7.237424327,6.588441754,9.795177829,,6.985893041,3.20307154,7.933656851,,,,17.24006299
beta-D-Glucopyranose,29.42215065,29.03771909,31.32464405,,,28.75102047,29.55723865,29.69514395,29.55723865,,,,25.95667431
beta-Hydroxypyruvic acid,12.12741999,11.16356277,6.985893041,8.385594771,10.10306138,8.385594771,13.15713936,10.29635512,13.44785778,,,,
beta-Lyxopyranose,,,,,15.82994994,,9.465509781,,,,12.98652375,,19.04700779
beta-Methylphenethylamine,13.05628605,13.05628605,11.96007183,13.90037658,16.82444981,,16.97862928,12.63161934,,,20.26708188,,
 5-Hydroxyhexanoic acid,4.58391047,4.640058036,6.823750767,1.995000839,8.43711071,7.540516501,7.427698688,4.58391047,3.365712472,12.91543477,12.03832362,13.61594474,
Bis(trimethylsilyl)acetylene,32.8195741,,,31.32464405,,,31.96792753,31.53197675,,28.86821949,29.03771909,29.29902845,
Bis(trimethylsilyl)histidine,,,,,,,,,,,23.67404147,23.00170775,22.88777693
Boric acid,20.33875188,22.50923693,18.26504527,,19.97653964,19.68586337,20.80489511,15.95989954,16.856624,17.13799735,17.54089682,17.44445169,20.80489511
"Butanal, 2,3,4-tris[(trimethylsilyl)oxy]-, O-methyloxime, [R-(R*,R*)]-",,,,,,,,,,,,,
Butanedioic acid,26.33601378,27.05718357,,28.75102047,28.02081495,27.05718357,27.16552195,28.13582064,26.79412507,27.5919616,27.3508093,28.13582064,27.73040421
"Butanoic acid, 2-methyl-3-[(trimethylsilyl)oxy]-",,19.3778084,19.83038856,21.06428331,21.10323006,19.27809319,21.29634727,20.55279274,19.40057334,,20.0435264,,22.47089993
"Butanoic acid, 2,4-bis[(trimethylsilyl)oxy]-",14.37641612,14.16260601,14.97823835,12.98652375,14.97823835,15.72637617,14.97823835,13.5523728,14.61389388,,,,
Butylated Hydroxytoluene,18.52570434,18.40034089,18.45769898,11.72039354,19.3778084,19.31692204,19.31692204,19.1046924,19.3778084,18.52570434,18.45769898,21.0216307,20.46545593
Butylmethylamine,15.76457147,15.76457147,14.41829582,13.68069535,15.76457147,14.84045374,16.3316947,12.98652375,11.58713484,,,,18.98218827
Butyrovanillone,,18.15306319,,,,,16.17338507,,,17.9359832,,,
Cadaverine,7.427698688,,,,,8.024070669,,,,14.69237704,13.63504052,14.52621186,
Campesterol,19.2522292,18.62320953,19.2522292,19.56978922,18.58988478,17.00897067,19.83038856,18.85979253,18.52570434,18.87471314,19.94786826,20.13023649,21.52830388
"Carbonic acid, eicosyl vinyl ester ",,,,,,,,16.25524017,,19.01705162,18.68132832,18.51017463,18.68132832
"Carbonic diamide, N,N'-dibutyl-N'-methyl-",15.12875857,15.21671253,15.21671253,14.69237704,16.40086466,16.43187623,15.95989954,14.2715785,15.17602716,19.97653964,,20.59824708,
Carfentrazone-ethyl,,1.044548894,,,,,,0.678997657,,8.613126201,8.43711071,11.10245822,
"Cephalotaxine, 3-deoxy-3,11-epoxy-, (3alpha,11alpha)-",14.33088115,16.29669433,13.83510942,8.90021346,13.50305474,14.69237704,16.51427462,15.9906091,13.40026692,13.79063524,13.15713936,13.68069535,
"Cetaben, N,O-bis(trimethylsilyl)-",18.15306319,,18.15306319,18.51017463,19.58767135,18.85979253,16.37440114,16.97862928,19.68586337,,,,22.96275538
"Cholest-22-ene-21-ol, 3,5-dehydro-6-methoxy-, pivalate",24.12766402,23.75873838,24.73280573,24.80567999,,24.88015798,22.55350385,22.30432585,25.23727152,,,23.47670795,26.79412507
"Cholest-5-ene, 3-(1-oxobuthoxy)-",,,,,,,,,,,,12.57282838,
"Cholest-7-en-3-ol, (3beta,5alpha)-",7.933656851,7.368482017,9.879569371,10.22792834,8.078487822,9.795177829,8.613126201,7.694596559,7.237424327,,12.29674781,,15.69162437
"Cholesta-2,4-diene",5.871401689,,7.427698688,4.58391047,7.96736878,8.078487822,7.872950517,,4.355923871,,9.996968364,11.78782103,15.21671253
"Cholesta-3,5-dien-7-one",8.988656313,19.16204886,15.95989954,5.240520179,16.37440114,13.2450436,15.17602716,17.75607908,10.48716356,15.72637617,20.13023649,,
"Cholesta-3,5-diene ",18.044121,18.2415052,18.65464899,18.87471314,19.27809319,19.16204886,19.1046924,17.80327182,14.52621186,20.80489511,17.24006299,20.21820515,18.71327863
"Cholesterol, pentafluoropropionate",,,6.588441754,,,,5.783746064,3.786797416,,,10.10306138,12.4919175,
Cholesterol,17.80327182,19.13231529,16.76385171,19.18758105,16.79335043,17.5827007,18.58988478,16.37440114,15.69162437,18.9600039,18.9600039,19.88431706,22.07788483
Cinnamic acid,8.613126201,7.872950517,11.35385813,3.312692943,13.44785778,12.12741999,,,8.159372166,,13.40026692,14.80210714,
cis-4-Trimethylsilyloxy-cyclohexyl(trimethylsilyl)carboxylate,,5.783746064,4.682530017,,6.823750767,,,3.312692943,,,,12.38139677,
"cis-4,5-Dihydroxy-o-dithiane, 2O-",17.68358059,17.51162721,17.65033633,17.68358059,17.9359832,18.40034089,18.21595138,17.30319236,17.85878822,17.68358059,18.31955777,18.62320953,20.07442853
Citric acid,,,,,,,,21.60767614,,21.80203208,22.73963344,22.41266988,23.47670795
Cyclo-(l-leucyl-l-phenylalanyl) ,,2.697591238,,9.795177829,,,,3.365712472,,15.17602716,13.58682918,,
Cyclo(L-prolyl-L-valine) ,18.87471314,18.36647083,,20.7272631,,,15.9906091,16.82444981,16.57853019,22.43801531,22.23868736,22.14273214,
cyclobutanecarboxylic acid,17.8908132,20.80489511,19.40057334,17.27927856,18.87471314,18.71327863,17.85878822,20.80489511,17.80327182,20.57438847,23.16278385,20.01457992,21.7246649
Cyclobutanol,21.80203208,21.57793522,21.47387464,21.33081219,21.60767614,21.7246649,21.57793522,21.40034816,21.17080503,,22.65283474,,24.38950885
Cyclohexanol,13.68069535,13.15713936,13.63504052,12.82238254,14.61389388,14.06352482,13.75916543,12.17581506,12.69235559,14.2715785,14.69237704,15.12875857,18.26504527
"Cyclohexanone, 3,3,5-trimethyl-",24.27524702,24.73280573,23.9987918,24.05735318,24.20182134,24.73280573,24.34618777,23.16278385,25.18438279,22.96275538,23.39212426,24.05735318,25.45684602
"Cyclohexene, 3-butyl-3-methyl-1-trimethylsilyloxy-",21.22512679,20.7272631,,18.31955777,,21.47387464,,20.59824708,,,,,
"Cyclohexene, 3,3-dimethyl-1-(trimethylsilyloxy)-",15.50996662,13.40026692,11.84628039,14.33088115,8.988656313,13.61594474,12.91543477,14.0430583,13.73358567,,,,
"Cyclopentaneacetic acid, 3-oxo-2-pentyl-",7.832200207,12.03832362,10.71936135,8.988656313,14.12229558,13.95929764,,8.613126201,12.57282838,12.82238254,13.05628605,,17.75607908
"Cyclopentanone, 2,2,4-trimethyl-",19.49072841,19.2522292,19.04700779,19.01705162,19.71259798,19.75725505,19.66339577,18.68132832,19.2522292,,,,
D-(-)-Citramalic acid,,,,,7.933656851,,,,,10.22792834,,,
"D-(-)-Fructofuranose, pentakis",,,,,,,,,,19.13231529,18.29473955,,
"D-(-)-Lyxose, tetrakis",,19.07553408,20.18444468,13.73358567,,,20.94746128,,19.6296138,18.77329779,18.90071766,16.89063007,18.29473955
"D-(-)-Ribofuranose, tetrakis",19.83038856,14.37641612,20.46545593,17.24006299,20.33875188,,20.64118511,21.0216307,,20.69686746,,,21.40034816
D-(+)-Glucosamine,,18.21595138,,,,19.04700779,,,,21.1267667,20.43082443,21.10323006,
"D-(+)-Ribono-1,4-lactone (R,S,R)-",,3.58435789,3.786797416,4.355923871,,9.12695566,,,,,,,15.50996662
"D-(+)-Talofuranose, pentakis",13.87200625,,,13.29952427,,,7.771536565,,15.76457147,15.82994994,15.55615121,17.09824797,19.3778084
"D-(+)-Xylose, tetrakis",,18.71327863,19.51935504,20.26708188,18.044121,,20.10978429,18.54548502,19.71259798,,,,17.70899753
D-Arabinose,,,,,,,,,,10.29635512,,12.63161934,15.82994994
"D-Erythro-Pentofuranose, 2-deoxy-1,3-bis-O-",23.06461365,19.58767135,25.34644722,12.17581506,21.94407874,23.8678347,19.75725505,24.05735318,24.88015798,22.92354523,23.82125404,23.58583718,24.05735318
D-Fructose,8.385594771,7.771536565,9.12695566,0.524218872,9.465509781,9.996968364,8.43711071,8.228155817,8.29113812,13.87200625,13.68069535,15.21671253,16.856624
D-Fucitol,18.26504527,16.68757869,18.74513236,18.80444913,16.89063007,18.18112051,17.8908132,16.64258961,18.9600039,,,,
"D-Isoleucine, N-acetyl-",18.77329779,18.87471314,19.56978922,19.58767135,18.85979253,18.07686419,20.43082443,20.13023649,19.27809319,20.46545593,20.57438847,20.57438847,20.01457992
D-Leucylglycylglycine,,,,23.71646045,,,,,,22.02643659,,19.68586337,
D-Mannose,28.6402584,28.86821949,29.29902845,,,,,28.6402584,28.39886823,,,,24.95573488
D-Ornithine,,,,21.40034816,,,,,,20.7272631,21.40034816,20.76419172,21.64729334
D-Proline,14.84045374,16.04304197,,18.62320953,,,16.04304197,,,,,,
"D-Psicofuranose, pentakis",23.09652678,22.85174109,22.65283474,22.73963344,21.50330639,22.65283474,23.54182311,22.85174109,22.96275538,,,,21.1267667
D-Ribose,18.07686419,19.01705162,20.94746128,,20.7272631,20.07442853,,20.37880722,18.45769898,21.94407874,,20.18444468,22.27119795
D-Threitol,11.78782103,9.795177829,,,,,,,,17.70899753,19.18758105,18.15306319,18.45769898
"D-Xylofuranose, 1,2,3,5-tetrakis-O-",26.19944442,25.74843576,24.45243153,26.97864927,26.52611711,26.97864927,26.68829625,25.34644722,25.11403713,26.8851741,27.16552195,28.6402584,24.73280573
Decanoic acid,18.29473955,18.90071766,18.044121,18.42569287,18.65464899,19.49072841,18.62320953,17.92169922,18.51017463,,,12.91543477,
Dehydronorketamine,12.4919175,3.365712472,12.17581506,0.678997657,,16.37440114,11.51426793,,13.68069535,,,,
Delorazepam,,16.79335043,,22.11388657,,,16.53931804,,,19.49072841,,19.3778084,21.44846378
Deoxycholic Acid,,7.540516501,8.988656313,,18.36647083,,8.385594771,5.363007629,9.795177829,13.63504052,12.91543477,14.0430583,19.35357576
Desmosterol,10.18543739,8.90021346,11.58713484,9.12695566,9.917012155,11.58713484,10.77936405,9.372726265,10.29635512,,12.82238254,13.87200625,16.82444981
Dicyclohexylamine,,,23.43092109,,,,22.88777693,,,18.98218827,,,23.82125404
Dihydrouracil,22.3648566,23.09652678,22.30432585,23.06461365,22.18104577,22.11388657,22.18104577,22.33727444,22.50923693,24.80567999,24.60826211,24.45243153,23.91498035
Dimethyl fumarate,12.98652375,12.88452541,14.84045374,,14.41829582,14.2715785,14.2715785,13.50305474,12.38139677,14.61389388,14.97823835,,
"Dimethyl hexopyranosiduronate, alpha-D-",,,,,,18.77329779,,,21.44846378,20.0435264,20.31399973,21.94407874,20.13023649
Dinoseb ,,,,10.18543739,,,,,,10.82050109,10.82050109,12.88452541,15.76457147
Diphenyl ether,12.91543477,12.57282838,13.87200625,13.50305474,13.79063524,15.21671253,13.58682918,12.57282838,11.72039354,15.04567024,14.8950131,15.82994994,18.15306319
DL-Glyceraldehyde,9.917012155,9.278074165,12.12741999,,11.84628039,12.88452541,12.38139677,,,15.32315084,14.33088115,,
DL-Ornithine,22.41266988,21.17080503,20.64118511,20.85080801,20.46545593,21.25527282,21.47387464,20.64118511,20.57438847,23.09652678,24.27524702,23.06461365,23.00170775
DL-Phenylalanine,30.13788547,31.53197675,29.42215065,31.15675534,30.4570814,29.93870585,30.65717937,30.65717937,29.81327801,30.65717937,31.32464405,31.32464405,31.96792753
"DL-Proline, 5-oxo-",,,,18.65464899,,,,,,11.96007183,13.29952427,14.33088115,17.44445169
Dobutamine,,,15.17602716,,16.29669433,14.0430583,,14.06352482,15.32315084,12.24025415,13.90037658,,
Doconexent,26.52611711,27.16552195,27.3508093,26.8851741,26.39889462,27.16552195,27.05718357,25.95667431,27.16552195,28.02081495,28.75102047,29.93870585,
Docosyl octyl ether,,,,,,,20.97790952,20.01457992,18.01194581,18.42569287,19.16204886,18.45769898,20.40155503
Dodecanamide,21.94407874,22.55350385,22.02643659,23.8678347,23.06461365,21.36409445,23.23247857,21.85387841,22.27119795,,26.19944442,,
"Dodecanamide, N-(2-hydroxyethyl)-",20.64118511,20.50238443,20.31399973,20.40155503,20.26708188,20.7272631,20.76419172,19.83038856,20.69686746,,,,
"Dodecane, 4,6-dimethyl-",,,,,,20.94746128,,,24.73280573,21.33081219,21.85387841,21.29634727,22.8081188
"Dodecanoic acid, 1-methylethyl ester",11.35385813,9.545251342,,8.228155817,9.996968364,,10.68423951,8.385594771,,,,15.72637617,16.76385171
Dodecanoic acid,18.71327863,18.52570434,17.77986919,19.6296138,19.18758105,,19.04700779,18.36647083,18.42569287,18.15306319,18.80444913,18.90071766,20.57438847
Dodecylcyclohexane,,,21.64729334,,22.55350385,,22.11388657,,21.94407874,,,,
Dopamine,24.73280573,25.11403713,24.95573488,24.95573488,24.45243153,8.43711071,24.67075898,25.11403713,,22.69162315,,25.89210347,
Ecgonine,19.75725505,20.21820515,18.18112051,,,18.80444913,,19.51935504,18.87471314,,,,
Eicosapentaenoic acid,19.07553408,,,,,,,,,18.65464899,,20.26708188,
Erythritol,23.75873838,23.54182311,23.31473498,22.88777693,16.94229767,23.47670795,23.47670795,19.07553408,23.96446494,,24.20182134,23.96446494,23.49971423
"Erythrono-1,4-lactone, (Z)-",19.3778084,19.56978922,19.27809319,18.26504527,19.66339577,19.97653964,20.90424817,19.66339577,18.83070789,20.85080801,21.17080503,21.40034816,20.10978429
"Ethanamine, N,N-diethyl-2,2-dimethyl-2-[(3,5-dimethoxy)phenyl]-",8.078487822,,,,,,8.988656313,7.427698688,,,,,
"Ethanol, 2-(9-octadecenyloxy)-",10.68423951,9.12695566,9.639279878,7.694596559,10.71936135,11.16356277,7.832200207,8.078487822,,12.03832362,11.78782103,13.2450436,
Ethanolamine,29.69514395,31.15675534,30.03081743,19.97653964,30.65717937,30.13788547,30.30087493,30.89176756,30.30087493,31.32464405,30.89176756,31.84121898,30.65717937
"Ethanone, 1-(2,5-dimethoxyphenyl)-",17.03154309,16.82444981,17.17882994,13.83510942,17.65033633,17.82452996,17.62170735,17.4679779,16.82444981,17.65033633,18.044121,17.9359832,18.044121
"Ethanone, 1-(5-methoxy-2-methyl-3(1H)-indolyl)-",6.146813627,7.832200207,9.372726265,,9.639279878,10.48716356,9.917012155,8.159372166,7.427698688,,,,16.64258961
Ethyl alpha-D-glucopyranoside,,,12.98652375,,15.95989954,,,,9.12695566,10.10306138,10.58144185,,
Ethyl cis-2-trimethylsilyl-cyclopropane-1-carboxylate,23.34967446,22.60335594,23.00170775,22.8081188,23.23247857,23.75873838,23.34967446,22.69162315,23.75873838,22.41266988,21.29634727,22.07788483,23.67404147
Fenitrothion,21.90291854,22.8081188,22.73963344,22.07788483,22.8081188,23.09652678,23.43092109,23.09652678,22.8081188,21.90291854,22.3648566,21.06428331,22.65283474
"Furan-2-carboxaldehyde, 5-(1-piperidyl)-",,,,10.10306138,,,,,,,,,14.69237704
"Furan, 2-pentyl-",,17.4679779,16.94229767,13.15713936,17.4679779,,16.43187623,16.79335043,,,19.21629041,,
Galactopyranose,16.17338507,17.03154309,16.7223437,15.50996662,18.29473955,17.06309586,16.89063007,17.06309586,16.21565555,12.38139677,11.35385813,17.92169922,18.77329779
Gln-Ala,,,20.37880722,17.80327182,,,,,,,,,
Glucopyranose,,,,,,,,,27.87116446,32.3377791,32.3377791,32.8195741,32.8195741
Glucose,18.92948322,7.144664087,23.67404147,,16.7223437,16.29669433,13.95929764,21.94407874,20.55279274,,22.30432585,23.39212426,
Glyceric acid,25.11403713,26.8851741,25.95667431,25.45684602,24.80567999,25.65375762,26.26246065,26.33601378,25.89210347,,,,
Glycine,20.90424817,20.94746128,20.43082443,26.08310847,19.75725505,20.18444468,20.55279274,22.11388657,21.29634727,26.97864927,26.97864927,26.26246065,28.86821949
"Glycine, N-(1-oxobutyl)-",18.45769898,17.09824797,21.68227601,21.90291854,20.80489511,20.33875188,23.39212426,23.67404147,19.01705162,21.98787119,21.44846378,22.85174109,20.50238443
"Glycine, N-(N-DL-leucylglycyl)-",,,,,,20.0435264,,,21.47387464,,,,
"Glycine, N-[4-[(trimethylsilyl)oxy]benzoyl]-",20.31399973,20.46545593,21.94407874,21.75448254,,22.07788483,22.65283474,22.23868736,20.64118511,23.23247857,23.47670795,23.54182311,22.18104577
Glycolic acid,25.18438279,25.83053674,25.65375762,25.54861304,25.74843576,25.74843576,25.54861304,24.95573488,25.95667431,26.33601378,26.68829625,26.97864927,25.83053674
Glycyl-l-glutamine,,15.91067079,,16.04304197,,,,,,20.33875188,21.06428331,20.10978429,
Glyoxime,17.65033633,18.29473955,18.07686419,16.17338507,18.21595138,18.45769898,18.45769898,17.96954725,17.77986919,19.58767135,19.91566389,19.71259798,20.59824708
Guanabenz,26.39889462,28.13582064,26.33601378,28.51228501,27.3508093,25.34644722,26.8851741,25.45684602,24.38950885,,,,28.75102047
"Guanidine, N,N-dimethyl-",25.89210347,26.68829625,25.89210347,26.19944442,26.08310847,26.26246065,25.95667431,24.80567999,25.83053674,24.38950885,24.95573488,25.18438279,27.25614284
"Gulonic acid, gamma-lactone",,,,18.18112051,,,12.98652375,17.82452996,,,,,
Heptadecanoic acid,22.96275538,22.92354523,22.69162315,22.47089993,22.85174109,23.28568076,22.92354523,22.65283474,22.85174109,22.77394851,23.49971423,23.31473498,23.8678347
Heptanoic acid,18.98218827,20.26708188,18.21595138,18.36647083,19.31692204,19.91566389,18.52570434,18.71327863,18.62320953,17.85878822,18.92948322,18.9600039,20.55279274
Hexanedioic acid,17.70899753,17.8908132,17.09824797,17.00897067,20.13023649,19.18758105,17.80327182,17.77986919,17.82452996,18.80444913,19.27809319,19.45983311,19.45983311
Hexanoic acid,23.47670795,26.97864927,24.67075898,23.23247857,25.11403713,24.38950885,24.20182134,25.18438279,24.12766402,23.82125404,25.83053674,24.60826211,26.19944442
Hexanoylglycine,7.96736878,8.329782236,13.40026692,10.87441187,13.63504052,10.18543739,14.61389388,13.79063524,10.91608404,16.51427462,15.32315084,16.3316947,17.17882994
Hippuric acid,21.17080503,21.0216307,22.27119795,20.10978429,21.68227601,22.85174109,21.75448254,21.80203208,20.80489511,21.68227601,22.60335594,22.27119795,22.92354523
Homocysteine thiolactone,8.90021346,10.71936135,10.44768035,13.58682918,10.18543739,10.91608404,10.82050109,8.988656313,12.03832362,18.90071766,18.83070789,18.29473955,
Hydantoic acid,,,,,,,,,19.83038856,21.57793522,,21.98787119,
Hydracrylic acid,21.50330639,21.06428331,21.50330639,20.46545593,21.22512679,20.97790952,21.52830388,21.25527282,21.40034816,22.3648566,22.41266988,22.60335594,22.11388657
Hydroquinidine,13.63504052,16.53931804,13.15713936,14.52621186,,13.5523728,14.0430583,15.82994994,11.84628039,,15.69162437,15.95989954,
Hydroquinone,17.20808923,18.044121,17.03154309,14.12229558,17.44445169,18.2415052,17.68358059,16.76385171,17.13799735,19.45983311,20.33875188,,
Indole-3-carboxaldehyde,,,,,,,9.278074165,10.87441187,13.99757221,17.51162721,17.33158696,17.68358059,
Indole-3-lactic acid,22.18104577,20.40155503,18.9600039,23.54182311,20.21820515,,20.46545593,22.07788483,22.18104577,23.67404147,,,25.23727152
Indole-5-carboxylic acid,10.38112902,5.240520179,10.77936405,7.540516501,12.38139677,12.98652375,7.933656851,9.12695566,10.96763418,15.76457147,16.17338507,16.13854448,
"Inosose-2, 1,3,4,5,6-pentakis-",23.49971423,23.34967446,21.80203208,23.34967446,23.34967446,23.23247857,23.31473498,23.06461365,23.16278385,23.39212426,23.9987918,24.34618777,24.53851433
Isofucosterol,,,8.43711071,,8.228155817,8.988656313,,7.144664087,4.640058036,10.87441187,12.4919175,13.75916543,16.94229767
Isonicotinic Acid,21.40034816,21.44846378,21.25527282,21.1267667,21.06428331,21.57793522,21.33081219,21.17080503,21.33081219,13.44785778,,14.61389388,
Isopropyl palmitate,,,8.29113812,7.368482017,10.91608404,,,,8.43711071,11.10245822,11.24144082,13.1883691,16.08913308
"Isoquinoline, 3,4-dihydro-6,7-dimethoxy-1-[4-hydroxybenzyl]-",34.70620581,34.10624825,34.10624825,32.50730296,34.70620581,34.70620581,33.7876174,33.16415523,33.7876174,35.69370352,34.70620581,35.69370352,32.18182717
Isoxaben,,18.85979253,18.98218827,,17.92169922,19.01705162,19.3778084,18.98218827,17.27927856,20.07442853,20.01457992,20.97790952,17.82452996
Itaconic acid,12.38139677,12.12741999,12.91543477,8.613126201,13.87200625,14.12229558,13.50305474,11.35385813,12.88452541,13.90037658,16.43187623,,
Ketamine ,32.18182717,31.96792753,31.96792753,31.84121898,32.18182717,31.84121898,32.50730296,31.15675534,31.84121898,31.84121898,32.50730296,32.18182717,32.3377791
L-(+)-Threose,23.23247857,22.43801531,22.33727444,,17.85878822,,,,23.58583718,,25.65375762,,
L-5-Oxoproline,17.13799735,,18.87471314,20.55279274,,16.856624,,,,20.18444468,20.59824708,20.64118511,19.21629041
L-Alanine,26.8851741,27.5919616,27.25614284,28.02081495,27.73040421,27.5919616,26.39889462,27.16552195,26.97864927,24.45243153,26.62018009,18.83070789,28.02081495
L-Asparagine,,,,,23.16278385,22.77394851,,,,27.25614284,28.13582064,27.5919616,26.68829625
L-Aspartic acid,23.63614346,25.95667431,24.27524702,26.52611711,23.58583718,24.05735318,25.83053674,26.08310847,23.91498035,26.79412507,27.73040421,27.73040421,28.6402584
L-Citrulline,,,,21.57793522,,,,20.50238443,6.823750767,21.22512679,21.68227601,23.16278385,
L-Cysteine,18.42569287,17.82452996,17.80327182,20.94746128,17.8908132,17.8908132,18.42569287,19.01705162,18.29473955,19.4230192,,18.044121,20.85080801
L-Glutamic acid,22.77394851,23.96446494,23.09652678,24.45243153,24.53851433,23.39212426,24.12766402,23.75873838,23.23247857,25.45684602,25.89210347,26.79412507,23.58583718
L-Glutamine,13.99757221,8.43711071,16.17338507,18.58988478,15.9906091,10.77936405,12.12741999,11.51426793,19.45983311,19.6296138,18.74513236,19.21629041,18.92948322
l-Histidine ethyl ester,26.79412507,,25.74843576,29.55723865,26.79412507,24.53851433,,26.19944442,26.33601378,28.13582064,29.55723865,28.86821949,
L-Hydroxyproline,23.54182311,24.34618777,24.34618777,21.29634727,24.05735318,23.58583718,22.14273214,23.47670795,21.98787119,26.08310847,,,
L-Isoleucine,30.4570814,30.89176756,29.55723865,29.93870585,29.81327801,29.55723865,30.4570814,29.81327801,29.93870585,29.69514395,,30.89176756,30.89176756
L-Leucine,34.10624825,34.70620581,34.70620581,34.70620581,33.16415523,34.10624825,34.70620581,34.70620581,34.10624825,,29.81327801,34.10624825,33.7876174
L-Lysine,27.25614284,27.25614284,26.79412507,27.16552195,27.05718357,27.73040421,26.08310847,27.73040421,29.03771909,26.68829625,28.26473762,27.87116446,28.51228501
"L-Lysine, ethyl ester ",32.3377791,33.16415523,31.53197675,34.10624825,30.89176756,31.53197675,32.3377791,33.7876174,32.8195741,,,,35.69370352
L-Methionine,25.95667431,25.89210347,24.38950885,28.97338374,22.88777693,23.71646045,26.62018009,24.60826211,26.62018009,29.42215065,30.30087493,29.42215065,27.3508093
L-Norleucine,,,,,,,,,,28.26473762,28.97338374,28.02081495,
L-Ornithine,21.10323006,21.47387464,20.55279274,17.70899753,20.90424817,21.17080503,21.40034816,21.29634727,21.36409445,22.73963344,22.43801531,21.44846378,
L-Proline,33.7876174,33.7876174,33.7876174,32.8195741,34.10624825,33.16415523,34.10624825,34.10624825,33.16415523,34.70620581,35.69370352,34.70620581,34.10624825
L-Threitol,9.879569371,8.613126201,,7.832200207,7.368482017,11.10245822,,,8.90021346,,,,
L-Threonine,23.91498035,24.45243153,23.39212426,24.67075898,22.73963344,23.82125404,24.80567999,23.43092109,23.43092109,27.44710764,,29.03771909,23.54182311
L-Tryptophan,29.93870585,13.90037658,27.87116446,31.53197675,29.69514395,26.19944442,27.87116446,30.13788547,30.4570814,30.89176756,31.15675534,30.4570814,31.15675534
"L-Tryptophan, N-acetyl-1",16.21565555,,15.32315084,15.76457147,14.37641612,,13.87200625,16.57853019,16.53931804,17.33158696,17.30319236,17.37328372,19.40057334
L-Valine,31.32464405,32.18182717,30.65717937,30.89176756,31.53197675,30.89176756,31.53197675,31.84121898,31.32464405,32.18182717,32.18182717,32.3377791,31.84121898
Lactic Acid,26.68829625,27.3508093,27.05718357,27.05718357,26.8851741,27.3508093,26.79412507,26.79412507,26.39889462,23.47670795,22.14273214,25.23727152,23.96446494
Latanoprost lactone diol,,14.33088115,,17.03154309,,,,,,17.00897067,16.79335043,16.856624,
Leucylglycine,,,,,,,,,,25.11403713,,,
Levulinic acid,18.01194581,18.26504527,18.31955777,17.4679779,19.13231529,19.13231529,18.77329779,17.9359832,18.85979253,17.96954725,18.77329779,18.92948322,20.7272631
Luteolin ,21.52830388,22.23868736,19.16204886,,21.40034816,22.47089993,22.02643659,,,15.40508811,15.17602716,,
Malic acid,17.82452996,18.77329779,18.52570434,18.07686419,14.8950131,18.01194581,19.58767135,18.80444913,18.26504527,20.40155503,19.2522292,20.69686746,19.56978922
meso-Erythritol,22.88777693,22.77394851,22.11388657,25.83053674,23.63614346,,,,,22.55350385,,,
Metanephrine,23.96446494,22.02643659,23.91498035,16.7223437,22.60335594,,21.64729334,20.31399973,21.22512679,,,,
"Methanone, [1-(4-chloropentyl)-1H-indol-3-yl](2,2,3,3-tetramethylcyclopropyl)-",19.71259798,,19.66339577,,,18.90071766,19.13231529,19.68586337,18.77329779,21.64729334,20.90424817,,
"Methanone, [1-(5-chloropentyl)-1H-indol-3-yl](4-methyl-1-naphthalenyl)-",,,,,,,,,,,,,
"Methyl (3,4-dimethoxyphenyl)(hydroxy)acetate",30.30087493,29.93870585,27.16552195,26.79412507,27.44710764,28.51228501,30.13788547,28.51228501,27.44710764,30.03081743,29.93870585,31.15675534,30.30087493
"Methyl 2,4-dihydroxybenzoate",24.80567999,23.9987918,26.39889462,24.38950885,25.23727152,26.52611711,24.38950885,,26.68829625,27.16552195,27.44710764,27.3508093,26.33601378
Methyl alpha-Lyxofuranoside,,,,,,,,,,18.31955777,18.87471314,18.21595138,
Methyl aminoacetate,9.795177829,6.588441754,10.18543739,,10.22792834,10.96763418,10.44768035,10.58144185,8.385594771,13.29952427,13.2450436,13.95929764,16.3316947
"Methyl galactoside (1R,2S,3S,4R,5R)-",13.35521154,6.823750767,,,13.90037658,,11.78782103,15.04567024,11.24144082,19.16204886,19.35357576,19.56978922,20.37880722
Methyl isovanillate,10.44768035,9.639279878,12.57282838,12.63161934,12.03832362,9.879569371,13.29952427,12.91543477,9.639279878,11.35385813,,,
Methyl leucinate,25.74843576,,,,24.60826211,,,,,25.65375762,,26.08310847,
Methyl-3-methoxy-5-methyl benzoate,9.278074165,8.159372166,8.228155817,15.32315084,10.77936405,10.82050109,9.12695566,,8.613126201,,,,
Methylmalonic monoamide,10.77936405,10.91608404,10.91608404,10.91608404,11.58713484,11.35385813,11.10245822,10.48716356,,16.82444981,17.09824797,17.06309586,
Methylsuccinic acid,11.96007183,11.10245822,12.38139677,12.03832362,13.75916543,13.50305474,13.35521154,12.82238254,10.38112902,,17.82452996,,19.18758105
Mirin,33.16415523,32.3377791,33.16415523,32.18182717,32.3377791,27.44710764,33.16415523,32.3377791,32.50730296,,,,
Mitoxantrone,16.64258961,17.54089682,,21.64729334,17.17882994,,17.77986919,17.03154309,16.29669433,,21.50330639,,
"Morpholine, 4-(2,6-dimethoxybenzoyl)-2,6-dimethyl-",21.33081219,21.52830388,22.18104577,16.68757869,22.11388657,22.33727444,22.41266988,21.06428331,20.37880722,,,,
"Morpholine, 4-[2,3,4,6-tetrakis-O-(trimethylsilyl)-alpha-d-mannopyranosyl]-",,,,19.91566389,,,,,,,18.2415052,,
Myristic acid,24.88015798,25.65375762,25.11403713,25.18438279,25.89210347,25.18438279,25.23727152,24.67075898,25.45684602,24.27524702,24.88015798,24.95573488,26.52611711
"N-(Trifluoroacetyl)-N,O,O'-tris(trimethylsilyl)normetanephrine",,,,,,,,7.933656851,,13.58682918,14.41829582,,
N-(Trimethylsilyl)hexanamide,17.85878822,18.68132832,16.64258961,19.07553408,16.43187623,16.64258961,17.13799735,17.70899753,17.20808923,18.71327863,18.40034089,18.2415052,
N-Acetyl-D-galactosamine,19.21629041,,20.69686746,,20.37880722,20.01457992,19.88431706,20.26708188,,,,,
N-Acetyl-L-glutamic acid,,16.13854448,,14.0430583,,,,,,18.85979253,18.15306319,18.98218827,
N-Acetyl-L-phenylalanine,5.240520179,4.245152454,7.144664087,3.20307154,8.024070669,7.694596559,7.144664087,3.58435789,,,,,16.29669433
N-Acetyltyrosine,,,,16.25524017,,,,,10.44768035,18.68132832,18.07686419,17.62170735,
N-alpha-Acetyl-L-Lysine,19.51935504,,,23.28568076,,,,19.88431706,,23.91498035,23.34967446,21.47387464,
n-Butylamine,19.94786826,18.58988478,18.62320953,19.51935504,19.2522292,19.2522292,18.90071766,18.92948322,20.01457992,18.044121,17.5827007,18.87471314,20.21820515
"N-isobutyl-2-(trimethylsilyloxy]-4,5-dihydro-1H-imidazole-1-carboxamide",,,,,,,,11.84628039,12.82238254,16.29669433,14.37641612,15.40508811,
N-Isobutyl-sec-butylamine,19.91566389,19.94786826,19.68586337,19.35357576,20.01457992,20.10978429,20.33875188,19.31692204,19.91566389,20.90424817,18.01194581,,
N-Isobutyrylglycine,15.72637617,14.41829582,19.97653964,18.74513236,20.07442853,18.11054733,18.85979253,,19.51935504,,13.95929764,,
N-Isovaleroylglycine,13.95929764,13.44785778,14.80210714,12.24025415,12.24025415,13.99757221,15.32315084,14.52621186,13.90037658,17.54089682,16.29669433,17.82452996,
N-Methyl-N-(tetrahydro-2-furanylmethyl)-4-piperidinamine,,,,,,6.823750767,,,,,,,14.16260601
n-Pentadecanol,,17.62170735,,,18.71327863,,18.9600039,,,9.917012155,9.879569371,,15.17602716
N-Valerylglycine,8.228155817,6.985893041,11.51426793,11.84628039,12.82238254,10.68423951,14.06352482,13.63504052,8.228155817,14.41829582,,15.9906091,
"N,9-bis(Trimethylsilyl)-6-[(trimethylsilyl)oxy]-9H-purin-2-amine",16.76385171,16.97862928,18.54548502,,18.92948322,18.42569287,18.18112051,17.00897067,16.37440114,19.68586337,19.97653964,,
"N,N-Diethyl-2-aminoethanol",,,,23.96446494,,,,,,24.60826211,23.96446494,22.50923693,
"N,N-Dimethyl-2-cyclohexyloxyethylamine",20.26708188,20.33875188,19.58767135,19.66339577,20.18444468,20.26708188,19.91566389,19.3778084,20.18444468,,,,
"N,N'-Bis(trimethylsilyl)trifluoroacetamidine",,,,,,,,,,10.38112902,,,
"N,O-Bis(trimethylsilyl)carbamate",14.52621186,13.75916543,13.50305474,10.68423951,12.4919175,14.8950131,12.82238254,10.18543739,13.61594474,12.98652375,14.84045374,13.90037658,18.01194581
Naphthofluorescein,,,,,,,,,,,,,
Neostigmine ,19.04700779,19.04700779,,,18.45769898,17.96954725,18.68132832,16.13854448,,20.21820515,21.47387464,21.22512679,
Niacin,17.5827007,19.45983311,20.57438847,16.76385171,19.01705162,19.07553408,19.01705162,18.58988478,17.75607908,19.35357576,19.88431706,19.40057334,20.33875188
Niacinamide,24.60826211,26.19944442,26.19944442,25.74843576,26.26246065,25.89210347,25.89210347,25.83053674,25.65375762,25.95667431,26.8851741,26.62018009,26.08310847
Niclosamide,16.43187623,15.32315084,15.69162437,15.17602716,13.61594474,16.51427462,15.72637617,14.33088115,14.2715785,16.7223437,17.68358059,17.8908132,19.01705162
Nitrosothymol,,,15.82994994,,13.58682918,13.90037658,,11.24144082,13.50305474,,,,19.07553408
Nonadecanoic acid,10.48716356,9.879569371,10.82050109,8.078487822,,12.4919175,11.35385813,9.278074165,9.879569371,13.68069535,14.61389388,15.50996662,17.13799735
Nonanal,13.75916543,13.1883691,13.90037658,12.69235559,14.0430583,14.52621186,14.33088115,13.58682918,13.15713936,14.16260601,15.04567024,14.16260601,17.54089682
Nonanoic acid,22.23868736,23.16278385,22.41266988,22.69162315,22.50923693,23.49971423,22.23868736,22.18104577,22.88777693,23.31473498,23.63614346,23.67404147,25.18438279
Norketamine,28.86821949,29.42215065,29.03771909,27.5919616,29.29902845,29.69514395,28.86821949,28.86821949,28.86821949,29.18307998,30.03081743,30.13788547,29.69514395
"O-Methyl-N,N'-diisopropylisourea ",20.80489511,23.43092109,30.30087493,,,,30.89176756,31.32464405,24.53851433,31.53197675,,28.97338374,
Oct-1-en-3-ol,19.27809319,18.92948322,20.07442853,17.8908132,18.77329779,19.88431706,20.13023649,19.18758105,19.66339577,19.51935504,19.71259798,19.97653964,
"Octadecanamide, N-(2-methylpropyl)-N-nitroso-",,,12.82238254,,,,,,,,,,
Octan-2-yl palmitate,19.66339577,19.83038856,19.71259798,20.01457992,21.1267667,21.52830388,19.97653964,18.51017463,21.10323006,18.21595138,,,21.17080503
"Octanamide, N-(2-hydroxyethyl)-",,18.54548502,,,,,,15.12875857,,,19.49072841,,
"Octane, 1-propoxy-",12.17581506,10.58144185,8.329782236,8.29113812,9.278074165,7.872950517,,,4.682530017,,,,
Octanoic acid,20.37880722,20.90424817,20.10978429,19.71259798,20.64118511,21.29634727,20.18444468,19.49072841,20.90424817,19.94786826,20.37880722,20.31399973,21.98787119
Octocrylene,6.588441754,10.96763418,,8.024070669,10.48716356,,10.38112902,,10.82050109,,,,17.33158696
Octopamine,26.62018009,26.52611711,26.62018009,26.39889462,25.65375762,,26.19944442,26.97864927,,,22.11388657,22.23868736,
Ornithine,21.29634727,24.05735318,21.29634727,29.03771909,21.47387464,19.66339577,22.8081188,22.88777693,23.49971423,28.51228501,25.54861304,28.39886823,
Oxalic acid,17.92169922,19.91566389,19.4230192,19.45983311,18.54548502,18.36647083,20.07442853,18.9600039,19.88431706,19.04700779,19.13231529,19.13231529,20.76419172
"Oxalic acid, allyl octyl ester",13.29952427,12.17581506,13.05628605,11.24144082,,9.278074165,13.61594474,,13.05628605,,10.44768035,,15.91067079
p-Hydroxydiisopropylbenzene,17.17882994,20.64118511,17.85878822,19.31692204,20.31399973,21.1267667,16.57853019,17.09824797,21.0216307,20.50238443,20.76419172,21.1267667,22.30432585
p-Toluic acid,8.329782236,8.29113812,8.024070669,7.933656851,10.38112902,10.22792834,10.10306138,7.771536565,7.771536565,13.95929764,14.2715785,14.97823835,16.37440114
Palmitelaidic acid,24.45243153,24.88015798,24.60826211,22.23868736,24.12766402,24.45243153,24.88015798,23.96446494,24.80567999,24.67075898,21.25527282,25.74843576,26.26246065
Palmitic Acid,,,19.94786826,20.13023649,19.07553408,20.64118511,,22.96275538,20.94746128,24.53851433,25.11403713,23.43092109,27.16552195
Pantolactone,17.06309586,17.00897067,16.3316947,16.97862928,17.77986919,17.70899753,17.30319236,16.08913308,16.43187623,17.17882994,17.77986919,17.65033633,19.51935504
Pantothenic acid ,20.55279274,18.9600039,22.47089993,20.69686746,,22.43801531,13.79063524,,22.41266988,,,,
Pentacosanoic acid,,,,,12.69235559,,,,,,,,14.52621186
Pentadecanoic acid,22.43801531,22.69162315,22.23868736,21.85387841,22.43801531,22.27119795,22.27119795,22.02643659,22.43801531,22.11388657,23.06461365,23.09652678,23.63614346
"Pentanedioic acid, 2-[(trimethylsilyl)oxy]-",14.12229558,14.84045374,14.69237704,15.69162437,,14.33088115,16.25524017,16.29669433,14.41829582,,,,
"Pentanedioic acid, 2,4-bis[(trimethylsilyl)oxy]",7.237424327,,7.832200207,2.697591238,,8.228155817,8.024070669,6.985893041,5.783746064,,,,
"Pentanedioic acid, 3-methyl-3-[(trimethylsilyl)oxy]-",4.355923871,3.666980928,6.146813627,6.985893041,8.329782236,,7.237424327,5.783746064,3.312692943,12.4919175,12.38139677,,
Pentanoic acid,,16.17338507,17.70899753,,18.40034089,17.37328372,,17.54089682,,16.68757869,16.68757869,16.04304197,18.87471314
"Pentenoic acid, 4-[(trimethylsilyl)oxy]-",11.51426793,10.38112902,12.88452541,10.44768035,12.57282838,13.15713936,12.03832362,10.22792834,10.58144185,13.75916543,,14.37641612,
Pentylone,31.96792753,,29.18307998,33.7876174,33.7876174,33.7876174,31.32464405,35.69370352,35.69370352,26.19944442,27.05718357,33.16415523,
Petroselinic acid,3.786797416,,4.640058036,,,7.144664087,10.22792834,0.850175744,3.20307154,,,,14.97823835
Phenanthridin-6-ol ,27.44710764,,28.97338374,25.95667431,29.18307998,28.6402584,27.25614284,26.8851741,26.8851741,27.3508093,,26.33601378,
"Phenol, 3,5-bis(1,1-dimethylethyl)-",17.44445169,17.75607908,17.30319236,17.13799735,18.68132832,18.21595138,18.31955777,15.21671253,17.4679779,16.25524017,15.91067079,18.58988478,17.96954725
Phenol,18.62320953,17.80327182,17.54089682,16.40086466,17.54089682,18.68132832,17.54089682,16.7223437,18.11054733,16.97862928,17.4679779,17.4679779,19.1046924
Phenoxyacetic acid,,9.372726265,,7.144664087,,20.31399973,8.329782236,,5.240520179,,,,
phenoxyethanol,17.51162721,17.92169922,18.2415052,17.06309586,18.18112051,21.64729334,22.3648566,17.13799735,17.24006299,19.2522292,20.21820515,19.49072841,21.0216307
Phenylalanine,28.51228501,29.18307998,28.86821949,30.30087493,29.55723865,,29.03771909,29.42215065,30.03081743,29.81327801,30.4570814,30.65717937,30.4570814
Phenylpropanolamine,28.02081495,26.39889462,29.81327801,,28.51228501,30.30087493,28.6402584,26.39889462,,,,,29.03771909
Phlorizin,,,,,,,,,,14.06352482,14.16260601,14.8950131,
Phloroglucinol,13.90037658,11.72039354,13.58682918,16.08913308,16.57853019,13.68069535,14.80210714,12.88452541,12.91543477,16.08913308,17.70899753,16.79335043,
Phosalone,,,,19.40057334,,,,,,,,,
Phthalazin-1-one,30.89176756,29.69514395,30.89176756,30.13788547,31.32464405,31.15675534,29.81327801,29.55723865,30.65717937,30.13788547,32.8195741,30.30087493,29.42215065
Picolinic acid,21.36409445,21.7246649,21.85387841,21.10323006,21.57793522,21.98787119,21.80203208,21.75448254,21.75448254,22.30432585,22.96275538,22.65283474,23.34967446
Pimelic acid,12.29674781,13.29952427,12.77266458,10.82050109,13.99757221,12.57282838,13.2450436,12.77266458,10.71936135,16.04304197,16.76385171,16.08913308,17.68358059
Pipecolic acid,28.39886823,29.55723865,28.39886823,31.96792753,26.19944442,28.39886823,24.27524702,27.3508093,31.15675534,32.8195741,33.7876174,27.16552195,28.13582064
"Piperidine, 1-(1-methylpentyl)-",17.75607908,17.37328372,17.27927856,17.37328372,18.2415052,18.15306319,17.9359832,16.89063007,17.33158696,16.40086466,,16.21565555,
"Pregn-16-en-20-one, 3,18-bis(acetyloxy)-14,15-epoxy-, (3beta,5alpha,14beta,15beta)-",22.07788483,,20.85080801,18.92948322,,21.60767614,,21.57793522,21.85387841,,21.1267667,21.7246649,
"Propanetriol, 2-methyl-",13.1883691,11.51426793,10.29635512,7.96736878,11.72039354,11.84628039,11.96007183,9.996968364,11.10245822,13.2450436,13.61594474,15.17602716,17.20808923
"Propanoic acid, 2-methyl-",19.18758105,18.80444913,19.07553408,17.62170735,18.83070789,19.21629041,19.4230192,19.2522292,19.18758105,19.88431706,19.75725505,20.33875188,19.13231529
"Propanoic acid, 2-oxo-",18.31955777,18.51017463,18.90071766,17.82452996,18.9600039,18.31955777,19.18758105,18.65464899,17.00897067,,,,21.90291854
"Propiophenone, 3',4'-dimethoxy-",22.8081188,22.3648566,22.3648566,21.50330639,22.07788483,22.8081188,21.1267667,22.50923693,22.77394851,23.9987918,25.34644722,24.80567999,
Propylamine,13.61594474,8.228155817,5.363007629,11.16356277,9.12695566,10.71936135,8.078487822,,,11.58713484,12.12741999,13.5523728,16.40086466
"Pyrazine, 3,6-dihydro-3,6-dimethyl-",18.54548502,18.65464899,19.88431706,18.98218827,18.74513236,18.52570434,18.71327863,18.74513236,19.97653964,,,,
"Pyrazine, 3,6-dimethyl-2,5-bis(trimethylsilyloxy)-",18.11054733,20.31399973,17.06309586,22.55350385,15.72637617,17.20808923,17.03154309,19.71259798,19.16204886,,24.73280573,24.38950885,
"Pyrimidine, 5-methyl-2,4-bis[(trimethylsilyl)oxy]-",,15.9906091,16.21565555,16.37440114,17.27927856,15.55615121,16.40086466,15.91067079,14.69237704,18.26504527,18.26504527,17.75607908,18.42569287
Pyroglutamic acid,32.50730296,32.8195741,32.50730296,33.16415523,31.84121898,31.96792753,32.8195741,32.8195741,31.96792753,33.7876174,34.10624825,33.7876174,31.32464405
Pyrrole-2-carboxylic acid,27.5919616,27.87116446,29.69514395,26.68829625,28.97338374,29.42215065,28.97338374,29.03771909,28.02081495,27.87116446,28.51228501,28.75102047,29.29902845
"Pyrrolo[1,2-a]pyrazine-1,4-dione, hexahydro-3-(2-methylpropyl)",18.74513236,19.49072841,17.37328372,22.41266988,15.91067079,17.24006299,19.56978922,18.45769898,16.17338507,24.05735318,22.77394851,23.63614346,
"Pyrrolo[1,2-a]pyrazine-3-propanamide, 2,3,6,7,8,8a-hexahydro-1,4-dioxo-",,,,13.87200625,,,,,,,,,
Quazodine,22.55350385,23.82125404,26.08310847,26.62018009,,26.33601378,23.9987918,25.23727152,27.3508093,,,,
"Quinolin-4-one, 1-[2-(3,4-dimethoxyphenyl)ethyl]-octahydro-",22.30432585,22.30432585,24.12766402,,22.96275538,23.43092109,23.09652678,23.28568076,22.33727444,,23.75873838,23.82125404,22.33727444
"Quinoline, 2,4-dimethyl-",16.94229767,16.856624,16.82444981,16.82444981,17.82452996,17.44445169,17.51162721,16.51427462,16.94229767,20.59824708,21.33081219,20.40155503,
Ribitol,14.97823835,12.98652375,,15.9906091,17.09824797,,16.7223437,,,17.09824797,16.51427462,17.54089682,18.54548502
"Ribonic acid, 2,3,4,5-tetrakis-",25.83053674,23.8678347,23.34967446,23.9987918,24.38950885,26.39889462,24.05735318,26.26246065,26.52611711,24.20182134,26.39889462,26.52611711,22.85174109
S-Methyl-L-cysteine,,,,,,16.76385171,,19.35357576,17.96954725,,,,
Salsoline,14.16260601,15.40508811,16.08913308,,,14.16260601,16.82444981,16.04304197,13.5523728,15.9906091,16.3316947,16.82444981,18.62320953
Sedoheptulose anhydride,24.53851433,24.95573488,25.83053674,24.9927475,23.9987918,26.08310847,25.74843576,24.88015798,24.60826211,,,,
Ser-Leu,20.69686746,22.33727444,9.996968364,22.43801531,,,18.01194581,20.76419172,20.33875188,21.17080503,22.50923693,21.60767614,23.16278385
Serine,31.84121898,32.50730296,32.18182717,32.3377791,31.96792753,32.18182717,32.18182717,32.18182717,32.3377791,34.10624825,,,32.50730296
Sertraline carbamoyl glucuronide,31.15675534,,31.84121898,,32.50730296,32.3377791,31.15675534,,32.18182717,30.4570814,,31.53197675,33.16415523
Sinomenin,,25.18438279,,,25.54861304,26.79412507,,,,,,,
"Spiro[cyclopenta[d]-1,3,2-dioxaborin-4(5H),1'-cyclopentane], 2-ethyl-6,7-dihydro-",18.9600039,,17.00897067,14.61389388,8.613126201,17.27927856,,20.46545593,19.94786826,,16.25524017,,
Spironolactone,,,,1.044548894,,,,,,,,,
Stearic acid,,,,,,,,,,19.71259798,24.9927475,25.95667431,26.97864927
"Stigmast-5-ene, 3beta-",8.29113812,,8.90021346,7.237424327,5.871401689,8.90021346,8.228155817,4.355923871,7.96736878,11.78782103,12.57282838,13.79063524,16.53931804
Suberic acid,,16.37440114,14.33088115,12.88452541,15.40508811,12.38139677,12.63161934,13.99757221,13.87200625,16.21565555,17.80327182,,17.9359832
Succinic anhydride,19.35357576,19.66339577,17.5827007,19.13231529,,18.044121,18.54548502,18.044121,18.71327863,19.1046924,18.98218827,19.04700779,
Supraene,,,,,,,,,,13.15713936,13.79063524,,18.90071766
Syringaldehyde,28.13582064,28.6402584,28.51228501,28.39886823,28.75102047,28.86821949,28.51228501,28.97338374,28.51228501,28.75102047,28.86821949,29.69514395,29.55723865
"Tacrine, N-trimethylsilyl-",13.50305474,13.95929764,12.63161934,18.77329779,13.40026692,13.1883691,13.73358567,15.32315084,14.16260601,20.43082443,20.64118511,19.6296138,
"Talonic acid, gamma-lactone",23.16278385,21.50330639,21.22512679,21.60767614,22.33727444,22.50923693,21.98787119,20.7272631,22.23868736,24.95573488,,,23.28568076
Tartronic acid,4.682530017,2.735973415,5.783746064,3.58435789,7.427698688,7.368482017,7.368482017,4.245152454,3.58435789,9.465509781,9.372726265,11.72039354,14.33088115
Tetradecanenitrile,19.58767135,20.97790952,,22.85174109,,,19.16204886,20.85080801,19.31692204,,22.69162315,22.47089993,
"Thiazolo[4,5-f]quinoline, 2,9-dimethyl-",,,18.85979253,19.16204886,,17.54089682,,19.16204886,,,,,
Thymidine,22.73963344,23.39212426,23.54182311,23.82125404,24.34618777,23.96446494,23.63614346,23.39212426,23.8678347,24.88015798,25.74843576,24.67075898,
"Thymine, 1,3-dimethyl-6-(trimethylsilyloxymethyl)-",20.01457992,19.68586337,,21.7246649,,,,,,23.00170775,22.27119795,22.73963344,
Tributyl acetylcitrate,16.3316947,18.18112051,16.79335043,16.21565555,17.80327182,18.62320953,17.75607908,15.76457147,18.74513236,,18.51017463,21.33081219,
Tricine,29.55723865,28.39886823,29.93870585,23.58583718,30.03081743,30.03081743,29.29902845,29.18307998,29.18307998,,,,
Triethanolamine,7.368482017,8.078487822,8.078487822,5.871401689,8.385594771,8.29113812,8.159372166,7.237424327,7.368482017,12.69235559,12.77266458,13.73358567,16.57853019
"Trimethylsilyl (5-benzyl-3,6-dioxopiperazin-2-yl)acetate",4.245152454,,,7.427698688,,6.985893041,,,4.245152454,12.12741999,11.51426793,12.98652375,
Trimethylsilyl 3-((trimethylsilyl)thio)propanoate,16.51427462,13.63504052,16.40086466,9.465509781,10.44768035,14.80210714,13.68069535,,16.13854448,18.18112051,18.52570434,18.74513236,20.18444468
Trimethylsilyl oct-2-enoate ,,,20.50238443,,20.59824708,20.69686746,20.57438847,21.90291854,20.26708188,19.66339577,,17.5827007,
Trimidox,18.58988478,18.42569287,19.45983311,17.51162721,19.21629041,19.40057334,19.51935504,19.6296138,18.36647083,,,,
Tris(trimethylsilyl)carbamate,27.16552195,27.73040421,27.5919616,27.73040421,27.5919616,27.87116446,27.5919616,27.44710764,27.73040421,27.05718357,27.25614284,26.19944442,28.26473762
Trisaminol,13.73358567,,16.57853019,15.12875857,14.2715785,13.83510942,15.55615121,13.90037658,13.2450436,14.8950131,17.03154309,17.33158696,18.11054733
L-Tyrosine,,,,,,,,,,18.62320953,19.58767135,19.66339577,21.47387464
Undecanedioic acid,7.694596559,,,,8.29113812,8.613126201,7.96736878,,,,,,
Uracil,22.02643659,22.14273214,23.58583718,25.23727152,25.18438279,22.96275538,25.18438279,24.73280573,23.00170775,24.73280573,24.34618777,24.53851433,23.75873838
Urea,,24.67075898,21.10323006,22.33727444,21.52830388,21.44846378,22.50923693,21.7246649,20.76419172,22.65283474,23.09652678,23.75873838,21.85387841
Uridine,10.91608404,12.24025415,8.385594771,13.61594474,11.78782103,10.29635512,10.87441187,10.68423951,9.917012155,14.33088115,15.9906091,17.17882994,16.89063007
Valylglycine,20.43082443,21.90291854,18.58988478,22.92354523,,,19.94786826,19.75725505,18.80444913,12.29674781,13.44785778,15.76457147,
Vanillylmandelic acid,,7.933656851,7.872950517,,,,15.91067079,7.872950517,,,,,16.21565555
Xylazine,23.71646045,22.65283474,23.47670795,23.16278385,24.95573488,22.55350385,23.71646045,24.34618777,23.47670795,23.63614346,23.31473498,23.71646045,25.34644722
Xylitol,,21.29634727,22.43801531,18.01194581,16.76385171,,21.85387841,21.98787119,22.07788483,,,,
"Xylonic acid, 2,3,4-tris-O-(trimethylsilyl)-, delta-lactone",12.57282838,11.84628039,14.0430583,9.372726265,13.29952427,13.58682918,13.63504052,13.1883691,11.78782103,16.76385171,16.97862928,17.20808923,16.97862928
Xylose,,,,,7.540516501,,,,,13.5523728,,,17.09824797