941,934,935,940,ID
3.916438176610061e-06,3.889895291349025e-05,4.307102512362269e-05,3.2908986494800884e-05,10-Heptadecenoic acid-F
,,6.854197017085001e-05,,3-Aminobutanoic acid-F
,2.6787585419746015e-05,2.6213841546508234e-05,2.080604252632017e-05,3-Hydroxypicolinic acid-F
1.1350290953525683e-05,2.9092428362042667e-05,5.729262896743729e-05,4.7459063005086846e-05,4-Pentenoic acid-F
4.305619201828444e-06,9.107782903386053e-06,6.973314190749594e-06,7.166386589034193e-06,Acetohydroxamic acid-F
1.7390712391228288e-05,2.9528927461757194e-05,,,Argininosuccinic acid-F
,6.854197017085001e-05,6.350101381471725e-05,,Butyl caprylate-F
,2.83600203602203e-05,5.3835171916323376e-05,1.0693917048042828e-07,Deoxyglucose-F
,,,,Dodecanedioic acid-F
4.190080426421601e-05,5.650563956966111e-05,4.84941585061175e-05,,Erythritol-F
3.1952970029292075e-05,9.901359718928036e-06,8.392569043058912e-06,1.0514066459711718e-05,Ethanamine-F
,8.837618555691014e-06,8.027817364163943e-06,1.3084543348858826e-05,L-Asparagine-F
,1.8648784226797527e-05,2.6443296428767492e-05,2.4064840669503068e-05,L-Glutamine-F
1.514970413027093e-05,2.4323677545534385e-05,3.1647344176765684e-05,5.650563956966111e-05,L-Hydroxyproline-F
,,8.355607329454319e-07,3.272055131890429e-05,L-Lysine-F
7.932715454133417e-06,1.836056416543893e-06,1.9511628227902818e-05,6.238935363090239e-06,L-Norvaline-F
1.4518114604552435e-05,1.1761973782469905e-05,1.7390712391228288e-05,2.3014179859151952e-05,L-Serine-F
1.1917979989316106e-05,1.9730405206250328e-05,2.929367821373273e-05,3.255935803312797e-05,N-Acetylglucosamine-F
,,1.4781676122417061e-05,2.9528927461757194e-05,Niacinamide-F
,3.3132118020880145e-06,,4.906670434602368e-05,N-Methyl-alpha-aminoisobutyric acid-F
8.027817364163943e-06,4.400464789219103e-05,3.7529811613004836e-05,2.4323677545534385e-05,Phloroglucinol-F
,3.916438176610061e-06,,4.0908209672600844e-05,Thr-Leu-F
1.603110529073754e-05,8.608358890077261e-06,4.463384885273438e-06,3.574596130795985e-06,Xanthine-F
,,,,"(2,2-Dimethyl-5-[2-(2-ethoxymethoxy)propyl][1,3]dioxolan-4-yl)methanol-F"
,2.4944204315232952e-05,,2.5649715426609503e-05,"(4,4-Dimethyl-5-methylene-4,5-dihydro-3H-pyrrol-2-yl)-(4,4-dimethyl-5-methylene-pyrrolidin-2-ylidene)-acetonitrile-F"
,,,,"(9H-fluoren-9-yl)methanol, O-methoxycarbonyl-F"
9.901359718928036e-06,6.84637212882438e-06,5.9854742218891424e-06,3.12718259383932e-05,"1(2H)-Naphthalenone, 3,4-dihydro-3,3,6,8-tetramethyl--F"
,0.00016480081606455468,0.00012470064241930977,,1-(2-Methoxy-1-methylethoxy)-2-propanol-F
,,,,"1,1'-Biphenyl, 2,2',5,5'-tetramethyl-F"
,4.190080426421601e-05,,,"1,2,4,5-Cyclohexanetetrol-F"
,,,0.0001538954015144338,"1,2,4-Butanetriol-F"
,,2.5522233466767726e-06,,"1,3-Dioxane, 2,2-dimethyl-5-hydroxy--F"
,,,,"1,4-Butanediol-F"
6.7727348997407e-06,1.2851666336797697e-06,3.1562037456670997e-06,1.910563731616014e-05,"1,5-Anhydroglucitol-F"
,,,,"1,7-Dimethyl-4-(1-methylethyl)cyclodecane-F"
1.121290687352542e-05,2.4840393181237777e-06,,2.3783645125629813e-06,11-Hydroxy-.DELTA.-9-tetrahydrocannabinol-F
3.5632149126457636e-05,3.2908986494800884e-05,3.101308615054718e-05,1.2016705068176967e-05,11-Methyldodecanol-F
,2.173879122112292e-05,1.4421832935193043e-05,5.401630854028378e-07,12-Oxooctadecanoate-F
0.00016480081606455468,3.921669419652718e-05,5.980927869482815e-07,2.2960613279423694e-06,13-Docosenamide-F
,0.00012470064241930977,,,17-alpha-Hydroxypregnenolone-F
,,,2.6110884570729686e-05,18-Methyl-nonadecanol-F
,,,4.2360097759022124e-05,1-Deoxypentitol-F
1.717122286859092e-05,9.980623081251986e-06,9.107782903386053e-06,2.7857133842763493e-06,1-Dodecanol-F
,,,,1-Dodecene-F
3.889895291349025e-05,2.735531444564817e-05,3.2908986494800884e-05,2.4944204315232952e-05,1-Hexacosene-F
3.11542014918176e-05,2.080604252632017e-05,2.6590830101793257e-05,9.075507640204865e-06,1-Hexadecanol-F
0.00013610394511230807,,,,1-Hexanol-F
,1.3966068169517631e-05,1.7005674772614e-05,1.4128713087854016e-05,"1H-Indole-2-carboxylic acid, 5-ethyl-1-(trimethylsilyl)-F"
2.6213841546508234e-05,,,,"1H-Naphtho[2,1-b]pyran, 3-ethenyldodecahydro-3,4a,7,7,10a-pentamethyl-, [3R-(3alpha,4abeta,6aalpha,10abeta,10balpha)]--F"
4.84941585061175e-05,2.6590830101793257e-05,,3.1562037456670997e-06,1-Methyl-4-hydroxy-1H-imidazol-2-amine-F
,,,,1-Monomyristin-F
,9.176438227712911e-05,0.00021840933863851285,,1-Monopalmitin-F
7.439637344533094e-05,4.1170243598062004e-05,3.685888207214996e-05,2.6787585419746015e-05,1-Octadecanol-F
,,,,1-Octanol-F
,,,,"1-Phenanthrenemethanol, 1,2,3,4,4a,9,10,10a-octahydro-1,4a-dimethyl-7-(1-methylethyl)-, [1R-(1alpha,4abeta,10aalpha)]--F"
4.1170243598062004e-05,2.7857133842763493e-06,3.574596130795985e-06,6.345107672537229e-06,"1-Propanamine, N,N-diethyl--F"
3.226693997592152e-05,4.84941585061175e-05,4.1170243598062004e-05,4.1170243598062004e-05,1-Tetracosene-F
2.2786821843590108e-05,1.5023138006759788e-05,1.3139300277277378e-05,,1-Tetradecanol-F
8.608358890077261e-06,,0.00013610394511230807,,"2',2,3,6'-Tetramethoxychalcone-F"
3.5904306679697744e-05,2.1289514608228618e-05,2.2395648107797876e-05,9.980623081251986e-06,"2,2,4-Trimethyl-1,3-pentanediol diisobutyrate-F"
6.034563130235955e-05,2.6213841546508234e-05,1.6150478282736578e-06,1.2851666336797697e-06,"2,3,4,5-Tetrahydroxypentanoic acid-1,4-lactone-F"
1.5770150150179934e-05,4.662089489572254e-06,1.1108658858579163e-05,2.83600203602203e-05,"2,3,4-Trihydroxybutyric acid-F"
7.697062205434122e-06,8.280633464815508e-06,7.486126882586817e-06,1.9383192840030995e-06,"2,3-Butanediol-F"
1.5087445303643446e-05,3.12718259383932e-05,2.0930048338659614e-05,6.5438836421960575e-06,"2,3-Dihydroxy-2-methylpropanoic acid-F"
,,,7.439637344533094e-05,"2,3-Dihydroxypropyl icosanoate-F"
,,,,"2,4,6-Tris(1,1-dimethylethyl)-4-methylcyclohexa-2,5-dien-1-one-F"
0.0004725347637260312,,,,"2,4-Di-tert-butylphenol-F"
5.158756138369421e-05,1.64960083791884e-05,2.1643036174431583e-05,9.268868110722537e-06,"2,5-Cyclohexadiene-1,4-dione, 2,6-bis(1,1-dimethylethyl)-F"
1.9261792845315355e-05,2.214010862712192e-05,1.9261792845315355e-05,3.5904306679697744e-05,"2,5-Dimethoxybenzhydrazide-F"
2.0379725737047206e-05,,,2.1834977799224203e-05,"2,5-Dimethoxymandelic acid-F"
3.1647344176765684e-05,1.2128426444807097e-05,1.5680182502759232e-05,2.1143605220811348e-05,"2,5-Dimethoxyphenol-F"
2.8126265711123824e-05,1.8277450190145645e-05,2.4944204315232952e-05,1.8484160585226226e-05,"2,5-Di-tert-butyl-4-hydroxyphenol-F"
7.817249984686151e-06,7.439637344533094e-05,9.603791893972332e-06,,"2,6-Di-O-methyl-d-galactopyranose-F"
2.847141846008686e-05,1.9511628227902818e-05,2.1834977799224203e-05,3.639191833268272e-05,"2-Allyl-1,4-dimethoxybenzene-F"
2.735531444564817e-05,2.2583294684846227e-05,1.2072245970380529e-05,,2-Amino-4-tert-butylphenol-F
9.107782903386053e-06,7.166386589034193e-06,7.932715454133417e-06,7.31820055108666e-06,2-Aminoadipic acid-F
,,1.514970413027093e-05,4.017807340153954e-05,2-Aminobutanoic acid-F
2.9092428362042667e-05,4.989954409022464e-05,3.889895291349025e-05,3.7529811613004836e-05,2-Butenedioic acid-F
4.0908209672600844e-05,3.685888207214996e-05,3.178944502057086e-05,,"2-Butenoic acid, 2-hydroxy--F"
6.350101381471725e-05,3.467651619542703e-05,2.6261233016509606e-05,1.954234271801049e-05,"2-Butenoic acid, 2-methyl-, 2-methyl-2-propenyl ester-F"
4.149837448191821e-06,8.355607329454319e-07,1.836056416543893e-06,4.6386620429870207e-07,2'-Deoxyribolactone-F
6.5438836421960575e-06,2.5522233466767726e-06,6.0356557680024845e-06,3.685888207214996e-05,2'-Desoxyuridine-F
1.2265130421583652e-05,1.0261147424161165e-05,1.4128713087854016e-05,2.6590830101793257e-05,2-Ethylacetoacetate-F
,4.463384885273438e-06,8.608358890077261e-06,4.836203143128063e-06,2-Ethylhexanoic acid-F
,,,,"2-Furanacetaldehyde, tetrahydro-alpha-F"
,,,,2-Furoic acid-F
,6.228605896150257e-05,5.2490809331963156e-05,,2-Hydroxy-2-methylbutyric acid-F
0.00010163574140595044,,,,2-Hydroxy-3-methylbutyric acid-F
1.636421583195918e-05,2.5649715426609503e-05,2.41512614558997e-05,1.9795645477592118e-05,2-Hydroxy-5-methoxybenzaldehyde-F
1.3966068169517631e-05,4.328965968016459e-05,1.38972320822724e-06,1.38972320822724e-06,2-Isopropyl-5-methyl-1-heptanol-F
7.094423427928346e-05,4.0908209672600844e-05,3.639191833268272e-05,2.4535257256643036e-05,2-Ketobutyric acid-F
,,,0.00021840933863851285,2-Ketohexanoic acid-F
,,,,"2-Methyl-4,6-dinitrophenol-F"
8.671316848159434e-05,5.908290250103023e-05,,,2-Octanol-F
4.307102512362269e-05,,,,2-Palmitoylglycerol-F
4.583419628296123e-06,1.5308412125154441e-06,3.2677213517781227e-06,6.973314190749594e-06,"2-Pentenedioic acid, 2-hydroxy--F"
2.3773058557190056e-05,,,9.107782903386053e-06,2-Pentenedioic acid-F
,,,1.2323662411938441e-05,2-Piperidinone-F
,1.6150478282736578e-06,2.931807560232721e-06,1.816004922937347e-05,"2-Propenoic acid, 2-hydroxy-3-(4-hydroxyphenyl)-F"
1.3139300277277378e-05,1.2549232521950219e-05,1.3257876091019897e-05,2.144329071869341e-05,2-Pyrrolidinone-F
,3.639191833268272e-05,3.14905036478822e-05,2.6443296428767492e-05,2-tert-Butyl-4-ethylphenol-F
2.0930048338659614e-05,1.5770150150179934e-05,4.190080426421601e-05,5.980927869482815e-07,3-(3-Hydroxyphenyl)propanoic acid-F
,,,,"3,3,5-Trimethylcyclohexan-1-ol-F"
8.784195921187054e-06,,1.536592651890115e-05,,"3,4,5-Trihydroxypentanoic acid-F"
4.017807340153954e-05,1.4128713087854016e-05,1.3670646908920618e-05,2.466747331644314e-05,"3,4-Dihydrocoumarin, 4,4-dimethyl-6-dimethylamino-F"
,0.0004725347637260312,,,"3,4-Dihydroxy-5-methyl-dihydrofuran-2-one-F"
1.1406293571200673e-05,5.3561814584747214e-05,2.6110884570729686e-05,3.2150133015745745e-05,"3,4-Dimethoxymandelic acid-F"
2.929367821373273e-05,3.8445826984092434e-05,,1.636421583195918e-05,"3,4-dimethyl-5-(3,4-methylenedioxy)phenyloxazolidine-F"
,6.602528415903965e-05,5.525347507631698e-05,4.307102512362269e-05,"3,5-Dimethylphenol-F"
,1.4864586454833728e-05,,1.887068240475639e-05,3-Amino-2-piperidone-F
,,,,3-Aminoisobutyric acid-F
,,,,3-Buten-2-one-F
,,8.837618555691014e-06,5.393937924956675e-06,3-Deoxyhexitol-F
1.4327388252791498e-05,1.4716248240761122e-05,1.3084543348858826e-05,1.0386845766700366e-05,"3-Ethyl-3-methyl-pyrrolidine-2,5-dione-F"
1.887068240475639e-05,1.8484160585226226e-05,1.2688530071147199e-05,3.8097625508837195e-05,3-Hexenedioic acid-F
1.1761973782469905e-05,7.486126882586817e-06,1.0386845766700366e-05,2.173879122112292e-05,"3-Hydroxy-2,3-dihydromaltol-F"
1.536592651890115e-05,2.8126265711123824e-05,9.834354199581247e-06,3.0457762562984163e-05,3-Hydroxybutyric acid-F
,,2.020522907284266e-05,2.488358826583987e-07,3-Hydroxyisovaleric acid-F
,2.0379725737047206e-05,3.467651619542703e-05,3.9787260803249463e-05,3-Methyl-2-furoic acid-F
,,,,3-Methyl-2-oxovaleric acid-F
,,,,3-Methylvaleric acid-F
,3.8097625508837195e-05,,3.610404236469199e-05,3-O-methyl-beta-D-Glucopyranose-F
,,,0.0001118314390849081,3-Oxo-1-cyclohexene-1-carboxylic acid-F
5.650563956966111e-05,,,,"3-Pentenoic acid, 4-methyl-F"
1.816004922937347e-05,7.932715454133417e-06,5.78660675571529e-06,1.7967467463707408e-05,3-Pyridylcarbinol-F
,,,,3-hydroxypalmitic acid-F
2.6261233016509606e-05,1.5867786125519386e-05,1.1630028902558375e-05,5.627939780306909e-06,3-Undecene-F
7.551080677310789e-05,1.1350290953525683e-05,2.2960613279423694e-06,2.360173208743259e-05,pyrazole-F
,3.101308615054718e-05,,,4-hydroxy-3-penten-2-one-F
,6.0356557680024845e-06,4.328965968016459e-05,3.668528476095749e-05,4-Aminobenzoic acid-F
,1.0514066459711718e-05,8.49036634763833e-06,4.305619201828444e-06,4-Coumaric acid-F
2.4064840669503068e-05,1.6450359872157637e-05,1.3777551865963965e-05,1.2128426444807097e-05,4-Hydroxy-5-(hydroxymethyl)oxolan-2-one-F
1.1009017472615811e-05,9.425500260985755e-06,9.486867271749878e-06,3.716970353365187e-05,4-Hydroxybenzaldehyde-F
1.6450359872157637e-05,5.120879916819872e-06,1.6302789015847792e-05,2.0930048338659614e-05,4-Hydroxybenzeneacetic acid-F
1.1630028902558375e-05,2.3783645125629813e-06,1.1350290953525683e-05,3.889895291349025e-05,4-Hydroxybenzoic acid-F
,,,,4-Hydroxybutanoic acid-F
,3.2677213517781227e-06,,1.1823612346456872e-06,4-Hydroxyphenyllactic acid-F
2.4323677545534385e-05,2.541312102594124e-05,2.532296107365242e-05,2.8667740313560866e-05,4-Methoxyphenol-F
1.3670646908920618e-05,1.3139300277277378e-05,2.3773058557190056e-05,1.7390712391228288e-05,4-Methyl-5-thiazoleethanol-F
2.144329071869341e-05,2.553707235007485e-05,2.5077891059761747e-05,1.5023138006759788e-05,4-Methylvaleric acid-F
,,,2.024810516425435e-05,"4-Nonanone, 2,6,8-trimethyl-F"
2.360173208743259e-05,1.954234271801049e-05,9.268868110722537e-06,2.735531444564817e-05,4-Pyridinol-F
4.143650717333138e-05,,,,4-Pyrimidinamine-F
,3.863825895123967e-07,,5.525347507631698e-05,4-hydroxycyclohexylacetate-F
,,,,"5,10-Diethoxy-2,3,7,8-tetrahydro-1H,6H-dipyrrolo[1,2-a:1',2'-d]pyrazine-F"
9.834354199581247e-06,1.536592651890115e-05,2.1143605220811348e-05,3.50469864040057e-05,"5,8,11-Eicosatrienoic acid-F"
,,0.0004725347637260312,,5alpha-Ergost-8(14)-ene-F
,,,,5-Amino-1-pentanol-F
2.6787585419746015e-05,6.7727348997407e-06,,,5-Aminovaleric acid-F
1.2621640375920455e-05,,1.4327388252791498e-05,,"5-Androsten-17alpha-methyl-3beta,17beta-diol-F"
,,,,5-Henicosylresorcinol-F
,0.00019189117591191356,,,5-Hydroxy-2-methylpyridine-F
,,,2.8126265711123824e-05,5-Hydroxymethyl-2-furoic acid-F
,,,5.3835171916323376e-05,5-Methyluridine-F
5.9854742218891424e-06,7.551080677310789e-05,,,5-Oxohexanoic Acid-F
,,,,5-hydroxy-n-valeric acid-F
,,4.906670434602368e-05,2.2395648107797876e-05,6-Hydroxyhexanoic acid-F
4.328965968016459e-05,1.6855473654435217e-05,1.603110529073754e-05,1.5770150150179934e-05,"7,9-Di-tert-butyl-1-oxaspiro(4,5)deca-6,9-diene-2,8-dione-F"
7.31820055108666e-06,9.746818746062618e-07,9.075507640204865e-06,4.149837448191821e-06,8-Hydroxy-5-(hydroxymethyl)quinoline-F
,,,,8-Hydroxyquinoline-2-carbaldehyde-F
,,,,"9,12-Octadecadienoic acid-F"
,5.401630854028378e-07,1.9383192840030995e-06,3.0624966559567074e-05,9H-Purin-6-ol-F
,1.4421832935193043e-05,2.4323677545534385e-05,3.863825895123967e-07,9-Octadecen-1-ol-F
0.00019189117591191356,2.2395648107797876e-05,3.534753816188769e-06,,9-Octadecenamide-F
,0.0001538954015144338,,,9-Octadecenenitrile-F
1.954234271801049e-05,1.2688530071147199e-05,2.553707235007485e-05,1.3777551865963965e-05,9-Octadecenoic acid-F
3.0624966559567074e-05,2.6110884570729686e-05,1.6450359872157637e-05,8.280633464815508e-06,"Acetamide, N-(2-butyl)-N-methyl--F"
,0.00013610394511230807,0.00019189117591191356,,"acetic acid, [(2-hydrloxyethyl)thio]--F"
,,,,"Acetin, 1,3-dihydroxy-F"
,1.717122286859092e-05,,2.283836865138379e-05,Acetoacetic acid-F
5.78660675571529e-06,,,,Aconitic acid-F
1.2072245970380529e-05,2.1643036174431583e-05,4.7459063005086846e-05,2.6261233016509606e-05,alpha-D-(+)-Talopyranose-F
6.854197017085001e-05,,,,"alpha-D-Glucopyranoside, methyl 2-(acetylamino)-2-deoxy-3-hydroxy-, cyclic methylboronate-F"
,1.9383192840030995e-06,,,alpha-D-Mannopyranose-F
,,5.650563956966111e-05,,alpha-D-Xylopyranose-F
5.3561814584747214e-05,,,2.7137523246680706e-05,alpha-Ketoisovaleric acid-F
,2.763049861118689e-05,,1.805522489530305e-05,alpha-L-(-)-Fucopyranose-F
9.268868110722537e-06,,,,"alpha-L-Galactofuranose, 6-deoxy--F"
,1.3393244608750065e-05,1.657876497583457e-05,2.931807560232721e-06,alpha-Linolenic acid-F
7.83256658946541e-05,,0.00010163574140595044,,alpha-Tocopheryl acetate-F
5.525347507631698e-05,3.5632149126457636e-05,2.735531444564817e-05,2.1932952715233096e-05,Anthranilic acid-F
1.4716248240761122e-05,8.671316848159434e-05,6.602528415903965e-05,5.729262896743729e-05,Arabinitol-F
6.684098568706045e-06,6.973314190749594e-06,2.4064840669503068e-05,2.553707235007485e-05,"Arabinofuranose, 1,2,3,5-tetrakis-F"
2.214010862712192e-05,2.41512614558997e-05,2.4535257256643036e-05,1.3670646908920618e-05,"Arabino-Hexonic acid, 2-deoxy-, gamma-lactone-F"
,,3.8445826984092434e-05,1.4544582915854815e-06,Arabinose-F
2.6590830101793257e-05,2.144329071869341e-05,1.954234271801049e-05,1.4716248240761122e-05,Arachidic acid-F
6.228605896150257e-05,,3.12718259383932e-05,,Azelaic acid-F
2.541312102594124e-05,2.466747331644314e-05,1.0732063138688449e-05,1.1630028902558375e-05,"Azetidine, 1-acetyl-2-methyl-F"
,,,,Behenic acid-F
3.668528476095749e-05,2.4838934877711078e-05,8.913241763224507e-06,2.41512614558997e-05,"Benzaldehyde, 2,5-dimethoxy-F"
,0.00021840933863851285,,,Benzeneacetic acid-F
3.12718259383932e-05,3.50469864040057e-05,3.11542014918176e-05,1.5087445303643446e-05,"Benzenepropanoic acid, 3,5-bis(1,1-dimethylethyl)-4-hydroxy-, methyl ester-F"
5.2490809331963156e-05,1.2386128150036162e-05,1.2265130421583652e-05,1.1917979989316106e-05,Benzoic Acid-F
,1.1917979989316106e-05,,5.908290250103023e-05,beta-Alanine-F
1.3084543348858826e-05,,,,beta-Arabinopyranose-F
1.6855473654435217e-05,1.1108658858579163e-05,1.805522489530305e-05,3.101308615054718e-05,beta-D-(-)-Ribopyranose-F
4.463384885273438e-06,3.4018174026168576e-05,4.2360097759022124e-05,3.467651619542703e-05,"beta-D-Galactopyranoside, methyl-, acetate-F"
2.83600203602203e-05,6.238935363090239e-06,7.697062205434122e-06,1.6450359872157637e-05,"beta-d-Glucopyranose, 2-(acetylamino)-3,6-anhydro-2-deoxy-F"
8.392569043058912e-06,9.075507640204865e-06,1.2549232521950219e-05,4.662089489572254e-06,Butanedioic acid-F
3.272055131890429e-05,,4.149837448191821e-06,,"Butanoic acid, 3,4-dihydroxy--F"
1.9511628227902818e-05,1.1009017472615811e-05,9.901359718928036e-06,1.1009017472615811e-05,Butyl Succinate-F
,,,,Cadaverine-F
,,,,Caffeic acid-F
1.8743380129594983e-05,4.906670434602368e-05,,7.486126882586817e-06,Campesterol-F
2.4944204315232952e-05,5.9854742218891424e-06,1.64960083791884e-05,3.3132118020880145e-06,Cholesterol-F
,,,4.400464789219103e-05,Cinnamic acid-F
,,7.439637344533094e-05,,"cis,cis,cis-1-Isobutyl-2,5-dimethylcyclohexane-F"
1.4781676122417061e-05,1.0643475286929393e-05,1.8277450190145645e-05,1.5680182502759232e-05,"cis-4,5-Dihydroxy-o-dithiane-F"
,2.0930048338659614e-05,,1.0643475286929393e-05,Citric acid-F
1.2549232521950219e-05,4.714610217370404e-05,3.668528476095749e-05,1.5308412125154441e-06,Cyclo(L-prolyl-L-valine)-F
,,,0.0002482324990964281,Cyclohexanecarboxylic acid-F
1.805522489530305e-05,2.360173208743259e-05,2.214010862712192e-05,1.536592651890115e-05,Cyclohexanemethanol-F
3.685888207214996e-05,2.105898820992524e-05,,2.4840393181237777e-06,Cyclohexanol-F
4.400464789219103e-05,3.7529811613004836e-05,3.0624966559567074e-05,1.3139300277277378e-05,"Cyclopenta[g]-2-benzopyran, 1,3,4,6,7,8-hexahydro-4,6,6,7,8,8-hexamethyl-F"
,,,,"Cyclopentanone, 2,4,4-trimethyl-F"
7.166386589034193e-06,5.508355273131858e-06,6.238935363090239e-06,3.375311155399184e-05,Cytosine-F
,,,,D-(-)-Citramalic acid-F
9.486867271749878e-06,8.027817364163943e-06,6.345107672537229e-06,0.00012470064241930977,D-(-)-Fructofuranose-F
9.075507640204865e-06,4.305619201828444e-06,7.166386589034193e-06,1.6150478282736578e-06,D-(-)-Fructopyranose-F
2.6443296428767492e-05,5.158756138369421e-05,6.228605896150257e-05,6.854197017085001e-05,D-(-)-Ribofuranose-F
1.616923836971354e-05,5.729262896743729e-05,9.176438227712911e-05,4.5596482094246104e-05,D-(+)-Galactopyranose-F
8.913241763224507e-06,3.042036384063328e-06,,6.228605896150257e-05,D-(+)-Glucosamine-F
,,,,"D-(+)-Ribono-1,4-lactone-F"
1.0643475286929393e-05,6.350101381471725e-05,0.0001118314390849081,0.00016480081606455468,D-(+)-Talofuranose-F
4.989954409022464e-05,5.3835171916323376e-05,3.8097625508837195e-05,8.355607329454319e-07,D-Allofuranose-F
8.736115967055024e-06,1.0732063138688449e-05,3.4018174026168576e-05,3.226693997592152e-05,D-Arabinose-F
3.2908986494800884e-05,2.1834977799224203e-05,2.5649715426609503e-05,1.2386128150036162e-05,Decanoic acid-F
5.729262896743729e-05,3.0624966559567074e-05,1.4864586454833728e-05,2.891541583068076e-05,Decyl oleate-F
2.1643036174431583e-05,1.657876497583457e-05,2.763049861118689e-05,5.78660675571529e-06,Dehydroabietic acid-F
,,,,Deoxycholic Acid-F
3.921669419652718e-05,4.143650717333138e-05,3.916438176610061e-06,4.583419628296123e-06,Deoxyribopyranose-F
,6.923810095332292e-07,2.00157898413748e-05,2.144398281291842e-06,"D-Erythro-Pentitol, 2-deoxy--F"
3.730631084829245e-06,,8.280633464815508e-06,4.84941585061175e-05,"D-Erythro-Pentofuranose, 2-deoxy-1,3-bis-O-posphate-F"
6.84637212882438e-06,2.144398281291842e-06,,6.923810095332292e-07,d-Erythrotetrofuranose-F
,1.676694893462815e-05,2.8126265711123824e-05,,Desmethylverapamil-F
,1.0894776337191838e-05,4.583419628296123e-06,,D-Fructose-F
,,1.4544582915854815e-06,1.6855473654435217e-05,D-Fucitol-F
1.676694893462815e-05,2.2960613279423694e-06,1.2621640375920455e-05,1.4111415026930075e-07,D-Glucose-F
1.2128426444807097e-05,7.697062205434122e-06,1.1406293571200673e-05,3.178944502057086e-05,Dihydrouracil-F
,1.8743380129594983e-05,2.6598217044704094e-06,2.6213841546508234e-05,Dihydroxyacetone-F
,5.525347507631698e-05,5.908290250103023e-05,,"Dimethyl hexopyranosiduronate, alpha-D-F"
1.5680182502759232e-05,6.684098568706045e-06,5.393937924956675e-06,2.2786821843590108e-05,DL-Phenylalanine-F
,7.31820055108666e-06,1.4111415026930075e-07,9.746818746062618e-07,D-Mannopyranose-F
,,4.6386620429870207e-07,7.83256658946541e-05,D-Mannose-F
2.4838934877711078e-05,4.477890534636052e-05,,,Dodecanamide-F
5.508355273131858e-06,,,,"Dodecanoic acid, isooctyl ester-F"
,,,0.0004725347637260312,Dodecanoic acid-F
,5.980927869482815e-07,,,D-Psicofuranose-F
,,7.094423427928346e-05,,D-Ribofuranose-F
,,7.975342044517285e-07,1.603110529073754e-05,D-Ribose-F
,,,,D-Xylopyranose-F
1.7005674772614e-05,2.1932952715233096e-05,3.716970353365187e-05,1.8954218216158324e-05,D-Xylose-F
4.714610217370404e-05,3.1647344176765684e-05,3.5632149126457636e-05,6.350101381471725e-05,"Erythrono-1,4-lactone-F"
4.2360097759022124e-05,1.7390712391228288e-05,2.4840393181237777e-06,1.4327388252791498e-05,Ethanolamine-F
6.973314190749594e-06,7.975342044517285e-07,6.5438836421960575e-06,1.5867786125519386e-05,Ethyl alpha-D-glucopyranoside-F
3.536093243953963e-05,2.847141846008686e-05,3.610404236469199e-05,1.9730405206250328e-05,Ethyl glycolate-F
1.9730405206250328e-05,3.5904306679697744e-05,2.7860148254991692e-05,8.736115967055024e-06,Ferulic acid-F
5.120879916819872e-06,3.574596130795985e-06,4.305619201828444e-06,6.84637212882438e-06,"Gluconolactone (3R,4S,5R,6R)-F"
1.0514066459711718e-05,1.4544582915854815e-06,5.245461032053393e-06,1.4781676122417061e-05,Glucopyranose-F
4.662089489572254e-06,3.668528476095749e-05,2.8667740313560866e-05,1.3257876091019897e-05,Glyceric acid-F
,,,,Glycerol monostearate-F
,,,,Glycerol tricaprylate-F
4.7459063005086846e-05,3.716970353365187e-05,8.736115967055024e-06,2.763049861118689e-05,Glycerol-F
1.777017388964433e-05,1.757444474833436e-05,2.2583294684846227e-05,1.8743380129594983e-05,Glycolic acid-F
3.7529811613004836e-05,2.7137523246680706e-05,2.360173208743259e-05,1.1350290953525683e-05,"Guanidine, N,N-dimethyl-F"
8.837618555691014e-06,1.4518114604552435e-05,1.4518114604552435e-05,2.532296107365242e-05,"Gulonic acid, gamma-lactone-F"
2.020522907284266e-05,1.9261792845315355e-05,1.887068240475639e-05,1.3393244608750065e-05,Heptadecanoic acid-F
,,,,Hexacosanoic acid-F
0.0001538954015144338,2.020522907284266e-05,3.3132118020880145e-06,,"Hexadecanoic acid, 4-hydroxybutyl ester-F"
2.7137523246680706e-05,1.2323662411938441e-05,1.2016705068176967e-05,8.392569043058912e-06,"Hexadecanoic acid, ethyl ester-F"
3.716970353365187e-05,1.5680182502759232e-05,1.5867786125519386e-05,7.697062205434122e-06,"Hexadecanoic acid, methyl ester-F"
5.245461032053393e-06,5.2490809331963156e-05,2.488358826583987e-07,3.1952970029292075e-05,"Hexadecanoic acid, tetradecyl ester-F"
4.5596482094246104e-05,1.603110529073754e-05,3.255935803312797e-05,8.837618555691014e-06,Hexanedioic acid-F
0.00012470064241930977,,,,Hexanoic acid-F
4.245495791478588e-06,1.6302789015847792e-05,2.2786821843590108e-05,6.684098568706045e-06,"Hexonic acid, 3-deoxy-, gamma-lactone-F"
,0.00010163574140595044,,,"Hydantoin, 5-hydroxy-F"
1.4128713087854016e-05,1.2016705068176967e-05,1.3966068169517631e-05,1.7005674772614e-05,Hydracrylic acid-F
2.1834977799224203e-05,4.017807340153954e-05,3.50469864040057e-05,1.9261792845315355e-05,Hydroquinone-F
1.8648784226797527e-05,1.939805458292396e-05,1.717122286859092e-05,2.1289514608228618e-05,Hymexazole-F
1.910563731616014e-05,8.736115967055024e-06,1.3393244608750065e-05,1.0732063138688449e-05,Idoxuridine-F
2.891541583068076e-05,1.838340221627417e-05,1.0643475286929393e-05,8.027817364163943e-06,"Inosose-2, myo-F"
1.8484160585226226e-05,,1.2386128150036162e-05,7.817249984686151e-06,Isocitric acid lactone-F
,,,,Isonicotinic Acid-F
3.2150133015745745e-05,2.283836865138379e-05,2.024810516425435e-05,1.1406293571200673e-05,Isopropyl myristate-F
3.101308615054718e-05,2.024810516425435e-05,1.910563731616014e-05,1.4421832935193043e-05,Isopropyl palmitate-F
,,4.989954409022464e-05,,Itaconic acid-F
1.6302789015847792e-05,2.3014179859151952e-05,1.4716248240761122e-05,3.534753816188769e-06,Ketamine-F
,1.1406293571200673e-05,3.0457762562984163e-05,4.190080426421601e-05,Kojic acid-F
,,1.2851666336797697e-06,3.956451497396527e-05,L-(-)-Sorbofuranose-F
,,,,L-(+)-Lactic acid-F
,3.2150133015745745e-05,2.4838934877711078e-05,,L-(+)-Rhamnopyranose-F
1.4864586454833728e-05,9.603791893972332e-06,8.784195921187054e-06,2.929367821373273e-05,L-5-Oxoproline-F
3.467651619542703e-05,7.094423427928346e-05,5.3561814584747214e-05,1.939805458292396e-05,Lactic Acid-F
,,,,L-Alanine-F
1.8954218216158324e-05,8.392569043058912e-06,1.8954218216158324e-05,3.536093243953963e-05,L-Aspartic acid-F
2.553707235007485e-05,1.887068240475639e-05,1.757444474833436e-05,1.3966068169517631e-05,Levoglucosan-F
2.080604252632017e-05,4.307102512362269e-05,4.477890534636052e-05,8.608358890077261e-06,Levulinic acid-F
6.238935363090239e-06,2.3176593250985778e-05,4.017807340153954e-05,,L-Fucose-F
1.3777551865963965e-05,4.149837448191821e-06,3.730631084829245e-06,4.143650717333138e-05,L-Glutamic acid-F
9.176438227712911e-05,7.83256658946541e-05,7.551080677310789e-05,,Lignoceric acid-F
3.639191833268272e-05,2.6261233016509606e-05,2.173879122112292e-05,5.2490809331963156e-05,L-Isoleucine-F
3.178944502057086e-05,1.777017388964433e-05,1.616923836971354e-05,7.932715454133417e-06,L-Leucine-F
,4.5596482094246104e-05,3.375311155399184e-05,9.176438227712911e-05,l-Leucyl-l-valine-F
2.024810516425435e-05,1.5087445303643446e-05,9.980623081251986e-06,1.1108658858579163e-05,L-Proline-F
8.280633464815508e-06,3.1952970029292075e-05,4.5596482094246104e-05,1.757444474833436e-05,L-Rhamnose-F
,,,,"L-Sorbopyranose, (1S,2R,3S)-F"
2.3176593250985778e-05,8.913241763224507e-06,3.042036384063328e-06,4.989954409022464e-05,L-Threonine-F
,,,,"L-Valinamide, N(2),N(2)-dimethyl-F"
1.939805458292396e-05,1.3257876091019897e-05,1.0261147424161165e-05,2.214010862712192e-05,L-Valine-F
,,,,L-Valyl-L-leucine-F
2.173879122112292e-05,1.2265130421583652e-05,5.158756138369421e-05,5.245461032053393e-06,Malic acid-F
3.610404236469199e-05,,,2.541312102594124e-05,"Mannonic acid, gamma-lactone-F"
2.8667740313560866e-05,2.1143605220811348e-05,1.6855473654435217e-05,6.7727348997407e-06,Menthol-F
1.64960083791884e-05,1.8954218216158324e-05,2.0379725737047206e-05,3.916438176610061e-06,"Methyl (3,4-dimethoxyphenyl)(hydroxy)acetate-F"
,,4.714610217370404e-05,4.328965968016459e-05,Methyl 2-acetamido-2-deoxy-3-O-methyl-alpha-D-galactopyranoside-F
,,6.034563130235955e-05,,Methyl alpha-Arabinofuranoside-F
,,0.0001538954015144338,,Methyl alpha-D-glucofuranoside-F
,,,,Methyl alpha-N-acetyl-D-galactosamine-F
1.8277450190145645e-05,,,,Methyl beta-Arabinofuranoside-F
,4.6386620429870207e-07,,8.49036634763833e-06,"Methyl galactoside (1S,2S,3S,4R,5R)-F"
2.283836865138379e-05,1.1630028902558375e-05,1.5023138006759788e-05,1.121290687352542e-05,Methyl stearate-F
,,,,Methylmaleic acid-F
1.2386128150036162e-05,3.534753816188769e-06,1.0514066459711718e-05,2.020522907284266e-05,Methylsuccinic acid-F
2.00157898413748e-05,2.488358826583987e-07,6.923810095332292e-07,,Monocaprylin-F
,,0.0002482324990964281,7.094423427928346e-05,Monolaurin-F
2.3014179859151952e-05,1.514970413027093e-05,2.144329071869341e-05,8.913241763224507e-06,Monomethyl succinate-F
2.466747331644314e-05,1.7005674772614e-05,1.676694893462815e-05,1.2072245970380529e-05,Myristic acid-F
2.9528927461757194e-05,2.6443296428767492e-05,2.3176593250985778e-05,1.2265130421583652e-05,"N,N-Diethyl-carbamate-F"
5.627939780306909e-06,6.345107672537229e-06,4.400464789219103e-05,3.042036384063328e-06,"N,N-Diethyl-2-aminoethanol-F"
1.5867786125519386e-05,3.178944502057086e-05,2.891541583068076e-05,9.486867271749878e-06,N-(2-hydroxyethyl)-succinimide-F
1.1108658858579163e-05,9.834354199581247e-06,2.9528927461757194e-05,,N-Acetyl glucosamine methoxime-F
3.8445826984092434e-05,8.49036634763833e-06,3.226693997592152e-05,8.671316848159434e-05,"N-Acetyl-D-galactosamine, (R,R,R,R)-F"
,5.245461032053393e-06,4.662089489572254e-06,1.8277450190145645e-05,N-Acetyl-L-glutamic acid-F
9.980623081251986e-06,,3.956451497396527e-05,,N-Acetyl-L-phenylalanine-F
,,,,Nadolol-F
,1.4327388252791498e-05,3.1952970029292075e-05,3.5632149126457636e-05,N-Ethyldiethanolamine-F
1.3257876091019897e-05,2.4535257256643036e-05,2.466747331644314e-05,6.034563130235955e-05,Niacin-F
,2.532296107365242e-05,2.9092428362042667e-05,2.4838934877711078e-05,N-Methyl-L-proline-F
6.602528415903965e-05,3.11542014918176e-05,2.6787585419746015e-05,1.4864586454833728e-05,n-Nonylcyclohexane-F
2.532296107365242e-05,2.2786821843590108e-05,1.5087445303643446e-05,1.2549232521950219e-05,Nonadecanoic acid-F
3.4018174026168576e-05,2.4064840669503068e-05,2.1289514608228618e-05,2.0379725737047206e-05,Nonanoic acid-F
2.4535257256643036e-05,3.14905036478822e-05,2.105898820992524e-05,1.717122286859092e-05,Norketamine-F
,,,,n-Tridecylcyclohexane-F
,6.034563130235955e-05,2.847141846008686e-05,1.6302789015847792e-05,Octadecyl octyl ether-F
3.375311155399184e-05,2.5077891059761747e-05,1.8743380129594983e-05,1.64960083791884e-05,Octanoic acid-F
2.763049861118689e-05,3.536093243953963e-05,1.121290687352542e-05,1.8648784226797527e-05,Oxalic acid-F
,,,,"Oxalic acid, isobutyl heptyl ester-F"
,1.121290687352542e-05,,1.676694893462815e-05,Palmitelaidic acid-F
4.477890534636052e-05,3.610404236469199e-05,3.863825895123967e-07,2.00157898413748e-05,Palmitic Acid-F
4.906670434602368e-05,4.2360097759022124e-05,3.5904306679697744e-05,2.3773058557190056e-05,Pantolactone-F
4.836203143128063e-06,3.4184008197819116e-06,4.245495791478588e-06,3.14905036478822e-05,Pantothenic acid-F
2.2583294684846227e-05,1.3084543348858826e-05,1.7967467463707408e-05,1.1761973782469905e-05,Pentadecanoic acid-F
1.4421832935193043e-05,3.0457762562984163e-05,3.536093243953963e-05,4.714610217370404e-05,Pentanedioic acid-F
,,,3.11542014918176e-05,"Pentanoic acid, 4-methyl-2-oxo--F"
1.2323662411938441e-05,7.817249984686151e-06,3.4184008197819116e-06,3.4184008197819116e-06,Pentanoic acid-F
6.345107672537229e-06,2.891541583068076e-05,8.671316848159434e-05,5.158756138369421e-05,"Pentitol, 3-desoxy-F"
3.0457762562984163e-05,3.272055131890429e-05,2.7137523246680706e-05,1.2688530071147199e-05,Phenol-F
2.41512614558997e-05,4.7459063005086846e-05,4.0908209672600844e-05,9.425500260985755e-06,phenoxyethanol-F
1.3393244608750065e-05,3.730631084829245e-06,2.144398281291842e-06,2.847141846008686e-05,Phenylalanine-F
,1.816004922937347e-05,,5.508355273131858e-06,Phenylpropanolamine-F
,,,,Phloretic acid-F
3.255935803312797e-05,2.00157898413748e-05,2.080604252632017e-05,1.657876497583457e-05,Phthalazin-1-one-F
,,,,Phthalimide-F
2.5649715426609503e-05,5.78660675571529e-06,7.31820055108666e-06,9.834354199581247e-06,Picolinic acid-F
5.908290250103023e-05,3.226693997592152e-05,3.921669419652718e-05,3.2677213517781227e-06,Pimelic acid-F
1.2688530071147199e-05,3.956451497396527e-05,2.541312102594124e-05,2.7860148254991692e-05,Pipecolic acid-F
,,5.401630854028378e-07,,"Pregn-4-ene-3,20-dione, 16,17-epoxy-, (16alpha)-F"
3.9787260803249463e-05,3.255935803312797e-05,1.1761973782469905e-05,1.514970413027093e-05,"Propane, 2-methyl-F"
2.1143605220811348e-05,2.7860148254991692e-05,2.3014179859151952e-05,1.0261147424161165e-05,Propanedioic acid-F
,,,,"Propanoic acid, 2-methyl-, hexyl ester-F"
,,0.00016480081606455468,,"Propanoic acid, 2-oxo-F"
,,3.2150133015745745e-05,5.9854742218891424e-06,"Propanoic acid, 2-hydroxy-3-phosphate--F"
3.14905036478822e-05,1.9795645477592118e-05,1.816004922937347e-05,9.901359718928036e-06,Propylamine-F
2.5077891059761747e-05,1.616923836971354e-05,2.283836865138379e-05,1.616923836971354e-05,Protocatechoic acid-F
2.7860148254991692e-05,,9.746818746062618e-07,7.975342044517285e-07,Putrescine-F
0.00021840933863851285,,,,Pyridoxic acid-F
,,,0.00019189117591191356,Pyridoxine-F
5.3835171916323376e-05,3.375311155399184e-05,2.1932952715233096e-05,6.0356557680024845e-06,Pyrogallol-F
,0.0002482324990964281,,,Pyroglutamic acid-F
1.5023138006759788e-05,1.7967467463707408e-05,1.9795645477592118e-05,2.5077891059761747e-05,Pyrrole-2-carboxylic acid-F
5.393937924956675e-06,1.910563731616014e-05,2.7857133842763493e-06,,Ribitol-F
1.0894776337191838e-05,,5.627939780306909e-06,3.1647344176765684e-05,Ribonic acid-F
0.0002482324990964281,4.583419628296123e-06,5.508355273131858e-06,4.463384885273438e-06,Salsoline-F
,,,0.00013610394511230807,Sebacic acid-F
1.0386845766700366e-05,2.3773058557190056e-05,2.83600203602203e-05,1.836056416543893e-06,Sedoheptulose anhydride-F
2.105898820992524e-05,9.268868110722537e-06,9.425500260985755e-06,1.4518114604552435e-05,Serine-F
,,,0.00010163574140595044,Ser-Leu-F
,0.0001118314390849081,,,Sinapinic acid-F
0.0001118314390849081,2.929367821373273e-05,1.939805458292396e-05,2.6598217044704094e-06,Stearic acid-F
,,7.83256658946541e-05,,"Stigmast-5-ene, 3beta-F"
,,,,Stigmastanol-F
2.1289514608228618e-05,9.486867271749878e-06,1.2128426444807097e-05,1.2621640375920455e-05,Suberic acid-F
3.50469864040057e-05,1.2072245970380529e-05,1.1009017472615811e-05,3.730631084829245e-06,Supraene-F
1.9795645477592118e-05,1.3670646908920618e-05,1.777017388964433e-05,2.2583294684846227e-05,Syringaldehyde-F
1.0261147424161165e-05,3.9787260803249463e-05,3.272055131890429e-05,1.0894776337191838e-05,Syringic acid-F
3.8097625508837195e-05,,3.9787260803249463e-05,,Tetrahydro-2-furanylmethanol-F
3.956451497396527e-05,1.805522489530305e-05,1.636421583195918e-05,9.603791893972332e-06,Tetrahydrogeranyl formate-F
,,,,Tetrahydrolinalool-F
7.486126882586817e-06,2.6598217044704094e-06,5.120879916819872e-06,3.8445826984092434e-05,Thymidine-F
,,,,"Thymidine, 5'-phosphate-F"
1.2016705068176967e-05,1.636421583195918e-05,4.143650717333138e-05,2.1643036174431583e-05,"Thymine, 1,3-dimethyl-6-hydroxymethyl-F"
,,,7.551080677310789e-05,trans-Coniferryl alchool-F
,,1.1917979989316106e-05,,Tributyl acetylcitrate-F
,1.38972320822724e-06,1.5308412125154441e-06,2.5522233466767726e-06,Tricine-F
2.1932952715233096e-05,1.0386845766700366e-05,1.0894776337191838e-05,1.838340221627417e-05,Triethanolamine-F
,8.784195921187054e-06,1.838340221627417e-05,6.602528415903965e-05,"Trimethylsilyl (5-benzyl-3,6-dioxopiperazin-2-yl)acetate-F"
,,,,Triphenylene-F
2.6110884570729686e-05,1.4781676122417061e-05,1.5770150150179934e-05,1.777017388964433e-05,Tripropylene glycol monomethyl ether-F
1.757444474833436e-05,1.3777551865963965e-05,1.9730405206250328e-05,5.120879916819872e-06,Trisaminol-F
1.0732063138688449e-05,6.5438836421960575e-06,4.836203143128063e-06,1.9511628227902818e-05,Tyrosine-F
1.657876497583457e-05,5.627939780306909e-06,6.84637212882438e-06,4.245495791478588e-06,Undecanoic acid-F
9.603791893972332e-06,4.836203143128063e-06,7.817249984686151e-06,2.3176593250985778e-05,Uracil-F
2.2395648107797876e-05,2.931807560232721e-06,2.3783645125629813e-06,8.784195921187054e-06,Urea-F
6.0356557680024845e-06,3.1562037456670997e-06,6.684098568706045e-06,3.4018174026168576e-05,Uridine-F
,,,2.9092428362042667e-05,Valylglycine-F
,1.2621640375920455e-05,1.2323662411938441e-05,4.477890534636052e-05,Valylvaline-F
,,,,Vanillic Acid-F
1.838340221627417e-05,1.1823612346456872e-06,1.1823612346456872e-06,2.105898820992524e-05,Vanillin-F
8.49036634763833e-06,2.8667740313560866e-05,1.8648784226797527e-05,,Xylazine-F
9.425500260985755e-06,5.393937924956675e-06,6.7727348997407e-06,3.921669419652718e-05,"Xylonic acid, delta-lactone-F"
1.7967467463707408e-05,4.245495791478588e-06,1.8484160585226226e-05,5.3561814584747214e-05,Xylose-F
4.995198132140386,10.736756735988731,,11.201351236364934,"(2S,3R)-3-[(4E,7E)-Nona-4,7-dienoyl]-N,N-bis(trimethylsilyl)oxirane-2-carboxamide-P"
,,11.040828388510004,,(6S)-5-Methyltetrahydrofolic acid-P
14.619353023994188,,,,"(7a-Isopropenyl-4,5-dimethyloctahydroinden-4-yl)methanol-P"
25.892390696266244,25.733886070696943,25.218309232050547,25.649318009728308,"(9H-fluoren-9-yl)methanol, O-methoxycarbonyl--P"
18.055156504113103,18.25980209766154,18.1669213473799,17.949139164563096,(CH3)2C=NC2H558-P
2.110156323792186,,0.18809838241208227,,(pm)-alpha-Tocopherol acetate-P
19.257374789771422,20.09036378469853,20.09036378469853,,(pm)-N-Propylamphetamine-P
28.69205932345248,29.23835207198618,28.87213728846867,28.69205932345248,(pm)-Norketamine-P
25.14635860011138,25.028185397811264,21.90533835374844,25.218309232050547,(pm)-Phenylpropanolamine-P
,13.222275426376155,12.55834916881308,13.528209117087597,"(R*,S*)-2,3-Dihydroxybutanoic acid-P"
18.0904885621857,18.45474498781332,20.322752644759877,19.50276059914064,"(S,S)-(-)-Hydrobenzoin-P"
,24.635610917841905,22.74862958605763,19.334680948623113,"1-(1-Hydroxybutyl)-2,5-dimethoxybenzene-P"
22.47529503933838,22.22411493191526,22.22411493191526,22.22411493191526,"1-(2,4-Dimethoxyphenyl)-propan-2-one-P"
14.013071079710107,13.8911681480212,13.46103353073559,13.59624594911937,1-(3-Methylphenyl)piperazine-P
,13.913914605610742,13.0414810573932,,1-(4-Hydroxybenzylidene)acetone-P
,,,,"1-(4-Methoxyphenyl)-4,6-dimethyl-2(1H)-pyrimidinone-P"
27.02680591757846,26.697626715412166,26.063297596123697,26.528555208578304,1-Aminocyclopropanecarboxylic acid-P
22.84098617702293,22.59839386212323,22.47529503933838,22.796146442761806,"1-Butanamine, N,N-diethyl--P"
,,,,"1-Cyclohexanone, 3-butyl-3-methyl--P"
15.18476109768641,15.23532520905947,15.141463023118675,15.380862844468128,1-Cyclopentylethanol-P
,,,,"1-Decanol, 2-methyl--P"
,,,,"1-Decene, 8-methyl--P"
1.8715472860133577,8.59654024064751,5.393181344000048,7.812667208754642,1-Deoxypentitol-P
,,24.42084268251031,,1-Hexadecanol-P
14.152255649776473,12.370355156368912,13.8911681480212,14.552060430703763,1-Hexanol-P
19.609109182993645,18.86991126191946,,19.711499116990446,1-Hydroxy-3-methoxy-6-methylanthraquinone-P
24.031064574203747,24.296055755975264,23.671892126953985,24.14751377517706,"1-Methyl-N,N-bis(trimethylsilyl)-4-[(trimethylsilyl)oxy]-1H-imidazol-2-amine-P"
,15.141463023118675,14.552060430703763,15.115278210386148,1-Monoacetin-P
20.764350264843177,21.33361504688028,20.783636241431658,20.509063963906744,1-Octadecanol-P
18.53389624634634,19.105468487751203,19.05888281163362,19.472135572269753,"1-Octanol, 2-butyl--P"
17.53836835873985,,13.498297803351107,16.637119023946678,1-Octanol-P
21.69663459025624,20.764350264843177,20.558454426238985,21.54386640331966,"1-Octene, 2-methyl--P"
,,,23.010471096897987,"1-Pentene, 3,3-dimethyl--P"
15.312547505559673,,15.47565088485562,16.084896995150103,1-Phenethylamine-P
22.659314467959568,21.734190536626155,22.440816535682917,22.84098617702293,"1-Phenyl-1,2-ethanediol-P"
,,,,1-Phenylethanol-P
20.244443236485743,19.941210036444026,20.004218593953787,20.12075340117764,"1-Piperazineethanol, 4-dibenzo[b,f][1,4]thiazepin-11-yl--P"
23.74789648038563,23.74789648038563,23.225200975813753,23.576912828524463,"1-Propanamine, N,N-diethyl--P"
24.726713982692264,,,,1-Tetradecanol-P
9.322476641400455,,11.82871777633233,12.244549680665429,"1,1'-Biphenyl, 3,4-diethyl--P"
25.733886070696943,25.649318009728308,25.028185397811264,25.31029933722909,"1,2-Benzenedicarboxylic acid-P"
,14.943682147714723,12.61121647485742,,"1,2-Butadiene, 1,1,4-triphenyl-3-trimethylsilyl-4-trimethylsilyloxy--P"
,,,,"1,2-Butanediol-P"
,,,,"1,2-Cyclohexanedicarboxylic acid, dinonyl ester-P"
,17.949139164563096,17.781731687172464,18.143837074478526,"1,2-Dimethoxy-4-(1-methoxyethenyl)benzene-P"
,14.78861630486796,17.04383956021415,16.929851167297944,"1,2,2-Trimethyl-1-aza-spiro[2.3]hexane-P"
,21.94867132515933,,,"1,2,3-Butanetriol-P"
20.637451546160502,,,19.105468487751203,"1,2,3,10,11,11a-Hexahydro-6,7,8-trimethoxy-3-oxo-5H-dibenzo(a,d)cycloheptene-P"
20.93520637833808,21.69663459025624,21.49828288184139,21.60303716763059,"1,3-bis[(Trimethylsilyl)ethynyl]benzene-P"
,,,,"1,3-Cyclohexanebis(methylamine)-P"
,,,,"1,3-Dioxane-4-methanol, 4,5-dimethyl--P"
13.222275426376155,13.065204093726635,12.670912522341862,,"1,3,5-Benzetriol-P"
13.675307306177306,14.323379159951227,12.370355156368912,13.8911681480212,"1,3,5-Trimethyl-1H-pyrazol-4-amine-P"
13.567653665524352,,,,"1,4-Butanediol-P"
,,,,"1,4-diazabicyclo[4.3.0]nonan-2,5-dione, 3-methyl-P"
18.33392993367499,,,,"1,4-Dioxaspiro[4.5]decane-P"
16.709726396275332,17.099234784956774,,16.709726396275332,"1,5-Anhydroglucitol-P"
,,,,10-Heptadecenoic acid-P
,,,,10-Nonadecenoic acid-P
,17.11418377323917,,,12-Hydroxyoctadecanoic acid-P
14.730320234125449,14.46552012907279,13.78281241212321,14.619353023994188,12-Oxooctadecanoate-P
23.118306937273076,22.72035035412313,15.766068583191366,23.118306937273076,13-Docosenamide-P
6.290750668447317,7.069092399102177,3.937833048399415,4.800901566367903,"15-Oxo-11Z,13E-eicosadienoic acid-P"
,,,,"1H-Inden-1-one, 2,3-dihydro-7-hydroxy-3-methyl--P"
14.348494531108996,15.219588933078839,14.81514781038685,15.870275691440584,"1H-Indole, 1-(trimethysilyl)-2,5-bis[(trimethylsilyl)oxy]--P"
14.943682147714723,16.135183810139637,15.828506576435428,15.828506576435428,"1H-Pyrazole, 3,4-bis(trimethylsilyl)--P"
16.962575204698542,18.727817380854507,17.45786157606711,17.11418377323917,"2-(2,5-Dimethoxy-phenyl)-propionaldehyde-P"
11.56313048544034,,12.524708235516822,14.323379159951227,2-(Bis[2-(trimethylsilyl)oxyethyl]amino)acetic acid-P
,,3.1640226569856056,,"2-(Decanoyloxy)propane-1,3-diyl dioctanoate-P"
,,,,"2-Acetyl-3-(1-methyl-2-pyrrolyl)-1,4-benzenediol-P"
6.726464603125888,8.148861193697549,4.800901566367903,7.717641761263741,2-Acetyl-5-chloro-3-methylbenzo(b)thiophene-P
12.524708235516822,13.130604796863784,12.46284164078222,12.880164910288897,"2-Allyl-1,4-dimethoxybenzene-P"
16.995291158114238,20.476145490187097,15.870275691440584,18.652520378910733,2-Amino-4-methylphenol-P
17.7034182178291,17.424012195600348,17.99169803078585,17.344185455509496,"2-Amino-4,6-dihydroxypyrimidine-P"
,,,,2-Aminoadipic acid-P
,,,,2-Aminobutanoic acid-P
21.49828288184139,23.576912828524463,22.949530909238465,22.74862958605763,2-Butenedioic acid-P
,,,,"2-Butenoic acid, 2-[(trimethylsilyl)oxy]--P"
13.8911681480212,13.847040903425738,13.065204093726635,13.675307306177306,2-Ethyl-3-hydroxypropionic acid-P
,,,,2-Furoic acid-P
,,,,"2-Heptanone, 4,6-dimethyl--P"
,13.969241709863779,13.176874231742685,13.498297803351107,2-Heptenoic acid-P
19.159085421600906,19.334680948623113,19.12605093276672,18.774204760741473,2-Hexen-1-ol-P
9.970680084656836,10.570147999266855,8.318873123777852,10.201537719629377,"2-Hexenoic acid, 2-[(trimethylsilyl)oxy]--P"
15.604345428122016,16.421620061468055,16.02146807781511,15.766068583191366,2-Hydroxy-2-methylbutyric acid-P
,23.06320848115337,23.576912828524463,,2-Hydroxy-3-methylbutyric acid-P
22.193443929180415,22.281792559093713,22.06635124387974,21.793981746731827,2-Hydroxy-5-methoxybenzaldehyde-P
18.652520378910733,19.05888281163362,18.99188169085507,18.369039963068985,2-Hydroxybutyric acid-P
,,,,2-Imidazolidinone-P
,,19.020461548250317,,2-Isopropyl-5-methyl-1-heptanol-P
15.23532520905947,15.575160493231738,14.943682147714723,15.312547505559673,2-Ketoisocaproic acid-P
12.834100885273674,12.670912522341862,11.970486105124227,,2-Methyl-4-pentenoic acid-P
,,,,2-Methyl-E-7-hexadecene-P
19.890260881942794,19.08619115783686,18.774204760741473,18.668616033482547,2-Methylglutaconic acid-P
16.24231347995814,16.87752785698289,16.386809500613243,16.61451919311857,2-Naphthol-P
18.479534448670165,,,,2-Oxooctanoic acid-P
,,,11.82871777633233,"2-Pentenedioic acid, 3-methyl--P"
22.59839386212323,,24.09133707455474,,2-Pentenoic acid-P
,,17.273225108573627,,2-Piperidinone-P
,,,21.582656213233918,"2-Propanone, bis(1-methylethyl)hydrazone-P"
18.25980209766154,18.106264493909755,,,"2-Propenamide, 3-phenyl-N-2-propenyl--P"
,,,,"2-Propenoic acid, 2-[(trimethylsilyl)oxy]-3-[4-[(trimethylsilyl)oxy]phenyl]--P"
,,,,"2-Propenoic acid, 2,3,3-tris[(trimethylsilyl)oxy]--P"
18.421033656025397,18.479534448670165,18.25980209766154,18.0904885621857,2-Pyrrolidinone-P
,,,,2-Trimethylsilyloxysebacic acid-P
17.099234784956774,14.69416442741775,16.24231347995814,14.46552012907279,"2,2-Diallylpyrrolidine-P"
11.071132093328854,11.27615080371497,9.970680084656836,11.27615080371497,"2,2,4-Trimethyl-1,3-pentanediol diisobutyrate-P"
,,18.143837074478526,,"2,2,8,8-Tetramethyl-3,7-dioxa-4-aza-2,8-disilanon-4-ene-P"
,,,,"2,2'-Biphenyldiol-P"
20.004218593953787,19.786825981516905,20.141901696362545,19.66436045020822,"2,3-Butanediol-P"
13.130604796863784,12.794082492199616,12.483235929338054,12.834100885273674,"2,3,4-Trihydroxybutyric acid tetrakis-P"
20.432871813708882,18.1669213473799,,19.824517331307465,"2,3,4,5-Tetrahydroxypentanoic acid-1,4-lactone-P"
17.13368947083091,14.86285571053221,13.969241709863779,16.995291158114238,"2,4-Decadienal-P"
17.344185455509496,17.781731687172464,17.625824872359566,17.53836835873985,"2,4-Diamino-6,7-dimethylpteridine-P"
14.25376461166215,,12.042568691533763,14.348494531108996,"2,4-Imidazolidinedione, 5,5-dimethyl--P"
17.92470913247229,18.58583938778719,18.298549645071528,17.92470913247229,"2,5-Cyclohexadiene-1,4-dione, 2,6-bis(1,1-dimethylethyl)--P"
11.613792463874047,13.011469134345955,,15.446974421536046,"2,5-di-tert-Butyl-1,4-benzoquinone-P"
24.635610917841905,24.14751377517706,24.14751377517706,24.635610917841905,"2,5-Di-tert-butyl-4-((trimethylsilyl)oxy)phenol-P"
,21.107926350089425,20.352665999029732,,"2,5-Di-tert-butylhydroquinone-P"
,,,19.877294583887057,"2,5-Dimethoxy-4-(n)-propylphenethylamine-P"
29.23835207198618,30.061915977945777,30.061915977945777,29.07399956066379,"2,5-Dimethoxy-4-methylamphetamine-P"
19.824517331307465,20.558454426238985,20.12075340117764,19.91473136247499,"2,5-Dimethoxybenzhydrazide-P"
19.399512994491182,20.95862660177104,,,"2,5-Dimethoxybenzonitrile-P"
12.725160801769642,14.013071079710107,10.83017029097528,,"2,5-Dimethoxymandelic acid-P"
22.72035035412313,22.796146442761806,22.796146442761806,22.281792559093713,"2,5-Dimethoxyphenol-P"
,19.890260881942794,,19.786825981516905,"2,5-Dimethyl-1-aza-bicyclo[2.2.1]heptane-P"
,,22.84098617702293,22.659314467959568,"2,5-Piperazinedione, 3-(phenylmethyl)--P"
10.83017029097528,10.872061735111837,9.454993044065306,11.040828388510004,"2,5-Piperazinedione, 3-benzyl-6-isopropyl--P"
17.625824872359566,,17.230369448974894,,"2,5-Piperazinedione, 3-methyl-6-(phenylmethyl)--P"
3.7875085471738266,5.594142138193013,0.8469290440842931,5.594142138193013,"2,6-Bis[2-[2-S-thiosulfuroethylamino]ethoxy]pyrazine-P"
,20.432871813708882,,,"2,6-Dimethoxybenzylamine-P"
,,,,"2,6-Dimethoxyhydroquinone-P"
18.898415848586676,18.421033656025397,17.7034182178291,17.810896215815806,"2,6-Dimethyl-N-[3-(trimethylsilyl)-1,3-thiazinan-2-ylidene]aniline-P"
18.68550963089702,,,,"2,6,10-Trimethyltridecane-P"
,16.48890693268778,16.135183810139637,,2'-Deoxyribolactone-P
22.796146442761806,,22.59839386212323,22.193443929180415,"2',2,3,6'-Tetramethoxychalcone-P"
16.794919963997057,17.625824872359566,16.61451919311857,18.0178868373195,3-(2-Hydroxyethyl)imidazole-2-thione-P
22.14287226668576,,,20.93520637833808,"3-(3-Cyclohexylaminopropionylamino)-5-ethylthiophene-2-carboxylic acid, ethyl ester-P"
18.369039963068985,17.45786157606711,17.099234784956774,17.882155419216044,3-Amino-2-piperidone-P
13.176874231742685,12.55834916881308,11.494800283249935,12.143927090199591,3-Amino-5-morpholinomethyl-2-oxazolidinone-P
22.74862958605763,,,,3-Aminobenzoic acid-P
19.786825981516905,19.50276059914064,19.786825981516905,19.890260881942794,3-Aminobutanoic acid-P
21.862591332617704,21.54386640331966,21.282688079946674,21.107926350089425,"3-Buten-2-one, 3-trimethylsilyloxy--P"
20.12075340117764,20.637451546160502,20.207319304619368,20.17005071394075,"3-Buten-2-one, 4-(4-methoxyphenyl)--P"
25.649318009728308,25.14635860011138,24.545543010928327,25.14635860011138,"3-Cyclohexyl-L-alanine amide, N,N,N'N'-tetramethyl--P"
,17.92470913247229,,,3-Ethylphenol-P
18.668616033482547,18.68550963089702,18.46109878691888,18.20589542995774,3-Hexenedinitrile-P
10.034935893215566,10.514360357323651,8.59654024064751,10.570147999266855,"3-Hydroxy-2,3-dihydromaltol-P"
26.528555208578304,26.79773459460216,26.935332864058115,26.063297596123697,3-Hydroxybutyric acid-P
14.292486862368166,14.752087772814258,13.716827925963031,14.490401175957505,3-Hydroxyisovaleric acid-P
17.781731687172464,15.419306692432324,16.794919963997057,17.625824872359566,3-Indoleacetic acid-P
,,,,3-Indolepropionic acid-P
28.576111494722007,28.87213728846867,28.276150698287744,28.276150698287744,"3-Methoxyamphetamine, 4-Trimethylsilyloxy, N,N-bis(Trimethylsilyloxy)--P"
27.16444445888146,,,25.49475000767739,3-Methoxysalicylic acid-P
,,,,"3-Methyl-1-(tetrahydropyrrolo[1,2-c]oxazol-3-ylidene)-butan-2-one-P"
,,11.911866062964663,,3-Methyl-2-butanol-P
23.472991187099414,23.268638665763092,23.118306937273076,23.472991187099414,"3-Methyl-2-butenoic acid, tridec-2-ynyl ester-P"
16.66661965770871,15.766068583191366,15.115278210386148,15.47565088485562,3-Methyladenine-P
,,,,"3-Methylpiperazine-2,5-dione, (R)--P"
15.724511716267651,16.24231347995814,15.575160493231738,15.686937837430403,3-Methylvaleric acid-P
18.704265562482494,19.441305226610297,19.257374789771422,19.159085421600906,3-Nonen-1-ol-P
7.069092399102177,3.937833048399415,2.110156323792186,6.107075453261778,3-Ureidopropionic acid-P
16.421620061468055,,16.87752785698289,16.566438106771546,"3,4-Dihydrocoumarin, 4,4-dimethyl-6-dimethylamino--P"
18.1669213473799,15.07580742412009,18.58583938778719,18.99188169085507,"3,4-Dihydroxymandelic acid, ethyl ester-P"
25.829557703030808,24.42084268251031,23.841007666781014,21.416123911906617,"3,4-dimethyl-5-(3,4-methylenedioxy)phenyloxazolidine-P"
9.721954700004332,9.246219268986087,,10.514360357323651,"3,4,5-Trihydroxypentanoic acid, tetrakis(trimethylsilyl)--P"
,,,,"3,5-Di-tert-butyl-2-trimethylsilyloxybenzaldehyde-P"
17.74637558667478,18.46109878691888,18.369039963068985,,"3,5-di-tert-Butyl-4-hydroxyacetophenone-P"
20.70652403918444,22.10541450003973,21.15716649191821,20.764350264843177,"3,5-Dimethyl-1,4-diallylpyrazole-P"
15.07580742412009,15.47565088485562,14.752087772814258,15.141463023118675,"3,5-Dimethylpyrazole-P"
,,,,3'-(Trimethylsilyl)oxy-beta-naphthoflavone-P
,,15.219588933078839,,3'-Hydroxyacetophenone-P
2.387815451586256,4.995198132140386,0.9060298943824465,5.393181344000048,"3beta-TRIMETHYLSILOXY-5alpha,6alpha-EPOXYCHOLESTANE-P"
8.734500306681838,7.812667208754642,4.995198132140386,8.318873123777852,"3beta,4beta-Bis(trimethylsiloxy)cholest-5-ene-P"
17.810896215815806,17.192537340007878,16.929851167297944,18.507257630874637,4-(Methoxycarbonyl)phenol-P
,,,,"4-(tert-Butylamino)-6-ethylamino-5H-1,3,5-triazin-2-one-P"
21.282688079946674,21.387303199361245,20.95862660177104,20.783636241431658,4-(Trimethylsilyoxy)-3-penten-2-one-P
,,,,"4-[2-(4,7-Dimethoxy-2H-1,3-benzodioxol-5-yl)ethenyl]-2-methoxyphenol-P"
,15.828506576435428,,15.724511716267651,4-Cumylphenol-P
22.10541450003973,22.06635124387974,21.94867132515933,21.69663459025624,"4-Fluoroaniline, N-trimethylsilyl--P"
20.17005071394075,19.159085421600906,19.91473136247499,19.257374789771422,4-Hydroxy-5-(hydroxymethyl)oxolan-2-one-P
17.04383956021415,17.13368947083091,16.995291158114238,17.07714923199533,4-Hydroxybenzaldehyde-P
12.46284164078222,12.416306253809509,11.201351236364934,12.524708235516822,4-Hydroxybenzeneacetic acid-P
18.298549645071528,18.0904885621857,17.37101850403726,17.192537340007878,4-Hydroxybenzoic acid-P
,20.509063963906744,21.33361504688028,19.28532355864026,4-Hydroxybutanoic acid-P
18.46109878691888,18.507257630874637,18.45474498781332,18.58583938778719,4-Hydroxyphenyllactic acid-P
19.941210036444026,20.0675266193533,19.890260881942794,19.441305226610297,4-Methoxyphenol-P
,,,17.273225108573627,"4-Methylethcathinone, N-acetyl--P"
17.424012195600348,17.50411610271541,17.53836835873985,17.31380941290769,4-Methylvaleric acid-P
28.276150698287744,28.69205932345248,28.576111494722007,27.95290267935469,4-Pyridinol-P
,,,,"4,4,5,8-Tetramethyl-chroman-2-one-P"
20.286589146522118,,21.030106292274233,,5-(2-Aminopropyl)-2-methylphenol-P
,,,,5-Aminovaleric acid-P
12.670912522341862,11.788039969774754,,,"5-Androsten-17alpha-methyl-3beta,17beta-diol-P"
15.656157307704538,17.07714923199533,16.52587564338855,16.05146968710499,"5-Cholesten-3beta, 7alpha-bis[(trimethylsilyl)oxy]--P"
18.20589542995774,,18.20589542995774,18.055156504113103,5-Ethyluracil-P
14.69416442741775,14.619353023994188,13.636023726950794,14.292486862368166,5-Henicosylresorcinol-P
,,20.432871813708882,,5-Hydroxy-L-tryptophan-P
7.717641761263741,7.513676344404315,5.594142138193013,8.148861193697549,5-Hydroxyquinoline-P
16.182276188513253,16.61451919311857,16.29914497978906,16.52587564338855,5-Hydroxytryptophan-P
,,27.565356847038604,27.319270389653553,5-Methyluridine-P
,,,,"5,10-Diethoxy-2,3,7,8-tetrahydro-1H,6H-dipyrrolo[1,2-a:1',2'-d]pyrazine-P"
18.45474498781332,,,18.46109878691888,"5,6-Dihydro-5-methyluracil-P"
17.882155419216044,,,18.421033656025397,"5,6-Dimethyl-4-phenyl-3-cyanopyridine-2(1H)-thione-P"
,16.386809500613243,,,"5alpha-Pregnane-3,20-dione-P"
19.91473136247499,,,,6-Hydroxyflavone-beta-D-glucoside-P
,29.61947145870131,,,6-Hydroxyflavone-P
,21.21645105386178,,22.14287226668576,"6-Methoxy-1-methyl-1,2,3,4-tetrahydroisoquinolin-7-ol-P"
12.107057376649122,12.61121647485742,10.736756735988731,11.911866062964663,"6,7,4'-Trihydroxyisoflavone-P"
,,,7.513676344404315,"6,8-Dioxapentadecane-P"
,,,,"7-(Trimethylsilyl)-2,6-bis[(trimethylsilyl)oxy]-7H-purine-P"
14.998238088832094,14.348494531108996,13.748842681290693,15.18476109768641,7-(Trimethylsilyl)amino-4-methylcoumarin-P
18.85206134570925,18.0178868373195,19.441305226610297,19.775251972024225,"7-Acetyl-6-ethyl-1,1,4,4-tetramethyltetralin-P"
23.841007666781014,24.545543010928327,24.031064574203747,24.227183213337735,"7-Isoquinolinol, 1,2,3,4-tetrahydro-1-[(4-hydroxyphenyl)methyl]-6-methoxy--P"
,,,,"7-Keto-3alpha,12-alpha-dihydroxycholanic acid-P"
23.225200975813753,23.225200975813753,22.72035035412313,23.225200975813753,"7,9-Di-tert-butyl-1-oxaspiro(4,5)deca-6,9-diene-2,8-dione-P"
,,,,8-Heptadecene-P
,,,,8-Hydroxy-5-(hydroxymethyl)quinoline-P
,22.949530909238465,22.14287226668576,21.49828288184139,9-Hexadecenoic acid-P
24.14751377517706,,23.268638665763092,,9-Octadecenamide-P
3.1640226569856056,3.7875085471738266,0.9778951007100026,4.995198132140386,9-Octadecenoic acid-P
,16.29914497978906,12.932390640462112,,"9,12-Octadecadienoic acid-P"
6.107075453261778,5.811666046257568,3.7875085471738266,7.241913292508812,"9(E),11(E)-Conjugated linoleic acid-P"
,15.380862844468128,14.619353023994188,,"9H-Fluorene, 9-methylene--P"
,,,,9H-Purin-6-ol-P
15.419306692432324,13.59624594911937,13.913914605610742,14.649709839227793,"9H-Purine, 9-(trimethylsilyl)-2,6,8-tris[(trimethylsilyl)oxy]--P"
19.020461548250317,19.609109182993645,19.20021924671807,19.31009283514499,"Acetamide, 2,2,2-trifluoro--P"
21.33361504688028,21.49828288184139,21.21645105386178,21.030106292274233,"Acetamide, N,N-diethyl--P"
22.949530909238465,22.440816535682917,22.353975239442743,22.56359367503951,"Acetic acid, bis[(trimethylsilyl)oxyl]--P"
11.387260509308708,11.387260509308708,9.851033969755363,11.494800283249935,"Acetin, bis-1,3-trimethylsilyl ether-P"
12.961931449480753,,11.788039969774754,,Acetoacetic acid-P
,,,,"Acetohydrazide, 2-(2-isopropyl-5-methylphenoxy)-N2-benzylideno--P"
11.82871777633233,10.660266727465133,10.288454557177756,11.387260509308708,Aceturic acid-P
,,,,Aconitic acid-P
,,,,Adipoyl-L-carnitine-P
22.06635124387974,,,,Albizziin-P
,,15.899448165189872,16.66661965770871,Alloxanic acid-P
24.42084268251031,25.829557703030808,24.227183213337735,24.726713982692264,Allylescaline-P
,7.717641761263741,,,alpha-D-Mannopyranose-P
,,,15.530700807431602,"alpha-L-Galactopyranoside, methyl 6-deoxy-, (R,R,R,S,S)--P"
,15.446974421536046,15.093810561445858,14.81514781038685,alpha-Linolenic acid-P
13.969241709863779,12.725160801769642,11.720535719832986,14.059922412266832,alpha-Tocopherol-P
31.853479061619407,31.853479061619407,31.853479061619407,31.853479061619407,Ammeline-P
,,,,"androst1-2,4,6,16-tetraene-3,6,17-triol-P"
,,,11.970486105124227,Arabinaric acid-P
16.566438106771546,16.929851167297944,16.421620061468055,16.460776870434668,"Arabinofuranose, 1,2,3,5-tetrakis-O--P"
,,,,"Arabinonic acid, 2,3,5-tris-O-(trimethylsilyl)-, gamma-lactone-P"
5.811666046257568,6.726464603125888,1.8715472860133577,6.726464603125888,Arachidonic acid-P
,16.962575204698542,,14.152255649776473,Arsenous acid-P
29.61947145870131,,29.61947145870131,29.61947145870131,Aspartic acid-P
21.54386640331966,23.344749452144185,23.41123570577444,21.282688079946674,Atrazine desethyl-P
13.24994391641516,13.528209117087597,12.794082492199616,13.222275426376155,Azatadine-P
,26.34096517761366,,,"Azetidine, 1-acetyl-2-methyl--P"
27.565356847038604,,24.81039951315844,25.829557703030808,"Aziridine, 1-(2-buten-2-yl)--P"
,,,,"Benzaldehyde, 2,5-dimethyl--P"
,14.998238088832094,,15.346119239082693,"Benzene, 1-acetoxy-2,6-dimethoxy-4-(2-propenyl)--P"
16.350867142371794,17.74637558667478,19.159085421600906,18.298549645071528,"Benzene, 1,1'-(1,2-cyclobutanediyl)bis--P"
20.0675266193533,19.91473136247499,19.824517331307465,19.74128457160264,"Benzene, 1,3-bis(1,1-dimethylethyl)--P"
17.37101850403726,16.637119023946678,17.50411610271541,15.07580742412009,"Benzene, 3-cyclohexen-1-yl--P"
13.498297803351107,13.46103353073559,13.675307306177306,13.374205489936509,"Benzene, 4-ethenyl-1,2-dimethoxy--P"
,,,20.207319304619368,Benzeneacetamide-P
13.636023726950794,13.42986339630258,12.880164910288897,13.847040903425738,Benzeneacetic acid-P
22.353975239442743,22.14287226668576,22.412073845395906,,"Benzeneethanamine, N-[(pentafluorophenyl)methylene]-4-[(trimethylsilyl)oxy]--P"
16.929851167297944,17.04383956021415,16.762001367149345,17.144878353218385,"Benzenemethanamine, 2,3-dimethoxy--P"
,,20.476145490187097,,"Benzenepropanoic acid, 3,5-bis(1,1-dimethylethyl)-4-hydroxy--P"
20.207319304619368,21.90533835374844,21.64857910645581,21.90533835374844,Benzenepropanoic acid-P
16.135183810139637,16.21186793109687,15.724511716267651,16.182276188513253,"Benzimidazole, 5-trifluoromethyl-2-methyl--P"
12.932390640462112,13.78281241212321,,,"Benzo[b]fluorene, 5-amino-7-methyl-1,2,3,4,6,7,8,9-octahydro-11-thia-10-aza--P"
18.0178868373195,,18.704265562482494,,"Benzoic acid, methyl ester-P"
15.575160493231738,15.686937837430403,15.446974421536046,15.656157307704538,"Benzoic acid, pentadecyl ester-P"
17.11418377323917,17.559826209358942,17.559826209358942,17.424012195600348,Benzoic Acid-P
,18.652520378910733,18.53389624634634,,Benzoin-P
14.752087772814258,15.053920839087324,14.430528344963054,14.919725821378663,Benzophenone-P
23.671892126953985,23.41123570577444,23.010471096897987,23.935065827088604,Benzyl alcohol-P
,,,,"beta-d-Fructopyranose, 1-deoxy-1-(4-morpholinyl)-2,3,4,5-tetrakis-O-(trimethylsilyl)--P"
10.872061735111837,11.201351236364934,10.201537719629377,11.613792463874047,"beta-D-Galactofuranose, 1,2,3,5,6-pentakis-O-(trimethylsilyl)--P"
,5.393181344000048,2.387815451586256,7.069092399102177,beta-D-Glucopyranose-P
12.769065585393419,15.656157307704538,15.656157307704538,13.176874231742685,beta-Hydroxypyruvic acid-P
12.794082492199616,12.961931449480753,12.725160801769642,13.24994391641516,beta-Lyxopyranose-P
15.01055800078942,15.18476109768641,15.380862844468128,,beta-Methylphenethylamine-P
7.945928238962559,7.241913292508812,,9.454993044065306,5-Hydroxyhexanoic acid-P
31.58604041896671,31.58604041896671,31.58604041896671,31.58604041896671,Bis(trimethylsilyl)acetylene-P
18.4007090311226,19.20021924671807,19.224520221109827,18.106264493909755,Bis(trimethylsilyl)histidine-P
18.929087491360015,18.85206134570925,18.832925198581503,18.80431142334577,Boric acid-P
10.201537719629377,,7.069092399102177,,"Butanal, 2,3,4-tris[(trimethylsilyl)oxy]-, O-methyloxime, [R-(R*,R*)]--P"
26.79773459460216,27.02680591757846,25.14635860011138,26.34096517761366,Butanedioic acid-P
20.141901696362545,19.67504125803435,,,"Butanoic acid, 2-methyl-3-[(trimethylsilyl)oxy]--P"
3.937833048399415,4.800901566367903,0.9997539763573776,6.290750668447317,"Butanoic acid, 2,4-bis[(trimethylsilyl)oxy]--P"
19.05888281163362,19.563930912449432,19.08619115783686,18.86991126191946,Butylated Hydroxytoluene-P
,,16.709726396275332,,Butylmethylamine-P
16.637119023946678,,17.11418377323917,,Butyrovanillone-P
0.9997539763573776,3.1640226569856056,,3.7875085471738266,Cadaverine-P
18.143837074478526,19.28532355864026,19.31009283514499,19.67504125803435,Campesterol-P
13.528209117087597,9.454993044065306,13.011469134345955,9.970680084656836,"Carbonic acid, eicosyl vinyl ester-P"
,,,,"Carbonic diamide, N,N'-dibutyl-N'-methyl--P"
,,,3.937833048399415,Carfentrazone-ethyl-P
,18.055156504113103,,,"Cephalotaxine, 3-deoxy-3,11-epoxy-, (3alpha,11alpha)--P"
,,17.882155419216044,,"Cetaben, N,O-bis(trimethylsilyl)--P"
14.86285571053221,,,,"Cholest-22-ene-21-ol, 3,5-dehydro-6-methoxy-, pivalate-P"
8.59654024064751,,,,"Cholest-5-ene, 3-(1-oxobuthoxy)--P"
11.494800283249935,12.834100885273674,11.135592306661934,12.769065585393419,"Cholest-7-en-3-ol, (3beta,5alpha)--P"
,,,,"Cholesta-2,4-diene-P"
1.3516626243795506,2.707904872036044,,,"Cholesta-3,5-dien-7-one-P"
15.115278210386148,15.870275691440584,15.269004118999842,16.386809500613243,"Cholesta-3,5-diene-P"
,,,,"Cholesterol, pentafluoropropionate-P"
11.788039969774754,18.99188169085507,17.13368947083091,17.45786157606711,Cholesterol-P
13.065204093726635,15.312547505559673,,12.961931449480753,Cinnamic acid-P
10.570147999266855,9.721954700004332,8.148861193697549,10.034935893215566,cis-4-Trimethylsilyloxy-cyclohexyl(trimethylsilyl)carboxylate-P
17.559826209358942,18.20589542995774,17.74637558667478,17.781731687172464,"cis-4,5-Dihydroxy-o-dithiane, 2O--P"
19.67504125803435,19.74128457160264,19.83768566429497,19.609109182993645,Citric acid-P
,13.0414810573932,12.769065585393419,,Cyclo-(l-leucyl-l-phenylalanyl)-P
,,,,Cyclo(L-prolyl-L-valine)-P
17.949139164563096,18.298549645071528,18.233522970115153,17.99169803078585,cyclobutanecarboxylic acid-P
,21.64857910645581,,,Cyclobutanol-P
15.053920839087324,15.115278210386148,14.46552012907279,15.01055800078942,Cyclohexanol-P
24.227183213337735,24.227183213337735,23.74789648038563,24.09133707455474,"Cyclohexanone, 3,3,5-trimethyl--P"
,15.530700807431602,15.23532520905947,14.86285571053221,"Cyclohexene, 3-butyl-3-methyl-1-trimethylsilyloxy--P"
,,,,"Cyclohexene, 3,3-dimethyl-1-(trimethylsilyloxy)--P"
13.847040903425738,14.552060430703763,13.59624594911937,13.913914605610742,"Cyclopentaneacetic acid, 3-oxo-2-pentyl--P"
13.0414810573932,12.244549680665429,9.322476641400455,13.567653665524352,"Cyclopentanone, 2,2,4-trimethyl--P"
7.513676344404315,,,9.041501334579404,D-(-)-Citramalic acid-P
14.46552012907279,17.651854657170954,18.4007090311226,17.651854657170954,"D-(-)-Fructofuranose, pentakis-P"
,,,,"D-(-)-Lyxose, tetrakis-P"
18.80431142334577,18.898415848586676,19.399512994491182,18.68550963089702,"D-(-)-Ribofuranose, tetrakis-P"
,,,,D-(+)-Glucosamine-P
9.246219268986087,7.945928238962559,6.290750668447317,8.920915483404572,"D-(+)-Ribono-1,4-lactone (R,S,R)--P"
19.441305226610297,19.399512994491182,19.877294583887057,18.704265562482494,"D-(+)-Talofuranose, pentakis-P"
,,,,"D-(+)-Xylose, tetrakis-P"
15.346119239082693,15.01055800078942,15.419306692432324,15.269004118999842,D-Arabinose-P
23.344749452144185,22.74862958605763,22.013747765218515,23.170186693268388,"D-Erythro-Pentofuranose, 2-deoxy-1,3-bis-O--P"
9.851033969755363,9.322476641400455,7.241913292508812,9.322476641400455,D-Fructose-P
,,,,D-Fucitol-P
18.832925198581503,19.775251972024225,19.609109182993645,18.929087491360015,"D-Isoleucine, N-acetyl--P"
19.28532355864026,19.12605093276672,19.58645817195534,19.05888281163362,D-Leucylglycylglycine-P
28.17553743786595,27.16444445888146,27.394260303106314,26.697626715412166,D-Mannose-P
,,17.92470913247229,,D-Ornithine-P
17.144878353218385,17.31380941290769,18.0178868373195,,D-Proline-P
24.296055755975264,23.841007666781014,23.472991187099414,23.671892126953985,"D-Psicofuranose, pentakis-P"
,14.292486862368166,,,D-Ribose-P
13.748842681290693,14.152255649776473,13.24994391641516,13.78281241212321,D-Threitol-P
20.509063963906744,20.322752644759877,14.649709839227793,20.09036378469853,"D-Xylofuranose, 1,2,3,5-tetrakis-O--P"
19.83768566429497,19.66436045020822,19.472135572269753,19.636106587463576,Decanoic acid-P
14.78861630486796,15.269004118999842,15.530700807431602,15.575160493231738,Dehydronorketamine-P
20.783636241431658,17.882155419216044,19.941210036444026,20.70652403918444,Delorazepam-P
13.011469134345955,,,12.932390640462112,Deoxycholic Acid-P
12.61121647485742,12.524708235516822,12.416306253809509,12.370355156368912,Desmosterol-P
21.793981746731827,22.412073845395906,,22.353975239442743,Dicyclohexylamine-P
19.775251972024225,18.929087491360015,18.80431142334577,18.832925198581503,Dihydrouracil-P
14.81514781038685,13.498297803351107,14.323379159951227,14.78861630486796,Dimethyl fumarate-P
21.734190536626155,21.282688079946674,21.734190536626155,20.637451546160502,"Dimethyl hexopyranosiduronate, alpha-D--P"
10.288454557177756,9.970680084656836,7.717641761263741,10.424758042576567,Dinoseb-P
14.919725821378663,15.093810561445858,14.730320234125449,15.053920839087324,Diphenyl ether-P
7.812667208754642,8.318873123777852,6.107075453261778,8.734500306681838,DL-Glyceraldehyde-P
17.50411610271541,17.230369448974894,17.949139164563096,,DL-Ornithine-P
27.84527922556969,27.394260303106314,28.069854863590923,27.777290646224767,DL-Phenylalanine-P
19.224520221109827,18.369039963068985,16.21186793109687,17.04383956021415,"DL-Proline, 5-oxo--P"
16.87752785698289,17.99169803078585,17.651854657170954,17.74637558667478,Dobutamine-P
26.063297596123697,24.09133707455474,25.829557703030808,25.892390696266244,Doconexent-P
17.31380941290769,20.244443236485743,18.929087491360015,20.004218593953787,Docosyl octyl ether-P
,,,,Dodecanamide-P
20.352665999029732,20.141901696362545,20.764350264843177,21.21645105386178,"Dodecanamide, N-(2-hydroxyethyl)--P"
17.45786157606711,17.810896215815806,16.460776870434668,20.352665999029732,"Dodecane, 4,6-dimethyl--P"
,,11.56313048544034,13.748842681290693,"Dodecanoic acid, 1-methylethyl ester-P"
18.58583938778719,18.53389624634634,18.479534448670165,18.4007090311226,Dodecanoic acid-P
21.582656213233918,21.582656213233918,21.44814892156608,21.44814892156608,Dodecylcyclohexane-P
21.15716649191821,,21.60303716763059,,Dopamine-P
,,,,Ecgonine-P
,,,,Eicosapentaenoic acid-P
23.010471096897987,22.659314467959568,22.659314467959568,22.47529503933838,Erythritol-P
16.48890693268778,17.344185455509496,17.344185455509496,16.87752785698289,"Erythrono-1,4-lactone, (Z)--P"
,,,,"Ethanamine, N,N-diethyl-2,2-dimethyl-2-[(3,5-dimethoxy)phenyl]--P"
12.244549680665429,10.201537719629377,14.152255649776473,,"Ethanol, 2-(9-octadecenyloxy)--P"
27.70226564803909,27.777290646224767,27.95290267935469,27.84527922556969,Ethanolamine-P
19.66436045020822,18.958301595411704,18.68550963089702,18.958301595411704,"Ethanone, 1-(2,5-dimethoxyphenyl)--P"
12.416306253809509,13.748842681290693,12.834100885273674,13.969241709863779,"Ethanone, 1-(5-methoxy-2-methyl-3(1H)-indolyl)--P"
12.370355156368912,12.042568691533763,10.963885692473108,12.107057376649122,Ethyl alpha-D-glucopyranoside-P
23.06320848115337,23.118306937273076,20.17005071394075,20.432871813708882,Ethyl cis-2-trimethylsilyl-cyclopropane-1-carboxylate-P
22.22411493191526,23.472991187099414,21.582656213233918,21.862591332617704,Fenitrothion-P
,,,,"Furan-2-carboxaldehyde, 5-(1-piperidyl)--P"
15.828506576435428,16.66661965770871,15.94427802185632,15.94427802185632,"Furan, 2-pentyl--P"
17.99169803078585,16.82266709864107,17.810896215815806,17.559826209358942,Galactopyranose-P
8.920915483404572,9.851033969755363,7.812667208754642,9.721954700004332,Gln-Ala-P
12.483235929338054,12.143927090199591,12.961931449480753,12.55834916881308,Glucopyranose-P
16.762001367149345,16.02146807781511,16.66661965770871,16.421620061468055,Glucose-P
14.059922412266832,13.176874231742685,13.528209117087597,13.716827925963031,Glyceric acid-P
27.319270389653553,26.063297596123697,25.892390696266244,26.79773459460216,Glycine-P
19.472135572269753,19.83768566429497,20.93520637833808,18.898415848586676,"Glycine, N-(1-oxobutyl)--P"
18.774204760741473,18.668616033482547,18.727817380854507,19.08619115783686,"Glycine, N-(N-DL-leucylglycyl)--P"
,,,12.794082492199616,"Glycine, N-[4-[(trimethylsilyl)oxy]benzoyl]--P"
25.090073509677513,24.881535840261137,24.635610917841905,24.545543010928327,Glycolic acid-P
,,,,Glycyl-l-glutamine-P
16.084896995150103,16.52587564338855,16.084896995150103,15.994603030369563,Glyoxime-P
27.655940163572666,27.565356847038604,27.319270389653553,27.394260303106314,Guanabenz-P
26.34096517761366,25.892390696266244,25.733886070696943,25.733886070696943,"Guanidine, N,N-dimethyl--P"
,,,,"Gulonic acid, gamma-lactone-P"
22.440816535682917,22.013747765218515,21.862591332617704,22.06635124387974,Heptadecanoic acid-P
19.50276059914064,19.472135572269753,19.28532355864026,19.399512994491182,Heptanoic acid-P
,17.53836835873985,17.192537340007878,16.350867142371794,Hexanedioic acid-P
24.881535840261137,24.726713982692264,24.296055755975264,24.81039951315844,Hexanoic acid-P
11.201351236364934,12.932390640462112,14.348494531108996,12.46284164078222,Hexanoylglycine-P
20.86505567765431,21.416123911906617,20.86505567765431,21.33361504688028,Hippuric acid-P
,,,,Homocysteine thiolactone-P
12.042568691533763,11.82871777633233,10.424758042576567,10.288454557177756,Hydantoic acid-P
20.95862660177104,20.93520637833808,20.509063963906744,20.0675266193533,Hydracrylic acid-P
17.192537340007878,15.899448165189872,17.144878353218385,14.943682147714723,Hydroquinidine-P
15.961734109039453,,15.053920839087324,,Hydroquinone-P
,13.24994391641516,,13.011469134345955,Indole-3-carboxaldehyde-P
13.59624594911937,12.107057376649122,12.244549680665429,13.636023726950794,Indole-3-lactic acid-P
,10.963885692473108,9.246219268986087,11.071132093328854,Indole-5-carboxylic acid-P
15.94427802185632,16.566438106771546,16.182276188513253,16.29914497978906,"Inosose-2, 1,3,4,5,6-pentakis--P"
9.041501334579404,10.034935893215566,7.945928238962559,10.736756735988731,Isofucosterol-P
21.44814892156608,18.143837074478526,18.106264493909755,21.387303199361245,Isonicotinic Acid-P
11.720535719832986,11.720535719832986,10.034935893215566,11.56313048544034,Isopropyl palmitate-P
15.446974421536046,15.94427802185632,15.07580742412009,15.419306692432324,"Isoquinoline, 3,4-dihydro-6,7-dimethoxy-1-[4-hydroxybenzyl]--P"
11.135592306661934,,9.041501334579404,10.83017029097528,Isoxaben-P
14.323379159951227,13.716827925963031,13.130604796863784,17.099234784956774,Itaconic acid-P
30.579662602000933,30.579662602000933,30.579662602000933,30.579662602000933,Ketamine-P
,,,,L-(+)-Threose-P
15.380862844468128,15.792674009198647,15.346119239082693,15.219588933078839,L-5-Oxoproline-P
26.697626715412166,27.655940163572666,27.655940163572666,27.889947503072513,L-Alanine-P
,19.58645817195534,18.85206134570925,19.224520221109827,L-Asparagine-P
21.64857910645581,21.81796830491396,20.70652403918444,21.81796830491396,L-Aspartic acid-P
,,,,L-Citrulline-P
20.322752644759877,20.86505567765431,20.286589146522118,20.244443236485743,L-Cysteine-P
21.107926350089425,21.793981746731827,21.107926350089425,21.15716649191821,L-Glutamic acid-P
19.877294583887057,19.877294583887057,19.74128457160264,18.1669213473799,L-Glutamine-P
28.069854863590923,28.069854863590923,27.02680591757846,28.17553743786595,l-Histidine ethyl ester-P
16.386809500613243,15.961734109039453,16.350867142371794,,L-Hydroxyproline-P
26.159228930822945,26.528555208578304,28.448297641583185,23.841007666781014,L-Isoleucine-P
33.56478696718541,33.56478696718541,33.56478696718541,33.56478696718541,L-Leucine-P
27.777290646224767,28.17553743786595,27.70226564803909,27.70226564803909,L-Lysine-P
,,,,"L-Lysine, ethyl ester-P"
21.21645105386178,22.353975239442743,21.69663459025624,21.734190536626155,L-Methionine-P
,,,,L-Norleucine-P
19.711499116990446,20.352665999029732,19.711499116990446,19.563930912449432,L-Ornithine-P
,27.95290267935469,27.889947503072513,28.069854863590923,L-Proline-P
10.736756735988731,11.613792463874047,10.514360357323651,10.963885692473108,L-Threitol-P
22.56359367503951,,,22.440816535682917,L-Threonine-P
30.061915977945777,28.448297641583185,29.23835207198618,30.061915977945777,L-Tryptophan-P
16.52587564338855,15.724511716267651,16.05146968710499,16.962575204698542,"L-Tryptophan, N-acetyl-1-P"
24.09133707455474,28.276150698287744,26.79773459460216,,L-Valine-P
24.545543010928327,,14.86285571053221,24.42084268251031,Lactic Acid-P
17.230369448974894,,17.07714923199533,,Latanoprost lactone diol-P
,,,,Leucylglycine-P
18.958301595411704,18.774204760741473,18.421033656025397,18.479534448670165,Levulinic acid-P
,22.56359367503951,20.244443236485743,22.949530909238465,Luteolin-P
16.82266709864107,16.995291158114238,16.82266709864107,16.794919963997057,Malic acid-P
,23.935065827088604,25.649318009728308,24.031064574203747,meso-Erythritol-P
11.970486105124227,,,,Metanephrine-P
,,,,"Methanone, [1-(4-chloropentyl)-1H-indol-3-yl](2,2,3,3-tetramethylcyclopropyl)--P"
,,0.36643840300551084,,"Methanone, [1-(5-chloropentyl)-1H-indol-3-yl](4-methyl-1-naphthalenyl)--P"
26.935332864058115,26.935332864058115,26.528555208578304,24.296055755975264,"Methyl (3,4-dimethoxyphenyl)(hydroxy)acetate-P"
,,,,"Methyl 2,4-dihydroxybenzoate-P"
16.61451919311857,17.144878353218385,18.055156504113103,17.230369448974894,Methyl alpha-Lyxofuranoside-P
10.963885692473108,11.071132093328854,9.721954700004332,11.135592306661934,Methyl aminoacetate-P
,,,9.246219268986087,"Methyl galactoside (1R,2S,3S,4R,5R)--P"
15.219588933078839,,14.78861630486796,14.998238088832094,Methyl isovanillate-P
,,,,Methyl leucinate-P
2.707904872036044,,1.3516626243795506,5.811666046257568,Methyl-3-methoxy-5-methyl benzoate-P
11.040828388510004,10.424758042576567,,10.660266727465133,Methylmalonic monoamide-P
4.800901566367903,,,,Methylsuccinic acid-P
,,,,Mirin-P
,,,,Mitoxantrone-P
,,,,"Morpholine, 4-(2,6-dimethoxybenzoyl)-2,6-dimethyl--P"
,,17.424012195600348,17.13368947083091,"Morpholine, 4-[2,3,4,6-tetrakis-O-(trimethylsilyl)-alpha-d-mannopyranosyl]--P"
25.31029933722909,25.31029933722909,24.726713982692264,25.028185397811264,Myristic acid-P
10.424758042576567,9.041501334579404,,,"N-(Trifluoroacetyl)-N,O,O'-tris(trimethylsilyl)normetanephrine-P"
21.387303199361245,,,20.86505567765431,N-(Trimethylsilyl)hexanamide-P
,20.783636241431658,,,N-Acetyl-D-galactosamine-P
16.460776870434668,16.762001367149345,16.48890693268778,16.48890693268778,N-Acetyl-L-glutamic acid-P
,,,,N-Acetyl-L-phenylalanine-P
,12.483235929338054,14.998238088832094,,N-Acetyltyrosine-P
15.766068583191366,16.05146968710499,15.312547505559673,16.135183810139637,N-alpha-Acetyl-L-Lysine-P
19.105468487751203,19.224520221109827,18.898415848586676,19.020461548250317,n-Butylamine-P
15.47565088485562,,15.18476109768641,,"N-isobutyl-2-(trimethylsilyloxy]-4,5-dihydro-1H-imidazole-1-carboxamide-P"
,21.030106292274233,,20.476145490187097,N-Isobutyl-sec-butylamine-P
,,,16.82266709864107,N-Isobutyrylglycine-P
14.228627663913358,14.490401175957505,13.42986339630258,14.25376461166215,N-Isovaleroylglycine-P
5.393181344000048,6.107075453261778,2.707904872036044,,N-Methyl-N-(tetrahydro-2-furanylmethyl)-4-piperidinamine-P
15.530700807431602,15.994603030369563,14.228627663913358,17.50411610271541,n-Pentadecanol-P
12.143927090199591,14.228627663913358,14.919725821378663,,N-Valerylglycine-P
15.093810561445858,,,15.604345428122016,"N,9-bis(Trimethylsilyl)-6-[(trimethylsilyl)oxy]-9H-purin-2-amine-P"
14.552060430703763,14.81514781038685,13.847040903425738,14.69416442741775,"N,N-Diethyl-2-aminoethanol-P"
19.58645817195534,20.12075340117764,19.50276059914064,19.20021924671807,"N,N-Dimethyl-2-cyclohexyloxyethylamine-P"
,,,,"N,N'-Bis(trimethylsilyl)trifluoroacetamidine-P"
11.27615080371497,11.494800283249935,10.660266727465133,12.61121647485742,"N,O-Bis(trimethylsilyl)carbamate-P"
21.90533835374844,20.17005071394075,21.416123911906617,,Naphthofluorescein-P
15.141463023118675,15.346119239082693,14.490401175957505,15.093810561445858,Neostigmine-P
18.106264493909755,18.233522970115153,18.0904885621857,18.45474498781332,Niacin-P
25.028185397811264,25.49475000767739,25.31029933722909,25.090073509677513,Niacinamide-P
15.994603030369563,14.919725821378663,14.059922412266832,15.792674009198647,Niclosamide-P
13.42986339630258,,,,Nitrosothymol-P
,,11.071132093328854,12.483235929338054,Nonadecanoic acid-P
15.269004118999842,15.604345428122016,15.01055800078942,15.23532520905947,Nonanal-P
8.148861193697549,,14.25376461166215,7.945928238962559,Nonanoic acid-P
28.448297641583185,28.576111494722007,28.69205932345248,28.448297641583185,Norketamine-P
,,,,"O-Methyl-N,N'-diisopropylisourea-P"
19.31009283514499,,,,Oct-1-en-3-ol-P
,,,,"Octadecanamide, N-(2-methylpropyl)-N-nitroso--P"
21.81796830491396,,22.10541450003973,21.94867132515933,Octan-2-yl palmitate-P
,,,,"Octanamide, N-(2-hydroxyethyl)--P"
12.880164910288897,11.56313048544034,11.387260509308708,13.0414810573932,"Octane, 1-propoxy--P"
21.030106292274233,21.15716649191821,20.637451546160502,20.558454426238985,Octanoic acid-P
,14.059922412266832,13.222275426376155,14.228627663913358,Octocrylene-P
,25.218309232050547,26.34096517761366,27.16444445888146,Octopamine-P
,,,,Ornithine-P
19.74128457160264,19.824517331307465,19.636106587463576,19.83768566429497,Oxalic acid-P
,,,,"Oxalic acid, allyl octyl ester-P"
20.09036378469853,20.207319304619368,19.775251972024225,19.941210036444026,p-Hydroxydiisopropylbenzene-P
7.241913292508812,8.920915483404572,6.726464603125888,,p-Toluic acid-P
23.268638665763092,22.84098617702293,23.935065827088604,23.74789648038563,Palmitelaidic acid-P
16.05146968710499,21.44814892156608,23.06320848115337,23.41123570577444,Palmitic Acid-P
17.273225108573627,17.37101850403726,17.31380941290769,17.37101850403726,Pantolactone-P
,,,,Pantothenic acid-P
,,,,Pentacosanoic acid-P
22.281792559093713,,21.793981746731827,22.013747765218515,Pentadecanoic acid-P
,,,,"Pentanedioic acid, 2-[(trimethylsilyl)oxy]--P"
,,8.734500306681838,,"Pentanedioic acid, 2,4-bis[(trimethylsilyl)oxy]-P"
8.318873123777852,8.734500306681838,5.811666046257568,8.59654024064751,"Pentanedioic acid, 3-methyl-3-[(trimethylsilyl)oxy]--P"
16.21186793109687,17.7034182178291,16.637119023946678,16.762001367149345,Pentanoic acid-P
14.430528344963054,14.649709839227793,14.013071079710107,14.430528344963054,"Pentenoic acid, 4-[(trimethylsilyl)oxy]--P"
,12.769065585393419,,,Pentylone-P
,,,,Petroselinic acid-P
,,,,Phenanthridin-6-ol-P
19.12605093276672,,,,"Phenol, 3,5-bis(1,1-dimethylethyl)--P"
18.233522970115153,18.704265562482494,18.33392993367499,18.33392993367499,Phenol-P
15.870275691440584,16.182276188513253,15.792674009198647,15.961734109039453,Phenoxyacetic acid-P
18.86991126191946,19.020461548250317,18.958301595411704,18.85206134570925,phenoxyethanol-P
29.07399956066379,29.07399956066379,29.07399956066379,28.87213728846867,Phenylalanine-P
28.87213728846867,27.84527922556969,28.17553743786595,28.576111494722007,Phenylpropanolamine-P
,14.25376461166215,,,Phlorizin-P
15.792674009198647,16.084896995150103,15.686937837430403,16.02146807781511,Phloroglucinol-P
17.07714923199533,18.4007090311226,18.507257630874637,17.7034182178291,Phosalone-P
,,,,Phthalazin-1-one-P
20.558454426238985,20.70652403918444,20.0675266193533,20.286589146522118,Picolinic acid-P
13.46103353073559,,12.107057376649122,12.670912522341862,Pimelic acid-P
23.935065827088604,25.090073509677513,25.090073509677513,23.06320848115337,Pipecolic acid-P
21.60303716763059,,,,"Piperidine, 1-(1-methylpentyl)--P"
21.94867132515933,16.350867142371794,21.81796830491396,21.64857910645581,"Pregn-16-en-20-one, 3,18-bis(acetyloxy)-14,15-epoxy-, (3beta,5alpha,14beta,15beta)--P"
12.55834916881308,12.46284164078222,11.27615080371497,12.725160801769642,"Propanetriol, 2-methyl--P"
19.20021924671807,19.31009283514499,19.105468487751203,19.12605093276672,"Propanoic acid, 2-methyl--P"
,19.711499116990446,,,"Propanoic acid, 2-oxo--P"
,17.273225108573627,16.962575204698542,,"Propiophenone, 3',4'-dimethoxy--P"
11.911866062964663,11.911866062964663,10.570147999266855,11.788039969774754,Propylamine-P
,,,,"Pyrazine, 3,6-dihydro-3,6-dimethyl--P"
,18.80431142334577,19.66436045020822,,"Pyrazine, 3,6-dimethyl-2,5-bis(trimethylsilyloxy)--P"
14.649709839227793,14.730320234125449,14.69416442741775,14.013071079710107,"Pyrimidine, 5-methyl-2,4-bis[(trimethylsilyl)oxy]--P"
25.218309232050547,,25.49475000767739,23.344749452144185,Pyroglutamic acid-P
27.95290267935469,27.889947503072513,27.84527922556969,27.565356847038604,Pyrrole-2-carboxylic acid-P
17.651854657170954,,,,"Pyrrolo[1,2-a]pyrazine-1,4-dione, hexahydro-3-(2-methylpropyl)-P"
,,,,"Pyrrolo[1,2-a]pyrazine-3-propanamide, 2,3,6,7,8,8a-hexahydro-1,4-dioxo--P"
25.49475000767739,,,,Quazodine-P
19.563930912449432,21.862591332617704,21.54386640331966,20.141901696362545,"Quinolin-4-one, 1-[2-(3,4-dimethoxyphenyl)ethyl]-octahydro--P"
,,,,"Quinoline, 2,4-dimethyl--P"
,11.135592306661934,,10.872061735111837,Ribitol-P
,24.031064574203747,26.159228930822945,24.881535840261137,"Ribonic acid, 2,3,4,5-tetrakis--P"
16.02146807781511,16.709726396275332,15.994603030369563,16.24231347995814,S-Methyl-L-cysteine-P
15.899448165189872,16.460776870434668,15.604345428122016,16.21186793109687,Salsoline-P
,,,26.935332864058115,Sedoheptulose anhydride-P
21.416123911906617,21.60303716763059,21.387303199361245,20.95862660177104,Ser-Leu-P
,,,29.23835207198618,Serine-P
5.594142138193013,6.290750668447317,,,Sertraline carbamoyl glucuronide-P
,,,,Sinomenin-P
19.334680948623113,19.257374789771422,18.86991126191946,18.727817380854507,"Spiro[cyclopenta[d]-1,3,2-dioxaborin-4(5H),1'-cyclopentane], 2-ethyl-6,7-dihydro--P"
,10.83017029097528,,,Spironolactone-P
20.476145490187097,26.159228930822945,15.961734109039453,18.25980209766154,Stearic acid-P
10.514360357323651,11.970486105124227,10.872061735111837,12.416306253809509,"Stigmast-5-ene, 3beta--P"
13.78281241212321,12.880164910288897,11.613792463874047,12.042568691533763,Suberic acid-P
18.99188169085507,20.004218593953787,19.67504125803435,20.322752644759877,Succinic anhydride-P
13.374205489936509,13.636023726950794,12.143927090199591,13.46103353073559,Supraene-P
27.889947503072513,27.70226564803909,27.777290646224767,27.655940163572666,Syringaldehyde-P
15.686937837430403,13.675307306177306,,14.752087772814258,"Tacrine, N-trimethylsilyl--P"
,,,,"Talonic acid, gamma-lactone-P"
10.660266727465133,11.040828388510004,8.920915483404572,11.720535719832986,Tartronic acid-P
,,,,Tetradecanenitrile-P
18.727817380854507,18.832925198581503,18.652520378910733,18.53389624634634,"Thiazolo[4,5-f]quinoline, 2,9-dimethyl--P"
,,,,Thymidine-P
,,,13.065204093726635,"Thymine, 1,3-dimethyl-6-(trimethylsilyloxymethyl)--P"
19.08619115783686,18.33392993367499,18.668616033482547,18.233522970115153,Tributyl acetylcitrate-P
,,27.16444445888146,,Tricine-P
9.454993044065306,10.288454557177756,7.513676344404315,9.851033969755363,Triethanolamine-P
,,,,"Trimethylsilyl (5-benzyl-3,6-dioxopiperazin-2-yl)acetate-P"
14.490401175957505,14.430528344963054,14.292486862368166,14.730320234125449,Trimethylsilyl 3-((trimethylsilyl)thio)propanoate-P
22.013747765218515,22.47529503933838,22.281792559093713,22.72035035412313,Trimethylsilyl oct-2-enoate-P
18.507257630874637,20.286589146522118,19.563930912449432,,Trimidox-P
27.394260303106314,27.319270389653553,26.697626715412166,27.02680591757846,Tris(trimethylsilyl)carbamate-P
16.29914497978906,16.794919963997057,16.566438106771546,15.899448165189872,Trisaminol-P
19.636106587463576,19.636106587463576,19.334680948623113,19.58645817195534,L-Tyrosine-P
,,,,Undecanedioic acid-P
23.170186693268388,23.170186693268388,23.344749452144185,22.59839386212323,Uracil-P
24.81039951315844,24.81039951315844,24.881535840261137,26.159228930822945,Urea-P
13.716827925963031,13.567653665524352,13.567653665524352,13.130604796863784,Uridine-P
22.412073845395906,22.193443929180415,22.193443929180415,22.10541450003973,Valylglycine-P
,,,13.42986339630258,Vanillylmandelic acid-P
23.576912828524463,23.010471096897987,22.56359367503951,22.412073845395906,Xylazine-P
23.41123570577444,23.671892126953985,23.170186693268388,23.268638665763092,Xylitol-P
,,,,"Xylonic acid, 2,3,4-tris-O-(trimethylsilyl)-, delta-lactone-P"
13.913914605610742,13.374205489936509,13.374205489936509,,Xylose-P
