ID,LPS_934_150124,LPS_935_150124,LPS_936_150124,LPS_939_150124,LPS_940_150124,LPS_941_150124,LPS_942_150124
GROUP,LPS_CTRL,LPS_CTRL,LPS_CTRL,LPS_CTRL,LPS_CTRL,LPS_CTRL,LPS_CTRL
"(2S,3R)-3-[(4E,7E)-Nona-4,7-dienoyl]-N,N-bis(trimethylsilyl)oxirane-2-carboxamide ",10.736756735988731,,,11.494800283249935,11.201351236364934,4.995198132140386,
(6S)-5-Methyltetrahydrofolic acid,,11.040828388510004,,11.720535719832986,,,
"(7a-Isopropenyl-4,5-dimethyloctahydroinden-4-yl)methanol",,,,14.490401175957505,,14.619353023994188,
"(9H-fluoren-9-yl)methanol, O-methoxycarbonyl-",25.733886070696943,25.218309232050547,26.063297596123697,25.892390696266244,25.649318009728308,25.892390696266244,26.063297596123697
(CH3)2C=NC2H558,18.25980209766154,18.1669213473799,18.233522970115153,17.99169803078585,17.949139164563096,18.055156504113103,18.369039963068985
(pm)-alpha-Tocopherol acetate,,0.18809838241208227,,,,2.110156323792186,
(pm)-N-Propylamphetamine,20.09036378469853,20.09036378469853,,,,19.257374789771422,
(pm)-Norketamine,29.23835207198618,28.87213728846867,28.069854863590923,28.87213728846867,28.69205932345248,28.69205932345248,29.23835207198618
(pm)-Phenylpropanolamine,25.028185397811264,21.90533835374844,24.14751377517706,24.031064574203747,25.218309232050547,25.14635860011138,25.14635860011138
"(R*,S*)-2,3-Dihydroxybutanoic acid",13.222275426376155,12.55834916881308,13.065204093726635,,13.528209117087597,,13.498297803351107
"(S,S)-(-)-Hydrobenzoin",18.45474498781332,20.322752644759877,19.890260881942794,19.020461548250317,19.50276059914064,18.0904885621857,17.559826209358942
"1-(1-Hydroxybutyl)-2,5-dimethoxybenzene ",24.635610917841905,22.74862958605763,22.353975239442743,20.12075340117764,19.334680948623113,,
"1-(2,4-Dimethoxyphenyl)-propan-2-one",22.22411493191526,22.22411493191526,22.22411493191526,22.193443929180415,22.22411493191526,22.47529503933838,22.659314467959568
1-(3-Methylphenyl)piperazine,13.8911681480212,13.46103353073559,13.528209117087597,13.675307306177306,13.59624594911937,14.013071079710107,14.619353023994188
1-(4-Hydroxybenzylidene)acetone,13.913914605610742,13.0414810573932,13.8911681480212,,,,
"1-(4-Methoxyphenyl)-4,6-dimethyl-2(1H)-pyrimidinone",,,,,,,16.66661965770871
1-Aminocyclopropanecarboxylic acid,26.697626715412166,26.063297596123697,26.79773459460216,26.159228930822945,26.528555208578304,27.02680591757846,26.697626715412166
"1-Butanamine, N,N-diethyl-",22.59839386212323,22.47529503933838,22.56359367503951,22.56359367503951,22.796146442761806,22.84098617702293,22.796146442761806
"1-Cyclohexanone, 3-butyl-3-methyl-",,,,,,,
1-Cyclopentylethanol,15.23532520905947,15.141463023118675,15.346119239082693,15.18476109768641,15.380862844468128,15.18476109768641,15.575160493231738
"1-Decanol, 2-methyl-",,,,,,,
"1-Decene, 8-methyl-",,,14.752087772814258,,,,
1-Deoxypentitol,8.59654024064751,5.393181344000048,7.812667208754642,7.513676344404315,7.812667208754642,1.8715472860133577,5.811666046257568
1-Hexadecanol,,24.42084268251031,23.06320848115337,25.090073509677513,,,
1-Hexanol,12.370355156368912,13.8911681480212,13.42986339630258,14.292486862368166,14.552060430703763,14.152255649776473,13.748842681290693
1-Hydroxy-3-methoxy-6-methylanthraquinone,18.86991126191946,,,19.224520221109827,19.711499116990446,19.609109182993645,19.50276059914064
"1-Methyl-N,N-bis(trimethylsilyl)-4-[(trimethylsilyl)oxy]-1H-imidazol-2-amine",24.296055755975264,23.671892126953985,24.227183213337735,23.841007666781014,24.14751377517706,24.031064574203747,24.227183213337735
1-Monoacetin,15.141463023118675,14.552060430703763,14.998238088832094,14.619353023994188,15.115278210386148,,15.269004118999842
1-Octadecanol,21.33361504688028,20.783636241431658,20.637451546160502,20.95862660177104,20.509063963906744,20.764350264843177,20.70652403918444
"1-Octanol, 2-butyl-",19.105468487751203,19.05888281163362,18.0904885621857,19.12605093276672,19.472135572269753,18.53389624634634,20.764350264843177
1-Octanol,,13.498297803351107,16.87752785698289,12.042568691533763,16.637119023946678,17.53836835873985,18.106264493909755
"1-Octene, 2-methyl-",20.764350264843177,20.558454426238985,20.783636241431658,20.93520637833808,21.54386640331966,21.69663459025624,21.69663459025624
"1-Pentene, 3,3-dimethyl-",,,,,23.010471096897987,,
1-Phenethylamine,,15.47565088485562,15.380862844468128,,16.084896995150103,15.312547505559673,16.929851167297944
"1-Phenyl-1,2-ethanediol",21.734190536626155,22.440816535682917,21.030106292274233,22.440816535682917,22.84098617702293,22.659314467959568,22.84098617702293
1-Phenylethanol,,,,,,,
"1-Piperazineethanol, 4-dibenzo[b,f][1,4]thiazepin-11-yl-",19.941210036444026,20.004218593953787,20.141901696362545,20.0675266193533,20.12075340117764,20.244443236485743,20.509063963906744
"1-Propanamine, N,N-diethyl- ",23.74789648038563,23.225200975813753,23.576912828524463,23.472991187099414,23.576912828524463,23.74789648038563,23.935065827088604
1-Tetradecanol,,,,24.635610917841905,,24.726713982692264,
"1,1'-Biphenyl, 3,4-diethyl-",,11.82871777633233,,,12.244549680665429,9.322476641400455,11.720535719832986
"1,2-Benzenedicarboxylic acid",25.649318009728308,25.028185397811264,25.31029933722909,25.218309232050547,25.31029933722909,25.733886070696943,25.733886070696943
"1,2-Butadiene, 1,1,4-triphenyl-3-trimethylsilyl-4-trimethylsilyloxy-",14.943682147714723,12.61121647485742,14.013071079710107,14.430528344963054,,,15.141463023118675
"1,2-Butanediol",,,,23.74789648038563,,,
"1,2-Cyclohexanedicarboxylic acid, dinonyl ester",,,,,,,
"1,2-Dimethoxy-4-(1-methoxyethenyl)benzene",17.949139164563096,17.781731687172464,18.0178868373195,17.810896215815806,18.143837074478526,,
"1,2,2-Trimethyl-1-aza-spiro[2.3]hexane",14.78861630486796,17.04383956021415,16.05146968710499,16.929851167297944,16.929851167297944,,
"1,2,3-Butanetriol",21.94867132515933,,,,,,
"1,2,3,10,11,11a-Hexahydro-6,7,8-trimethoxy-3-oxo-5H-dibenzo(a,d)cycloheptene",,,,18.898415848586676,19.105468487751203,20.637451546160502,19.05888281163362
"1,3-bis[(Trimethylsilyl)ethynyl]benzene",21.69663459025624,21.49828288184139,21.60303716763059,21.107926350089425,21.60303716763059,20.93520637833808,21.862591332617704
"1,3-Cyclohexanebis(methylamine)",,,,,,,
"1,3-Dioxane-4-methanol, 4,5-dimethyl-",,,,14.059922412266832,,,
"1,3,5-Benzetriol",13.065204093726635,12.670912522341862,12.725160801769642,13.24994391641516,,13.222275426376155,12.834100885273674
"1,3,5-Trimethyl-1H-pyrazol-4-amine",14.323379159951227,12.370355156368912,13.498297803351107,13.636023726950794,13.8911681480212,13.675307306177306,13.78281241212321
"1,4-Butanediol",,,,12.880164910288897,,13.567653665524352,13.065204093726635
"1,4-diazabicyclo[4.3.0]nonan-2,5-dione, 3-methyl ",,,15.724511716267651,15.686937837430403,,,14.348494531108996
"1,4-Dioxaspiro[4.5]decane",,,,,,18.33392993367499,
"1,5-Anhydroglucitol",17.099234784956774,,16.762001367149345,16.566438106771546,16.709726396275332,16.709726396275332,14.86285571053221
10-Heptadecenoic acid,,,,,,,
10-Nonadecenoic acid,,,,,,,
12-Hydroxyoctadecanoic acid,17.11418377323917,,,,,,
12-Oxooctadecanoate,14.46552012907279,13.78281241212321,13.78281241212321,,14.619353023994188,14.730320234125449,14.752087772814258
13-Docosenamide,22.72035035412313,15.766068583191366,23.118306937273076,23.344749452144185,23.118306937273076,23.118306937273076,23.225200975813753
"15-Oxo-11Z,13E-eicosadienoic acid",7.069092399102177,3.937833048399415,6.290750668447317,6.107075453261778,4.800901566367903,6.290750668447317,3.7875085471738266
"1H-Inden-1-one, 2,3-dihydro-7-hydroxy-3-methyl- ",,,,,,,
"1H-Indole, 1-(trimethysilyl)-2,5-bis[(trimethylsilyl)oxy]-",15.219588933078839,14.81514781038685,15.766068583191366,15.724511716267651,15.870275691440584,14.348494531108996,15.724511716267651
"1H-Pyrazole, 3,4-bis(trimethylsilyl)-",16.135183810139637,15.828506576435428,15.446974421536046,14.919725821378663,15.828506576435428,14.943682147714723,15.766068583191366
"2-(2,5-Dimethoxy-phenyl)-propionaldehyde",18.727817380854507,17.45786157606711,17.273225108573627,17.37101850403726,17.11418377323917,16.962575204698542,17.45786157606711
2-(Bis[2-(trimethylsilyl)oxyethyl]amino)acetic acid,,12.524708235516822,13.24994391641516,,14.323379159951227,11.56313048544034,14.649709839227793
"2-(Decanoyloxy)propane-1,3-diyl dioctanoate",,3.1640226569856056,5.811666046257568,5.594142138193013,,,
"2-Acetyl-3-(1-methyl-2-pyrrolyl)-1,4-benzenediol",,,,,,,15.656157307704538
2-Acetyl-5-chloro-3-methylbenzo(b)thiophene,8.148861193697549,4.800901566367903,7.945928238962559,7.241913292508812,7.717641761263741,6.726464603125888,4.995198132140386
"2-Allyl-1,4-dimethoxybenzene",13.130604796863784,12.46284164078222,12.880164910288897,12.670912522341862,12.880164910288897,12.524708235516822,11.970486105124227
2-Amino-4-methylphenol,20.476145490187097,15.870275691440584,17.192537340007878,18.958301595411704,18.652520378910733,16.995291158114238,16.52587564338855
"2-Amino-4,6-dihydroxypyrimidine",17.424012195600348,17.99169803078585,18.1669213473799,17.74637558667478,17.344185455509496,17.7034182178291,17.625824872359566
2-Aminoadipic acid,,,17.651854657170954,16.135183810139637,,,16.962575204698542
2-Aminobutanoic acid,,,,18.46109878691888,,,
2-Butenedioic acid,23.576912828524463,22.949530909238465,24.726713982692264,23.170186693268388,22.74862958605763,21.49828288184139,23.118306937273076
"2-Butenoic acid, 2-[(trimethylsilyl)oxy]-",,,,,,,
2-Ethyl-3-hydroxypropionic acid,13.847040903425738,13.065204093726635,13.567653665524352,13.567653665524352,13.675307306177306,13.8911681480212,13.847040903425738
2-Furoic acid,,,,12.961931449480753,,,
"2-Heptanone, 4,6-dimethyl-",,,,,,,
2-Heptenoic acid,13.969241709863779,13.176874231742685,13.374205489936509,13.528209117087597,13.498297803351107,,14.228627663913358
2-Hexen-1-ol,19.334680948623113,19.12605093276672,19.020461548250317,19.334680948623113,18.774204760741473,19.159085421600906,19.257374789771422
"2-Hexenoic acid, 2-[(trimethylsilyl)oxy]-",10.570147999266855,8.318873123777852,9.454993044065306,9.970680084656836,10.201537719629377,9.970680084656836,10.034935893215566
2-Hydroxy-2-methylbutyric acid,16.421620061468055,16.02146807781511,15.961734109039453,15.656157307704538,15.766068583191366,15.604345428122016,15.604345428122016
2-Hydroxy-3-methylbutyric acid,23.06320848115337,23.576912828524463,24.031064574203747,,,,23.671892126953985
2-Hydroxy-5-methoxybenzaldehyde,22.281792559093713,22.06635124387974,21.94867132515933,21.90533835374844,21.793981746731827,22.193443929180415,22.22411493191526
2-Hydroxybutyric acid,19.05888281163362,18.99188169085507,18.106264493909755,,18.369039963068985,18.652520378910733,
2-Imidazolidinone,,,,,,,
2-Isopropyl-5-methyl-1-heptanol ,,19.020461548250317,,,,,
2-Ketoisocaproic acid,15.575160493231738,14.943682147714723,15.269004118999842,15.219588933078839,15.312547505559673,15.23532520905947,
2-Methyl-4-pentenoic acid,12.670912522341862,11.970486105124227,12.670912522341862,12.416306253809509,,12.834100885273674,14.292486862368166
2-Methyl-E-7-hexadecene,,,,,,,12.932390640462112
2-Methylglutaconic acid,19.08619115783686,18.774204760741473,19.66436045020822,19.711499116990446,18.668616033482547,19.890260881942794,19.12605093276672
2-Naphthol,16.87752785698289,16.386809500613243,16.637119023946678,16.29914497978906,16.61451919311857,16.24231347995814,17.04383956021415
2-Oxooctanoic acid,,,,,,18.479534448670165,
"2-Pentenedioic acid, 3-methyl-",,,11.27615080371497,,11.82871777633233,,
2-Pentenoic acid,,24.09133707455474,24.42084268251031,,,22.59839386212323,24.726713982692264
2-Piperidinone,,17.273225108573627,17.344185455509496,,,,
"2-Propanone, bis(1-methylethyl)hydrazone",,,,,21.582656213233918,,
"2-Propenamide, 3-phenyl-N-2-propenyl-",18.106264493909755,,18.958301595411704,17.882155419216044,,18.25980209766154,18.298549645071528
"2-Propenoic acid, 2-[(trimethylsilyl)oxy]-3-[4-[(trimethylsilyl)oxy]phenyl]-",,,,,,,
"2-Propenoic acid, 2,3,3-tris[(trimethylsilyl)oxy]-",,,,,,,
2-Pyrrolidinone,18.479534448670165,18.25980209766154,18.25980209766154,18.45474498781332,18.0904885621857,18.421033656025397,18.479534448670165
2-Trimethylsilyloxysebacic acid,,,,,,,0.36643840300551084
"2,2-Diallylpyrrolidine",14.69416442741775,16.24231347995814,17.099234784956774,,14.46552012907279,17.099234784956774,
"2,2,4-Trimethyl-1,3-pentanediol diisobutyrate",11.27615080371497,9.970680084656836,10.424758042576567,10.963885692473108,11.27615080371497,11.071132093328854,11.135592306661934
"2,2,8,8-Tetramethyl-3,7-dioxa-4-aza-2,8-disilanon-4-ene",,18.143837074478526,17.99169803078585,17.53836835873985,,,16.29914497978906
"2,2'-Biphenyldiol",,,,,,,
"2,3-Butanediol",19.786825981516905,20.141901696362545,19.609109182993645,20.004218593953787,19.66436045020822,20.004218593953787,19.877294583887057
"2,3,4-Trihydroxybutyric acid tetrakis",12.794082492199616,12.483235929338054,12.794082492199616,12.794082492199616,12.834100885273674,13.130604796863784,11.788039969774754
"2,3,4,5-Tetrahydroxypentanoic acid-1,4-lactone",18.1669213473799,,,,19.824517331307465,20.432871813708882,
"2,4-Decadienal",14.86285571053221,13.969241709863779,14.348494531108996,17.11418377323917,16.995291158114238,17.13368947083091,17.230369448974894
"2,4-Diamino-6,7-dimethylpteridine",17.781731687172464,17.625824872359566,17.74637558667478,15.870275691440584,17.53836835873985,17.344185455509496,17.92470913247229
"2,4-Imidazolidinedione, 5,5-dimethyl-",,12.042568691533763,,,14.348494531108996,14.25376461166215,14.552060430703763
"2,5-Cyclohexadiene-1,4-dione, 2,6-bis(1,1-dimethylethyl)-",18.58583938778719,18.298549645071528,18.421033656025397,18.1669213473799,17.92470913247229,17.92470913247229,18.53389624634634
"2,5-di-tert-Butyl-1,4-benzoquinone",13.011469134345955,,,,15.446974421536046,11.613792463874047,
"2,5-Di-tert-butyl-4-((trimethylsilyl)oxy)phenol",24.14751377517706,24.14751377517706,24.296055755975264,24.14751377517706,24.635610917841905,24.635610917841905,24.635610917841905
"2,5-Di-tert-butylhydroquinone",21.107926350089425,20.352665999029732,,20.476145490187097,,,20.352665999029732
"2,5-Dimethoxy-4-(n)-propylphenethylamine",,,,22.72035035412313,19.877294583887057,,
"2,5-Dimethoxy-4-methylamphetamine",30.061915977945777,30.061915977945777,30.061915977945777,29.61947145870131,29.07399956066379,29.23835207198618,29.07399956066379
"2,5-Dimethoxybenzhydrazide",20.558454426238985,20.12075340117764,20.244443236485743,19.941210036444026,19.91473136247499,19.824517331307465,19.786825981516905
"2,5-Dimethoxybenzonitrile",20.95862660177104,,,18.668616033482547,,19.399512994491182,19.334680948623113
"2,5-Dimethoxymandelic acid",14.013071079710107,10.83017029097528,13.011469134345955,9.721954700004332,,12.725160801769642,13.0414810573932
"2,5-Dimethoxyphenol",22.796146442761806,22.796146442761806,22.796146442761806,22.659314467959568,22.281792559093713,22.72035035412313,22.72035035412313
"2,5-Dimethyl-1-aza-bicyclo[2.2.1]heptane",19.890260881942794,,20.70652403918444,,19.786825981516905,,
"2,5-Piperazinedione, 3-(phenylmethyl)-",,22.84098617702293,,,22.659314467959568,,
"2,5-Piperazinedione, 3-benzyl-6-isopropyl-",10.872061735111837,9.454993044065306,10.288454557177756,10.660266727465133,11.040828388510004,10.83017029097528,10.736756735988731
"2,5-Piperazinedione, 3-methyl-6-(phenylmethyl)-",,17.230369448974894,17.144878353218385,,,17.625824872359566,17.810896215815806
"2,6-Bis[2-[2-S-thiosulfuroethylamino]ethoxy]pyrazine",5.594142138193013,0.8469290440842931,,3.1640226569856056,5.594142138193013,3.7875085471738266,1.8715472860133577
"2,6-Dimethoxybenzylamine",20.432871813708882,,,20.09036378469853,,,
"2,6-Dimethoxyhydroquinone",,,,,,,
"2,6-Dimethyl-N-[3-(trimethylsilyl)-1,3-thiazinan-2-ylidene]aniline",18.421033656025397,17.7034182178291,18.33392993367499,18.479534448670165,17.810896215815806,18.898415848586676,18.0904885621857
"2,6,10-Trimethyltridecane",,,,,,18.68550963089702,
2'-Deoxyribolactone,16.48890693268778,16.135183810139637,,,,,
"2',2,3,6'-Tetramethoxychalcone",,22.59839386212323,22.47529503933838,22.59839386212323,22.193443929180415,22.796146442761806,19.563930912449432
3-(2-Hydroxyethyl)imidazole-2-thione,17.625824872359566,16.61451919311857,17.31380941290769,16.709726396275332,18.0178868373195,16.794919963997057,18.0178868373195
"3-(3-Cyclohexylaminopropionylamino)-5-ethylthiophene-2-carboxylic acid, ethyl ester",,,21.64857910645581,19.636106587463576,20.93520637833808,22.14287226668576,21.60303716763059
3-Amino-2-piperidone,17.45786157606711,17.099234784956774,17.781731687172464,17.651854657170954,17.882155419216044,18.369039963068985,18.86991126191946
3-Amino-5-morpholinomethyl-2-oxazolidinone,12.55834916881308,11.494800283249935,12.143927090199591,12.107057376649122,12.143927090199591,13.176874231742685,
3-Aminobenzoic acid,,,22.281792559093713,,,22.74862958605763,22.56359367503951
3-Aminobutanoic acid,19.50276059914064,19.786825981516905,19.91473136247499,19.609109182993645,19.890260881942794,19.786825981516905,20.12075340117764
"3-Buten-2-one, 3-trimethylsilyloxy-",21.54386640331966,21.282688079946674,21.33361504688028,21.49828288184139,21.107926350089425,21.862591332617704,21.44814892156608
"3-Buten-2-one, 4-(4-methoxyphenyl)-",20.637451546160502,20.207319304619368,20.352665999029732,20.244443236485743,20.17005071394075,20.12075340117764,19.711499116990446
"3-Cyclohexyl-L-alanine amide, N,N,N'N'-tetramethyl-",25.14635860011138,24.545543010928327,24.81039951315844,24.81039951315844,25.14635860011138,25.649318009728308,25.218309232050547
3-Ethylphenol,17.92470913247229,,,,,,
3-Hexenedinitrile,18.68550963089702,18.46109878691888,18.58583938778719,18.53389624634634,18.20589542995774,18.668616033482547,18.80431142334577
"3-Hydroxy-2,3-dihydromaltol",10.514360357323651,8.59654024064751,10.83017029097528,10.288454557177756,10.570147999266855,10.034935893215566,9.721954700004332
3-Hydroxybutyric acid,26.79773459460216,26.935332864058115,26.935332864058115,26.34096517761366,26.063297596123697,26.528555208578304,26.34096517761366
3-Hydroxyisovaleric acid,14.752087772814258,13.716827925963031,14.228627663913358,14.013071079710107,14.490401175957505,14.292486862368166,14.69416442741775
3-Indoleacetic acid,15.419306692432324,16.794919963997057,16.82266709864107,16.87752785698289,17.625824872359566,17.781731687172464,17.53836835873985
3-Indolepropionic acid,,,,,,,
"3-Methoxyamphetamine, 4-Trimethylsilyloxy, N,N-bis(Trimethylsilyloxy)-",28.87213728846867,28.276150698287744,28.69205932345248,28.69205932345248,28.276150698287744,28.576111494722007,28.276150698287744
3-Methoxysalicylic acid,,,,26.935332864058115,25.49475000767739,27.16444445888146,
"3-Methyl-1-(tetrahydropyrrolo[1,2-c]oxazol-3-ylidene)-butan-2-one",,,22.949530909238465,,,,
3-Methyl-2-butanol,,11.911866062964663,,,,,15.446974421536046
"3-Methyl-2-butenoic acid, tridec-2-ynyl ester",23.268638665763092,23.118306937273076,23.225200975813753,23.41123570577444,23.472991187099414,23.472991187099414,
3-Methyladenine,15.766068583191366,15.115278210386148,15.419306692432324,15.23532520905947,15.47565088485562,16.66661965770871,15.530700807431602
"3-Methylpiperazine-2,5-dione, (R)-",,,,,,,
3-Methylvaleric acid,16.24231347995814,15.575160493231738,16.21186793109687,15.446974421536046,15.686937837430403,15.724511716267651,15.828506576435428
3-Nonen-1-ol,19.441305226610297,19.257374789771422,19.257374789771422,19.20021924671807,19.159085421600906,18.704265562482494,
3-Ureidopropionic acid,3.937833048399415,2.110156323792186,6.726464603125888,5.393181344000048,6.107075453261778,7.069092399102177,0.9060298943824465
"3,4-Dihydrocoumarin, 4,4-dimethyl-6-dimethylamino-",,16.87752785698289,17.7034182178291,16.61451919311857,16.566438106771546,16.421620061468055,17.144878353218385
"3,4-Dihydroxymandelic acid, ethyl ester",15.07580742412009,18.58583938778719,15.01055800078942,18.25980209766154,18.99188169085507,18.1669213473799,18.774204760741473
"3,4-dimethyl-5-(3,4-methylenedioxy)phenyloxazolidine",24.42084268251031,23.841007666781014,25.028185397811264,25.028185397811264,21.416123911906617,25.829557703030808,22.14287226668576
"3,4,5-Trihydroxypentanoic acid, tetrakis(trimethylsilyl)-",9.246219268986087,,,,10.514360357323651,9.721954700004332,9.041501334579404
"3,5-Di-tert-butyl-2-trimethylsilyloxybenzaldehyde",,,,,,,
"3,5-di-tert-Butyl-4-hydroxyacetophenone",18.46109878691888,18.369039963068985,,18.507257630874637,,17.74637558667478,18.68550963089702
"3,5-Dimethyl-1,4-diallylpyrazole",22.10541450003973,21.15716649191821,21.44814892156608,21.582656213233918,20.764350264843177,20.70652403918444,21.81796830491396
"3,5-Dimethylpyrazole",15.47565088485562,14.752087772814258,15.093810561445858,15.01055800078942,15.141463023118675,15.07580742412009,15.380862844468128
3'-(Trimethylsilyl)oxy-beta-naphthoflavone,,,16.48890693268778,17.273225108573627,,,
3'-Hydroxyacetophenone,,15.219588933078839,,,,,
"3beta-TRIMETHYLSILOXY-5alpha,6alpha-EPOXYCHOLESTANE",4.995198132140386,0.9060298943824465,,1.3516626243795506,5.393181344000048,2.387815451586256,0.9997539763573776
"3beta,4beta-Bis(trimethylsiloxy)cholest-5-ene",7.812667208754642,4.995198132140386,7.513676344404315,6.726464603125888,8.318873123777852,8.734500306681838,7.241913292508812
4-(Methoxycarbonyl)phenol,17.192537340007878,16.929851167297944,17.559826209358942,17.099234784956774,18.507257630874637,17.810896215815806,16.709726396275332
"4-(tert-Butylamino)-6-ethylamino-5H-1,3,5-triazin-2-one",,,16.182276188513253,15.961734109039453,,,
4-(Trimethylsilyoxy)-3-penten-2-one,21.387303199361245,20.95862660177104,21.107926350089425,20.558454426238985,20.783636241431658,21.282688079946674,21.15716649191821
"4-[2-(4,7-Dimethoxy-2H-1,3-benzodioxol-5-yl)ethenyl]-2-methoxyphenol",,,,,,,
4-Cumylphenol,15.828506576435428,,,,15.724511716267651,,15.792674009198647
"4-Fluoroaniline, N-trimethylsilyl-",22.06635124387974,21.94867132515933,21.793981746731827,21.862591332617704,21.69663459025624,22.10541450003973,22.281792559093713
4-Hydroxy-5-(hydroxymethyl)oxolan-2-one,19.159085421600906,19.91473136247499,19.31009283514499,19.50276059914064,19.257374789771422,20.17005071394075,18.507257630874637
4-Hydroxybenzaldehyde,17.13368947083091,16.995291158114238,16.995291158114238,17.230369448974894,17.07714923199533,17.04383956021415,17.651854657170954
4-Hydroxybenzeneacetic acid,12.416306253809509,11.201351236364934,12.834100885273674,12.370355156368912,12.524708235516822,12.46284164078222,11.494800283249935
4-Hydroxybenzoic acid,18.0904885621857,17.37101850403726,18.20589542995774,18.106264493909755,17.192537340007878,18.298549645071528,17.424012195600348
4-Hydroxybutanoic acid,20.509063963906744,21.33361504688028,19.83768566429497,20.509063963906744,19.28532355864026,,
4-Hydroxyphenyllactic acid,18.507257630874637,18.45474498781332,18.055156504113103,18.80431142334577,18.58583938778719,18.46109878691888,18.85206134570925
4-Methoxyphenol,20.0675266193533,19.890260881942794,19.67504125803435,19.83768566429497,19.441305226610297,19.941210036444026,20.09036378469853
"4-Methylethcathinone, N-acetyl-",,,,,17.273225108573627,,
4-Methylvaleric acid,17.50411610271541,17.53836835873985,17.625824872359566,17.45786157606711,17.31380941290769,17.424012195600348,17.99169803078585
4-Pyridinol,28.69205932345248,28.576111494722007,28.17553743786595,28.448297641583185,27.95290267935469,28.276150698287744,28.17553743786595
"4,4,5,8-Tetramethyl-chroman-2-one",,,,,,,
5-(2-Aminopropyl)-2-methylphenol,,21.030106292274233,20.509063963906744,,,20.286589146522118,
5-Aminovaleric acid,,,,,,,
"5-Androsten-17alpha-methyl-3beta,17beta-diol",11.788039969774754,,12.46284164078222,11.56313048544034,,12.670912522341862,11.201351236364934
"5-Cholesten-3beta, 7alpha-bis[(trimethylsilyl)oxy]- ",17.07714923199533,16.52587564338855,16.29914497978906,16.21186793109687,16.05146968710499,15.656157307704538,16.762001367149345
5-Ethyluracil,,18.20589542995774,,,18.055156504113103,18.20589542995774,18.46109878691888
5-Henicosylresorcinol,14.619353023994188,13.636023726950794,14.430528344963054,14.152255649776473,14.292486862368166,14.69416442741775,14.81514781038685
5-Hydroxy-L-tryptophan,,20.432871813708882,,,,,
5-Hydroxyquinoline,7.513676344404315,5.594142138193013,,8.148861193697549,8.148861193697549,7.717641761263741,7.069092399102177
5-Hydroxytryptophan,16.61451919311857,16.29914497978906,16.460776870434668,16.182276188513253,16.52587564338855,16.182276188513253,16.87752785698289
5-Methyluridine,,27.565356847038604,,,27.319270389653553,,
"5,10-Diethoxy-2,3,7,8-tetrahydro-1H,6H-dipyrrolo[1,2-a:1',2'-d]pyrazine ",,,,,,,8.734500306681838
"5,6-Dihydro-5-methyluracil",,,19.28532355864026,18.58583938778719,18.46109878691888,18.45474498781332,18.652520378910733
"5,6-Dimethyl-4-phenyl-3-cyanopyridine-2(1H)-thione",,,,18.929087491360015,18.421033656025397,17.882155419216044,19.824517331307465
"5alpha-Pregnane-3,20-dione",16.386809500613243,,,16.24231347995814,,,
6-Hydroxyflavone-beta-D-glucoside,,,,,,19.91473136247499,
6-Hydroxyflavone,29.61947145870131,,,,,,
"6-Methoxy-1-methyl-1,2,3,4-tetrahydroisoquinolin-7-ol ",21.21645105386178,,20.95862660177104,22.353975239442743,22.14287226668576,,
"6,7,4'-Trihydroxyisoflavone",12.61121647485742,10.736756735988731,11.494800283249935,,11.911866062964663,12.107057376649122,11.387260509308708
"6,8-Dioxapentadecane",,,6.107075453261778,,7.513676344404315,,5.393181344000048
"7-(Trimethylsilyl)-2,6-bis[(trimethylsilyl)oxy]-7H-purine",,,,,,,
7-(Trimethylsilyl)amino-4-methylcoumarin,14.348494531108996,13.748842681290693,,,15.18476109768641,14.998238088832094,14.490401175957505
"7-Acetyl-6-ethyl-1,1,4,4-tetramethyltetralin ",18.0178868373195,19.441305226610297,18.774204760741473,21.030106292274233,19.775251972024225,18.85206134570925,20.141901696362545
"7-Isoquinolinol, 1,2,3,4-tetrahydro-1-[(4-hydroxyphenyl)methyl]-6-methoxy-",24.545543010928327,24.031064574203747,24.881535840261137,23.935065827088604,24.227183213337735,23.841007666781014,24.031064574203747
"7-Keto-3alpha,12-alpha-dihydroxycholanic acid",,,,15.093810561445858,,,13.675307306177306
"7,9-Di-tert-butyl-1-oxaspiro(4,5)deca-6,9-diene-2,8-dione",23.225200975813753,22.72035035412313,22.59839386212323,23.225200975813753,23.225200975813753,23.225200975813753,24.14751377517706
8-Heptadecene,,,,,,,
8-Hydroxy-5-(hydroxymethyl)quinoline,,,,,,,
9-Hexadecenoic acid,22.949530909238465,22.14287226668576,22.659314467959568,21.387303199361245,21.49828288184139,,21.107926350089425
9-Octadecenamide,,23.268638665763092,24.635610917841905,21.734190536626155,,24.14751377517706,21.282688079946674
9-Octadecenoic acid,3.7875085471738266,0.9778951007100026,3.1640226569856056,1.8715472860133577,4.995198132140386,3.1640226569856056,0.8469290440842931
"9,12-Octadecadienoic acid",16.29914497978906,12.932390640462112,15.115278210386148,10.034935893215566,,,
"9(E),11(E)-Conjugated linoleic acid",5.811666046257568,3.7875085471738266,,,7.241913292508812,6.107075453261778,
"9H-Fluorene, 9-methylene-",15.380862844468128,14.619353023994188,14.86285571053221,,,,15.419306692432324
9H-Purin-6-ol,,,,,,,
"9H-Purine, 9-(trimethylsilyl)-2,6,8-tris[(trimethylsilyl)oxy]-",13.59624594911937,13.913914605610742,14.323379159951227,14.25376461166215,14.649709839227793,15.419306692432324,12.483235929338054
"Acetamide, 2,2,2-trifluoro-",19.609109182993645,19.20021924671807,19.12605093276672,19.441305226610297,19.31009283514499,19.020461548250317,19.472135572269753
"Acetamide, N,N-diethyl-",21.49828288184139,21.21645105386178,21.282688079946674,21.21645105386178,21.030106292274233,21.33361504688028,21.21645105386178
"Acetic acid, bis[(trimethylsilyl)oxyl]-",22.440816535682917,22.353975239442743,22.412073845395906,22.412073845395906,22.56359367503951,22.949530909238465,22.74862958605763
"Acetin, bis-1,3-trimethylsilyl ether",11.387260509308708,9.851033969755363,10.736756735988731,,11.494800283249935,11.387260509308708,10.963885692473108
Acetoacetic acid,,11.788039969774754,12.524708235516822,12.524708235516822,,12.961931449480753,12.670912522341862
"Acetohydrazide, 2-(2-isopropyl-5-methylphenoxy)-N2-benzylideno-",,,,,,,
Aceturic acid,10.660266727465133,10.288454557177756,,10.872061735111837,11.387260509308708,11.82871777633233,10.660266727465133
Aconitic acid,,,,,,,14.152255649776473
Adipoyl-L-carnitine,,,,,,,
Albizziin,,,,,,22.06635124387974,
Alloxanic acid,,15.899448165189872,,17.781731687172464,16.66661965770871,,
Allylescaline ,25.829557703030808,24.227183213337735,25.14635860011138,24.42084268251031,24.726713982692264,24.42084268251031,24.881535840261137
alpha-D-Mannopyranose,7.717641761263741,,,,,,
"alpha-L-Galactopyranoside, methyl 6-deoxy-, (R,R,R,S,S)-",,,,,15.530700807431602,,17.07714923199533
alpha-Linolenic acid,15.446974421536046,15.093810561445858,15.141463023118675,14.943682147714723,14.81514781038685,,14.323379159951227
alpha-Tocopherol,12.725160801769642,11.720535719832986,12.107057376649122,12.244549680665429,14.059922412266832,13.969241709863779,13.176874231742685
Ammeline,31.853479061619407,31.853479061619407,31.853479061619407,31.853479061619407,31.853479061619407,31.853479061619407,31.853479061619407
"androst1-2,4,6,16-tetraene-3,6,17-triol",,,,,,,
Arabinaric acid,,,9.970680084656836,10.201537719629377,11.970486105124227,,
"Arabinofuranose, 1,2,3,5-tetrakis-O-",16.929851167297944,16.421620061468055,16.386809500613243,16.66661965770871,16.460776870434668,16.566438106771546,17.37101850403726
"Arabinonic acid, 2,3,5-tris-O-(trimethylsilyl)-, gamma-lactone",,,,,,,
Arachidonic acid,6.726464603125888,1.8715472860133577,5.594142138193013,4.995198132140386,6.726464603125888,5.811666046257568,2.707904872036044
Arsenous acid,16.962575204698542,,13.0414810573932,,14.152255649776473,,
Aspartic acid,,29.61947145870131,29.61947145870131,29.23835207198618,29.61947145870131,29.61947145870131,
Atrazine desethyl,23.344749452144185,23.41123570577444,23.268638665763092,22.22411493191526,21.282688079946674,21.54386640331966,20.95862660177104
Azatadine,13.528209117087597,12.794082492199616,13.176874231742685,12.932390640462112,13.222275426376155,13.24994391641516,12.61121647485742
"Azetidine, 1-acetyl-2-methyl-",26.34096517761366,,,25.649318009728308,,,
"Aziridine, 1-(2-buten-2-yl)-",,24.81039951315844,23.841007666781014,,25.829557703030808,27.565356847038604,26.528555208578304
"Benzaldehyde, 2,5-dimethyl-",,,,,,,
"Benzene, 1-acetoxy-2,6-dimethoxy-4-(2-propenyl)-",14.998238088832094,,,,15.346119239082693,,15.686937837430403
"Benzene, 1,1'-(1,2-cyclobutanediyl)bis-",17.74637558667478,19.159085421600906,17.50411610271541,19.399512994491182,18.298549645071528,16.350867142371794,19.74128457160264
"Benzene, 1,3-bis(1,1-dimethylethyl)-",19.91473136247499,19.824517331307465,19.441305226610297,19.824517331307465,19.74128457160264,20.0675266193533,20.0675266193533
"Benzene, 3-cyclohexen-1-yl-",16.637119023946678,17.50411610271541,16.962575204698542,18.421033656025397,15.07580742412009,17.37101850403726,18.055156504113103
"Benzene, 4-ethenyl-1,2-dimethoxy-",13.46103353073559,13.675307306177306,13.222275426376155,13.498297803351107,13.374205489936509,13.498297803351107,13.374205489936509
Benzeneacetamide,,,21.734190536626155,21.69663459025624,20.207319304619368,,20.432871813708882
Benzeneacetic acid,13.42986339630258,12.880164910288897,13.59624594911937,13.46103353073559,13.847040903425738,13.636023726950794,12.725160801769642
"Benzeneethanamine, N-[(pentafluorophenyl)methylene]-4-[(trimethylsilyl)oxy]-",22.14287226668576,22.412073845395906,,22.74862958605763,,22.353975239442743,22.013747765218515
"Benzenemethanamine, 2,3-dimethoxy-",17.04383956021415,16.762001367149345,17.04383956021415,16.762001367149345,17.144878353218385,16.929851167297944,17.31380941290769
"Benzenepropanoic acid, 3,5-bis(1,1-dimethylethyl)-4-hydroxy-",,20.476145490187097,,,,,
Benzenepropanoic acid,21.90533835374844,21.64857910645581,22.14287226668576,22.06635124387974,21.90533835374844,20.207319304619368,21.793981746731827
"Benzimidazole, 5-trifluoromethyl-2-methyl-",16.21186793109687,15.724511716267651,15.994603030369563,15.766068583191366,16.182276188513253,16.135183810139637,16.182276188513253
"Benzo[b]fluorene, 5-amino-7-methyl-1,2,3,4,6,7,8,9-octahydro-11-thia-10-aza-",13.78281241212321,,13.130604796863784,12.55834916881308,,12.932390640462112,
"Benzoic acid, methyl ester",,18.704265562482494,19.105468487751203,17.92470913247229,,18.0178868373195,
"Benzoic acid, pentadecyl ester",15.686937837430403,15.446974421536046,15.604345428122016,15.380862844468128,15.656157307704538,15.575160493231738,15.870275691440584
Benzoic Acid,17.559826209358942,17.559826209358942,17.230369448974894,17.04383956021415,17.424012195600348,17.11418377323917,18.421033656025397
Benzoin,18.652520378910733,18.53389624634634,17.424012195600348,16.386809500613243,,,
Benzophenone,15.053920839087324,14.430528344963054,14.619353023994188,14.649709839227793,14.919725821378663,14.752087772814258,15.115278210386148
Benzyl alcohol,23.41123570577444,23.010471096897987,23.41123570577444,22.949530909238465,23.935065827088604,23.671892126953985,23.472991187099414
"beta-d-Fructopyranose, 1-deoxy-1-(4-morpholinyl)-2,3,4,5-tetrakis-O-(trimethylsilyl)-",,,,,,,12.46284164078222
"beta-D-Galactofuranose, 1,2,3,5,6-pentakis-O-(trimethylsilyl)-",11.201351236364934,10.201537719629377,10.872061735111837,11.135592306661934,11.613792463874047,10.872061735111837,10.872061735111837
beta-D-Glucopyranose,5.393181344000048,2.387815451586256,4.995198132140386,3.937833048399415,7.069092399102177,,4.800901566367903
beta-Hydroxypyruvic acid,15.656157307704538,15.656157307704538,12.244549680665429,12.143927090199591,13.176874231742685,12.769065585393419,11.613792463874047
beta-Lyxopyranose,12.961931449480753,12.725160801769642,12.961931449480753,12.725160801769642,13.24994391641516,12.794082492199616,12.143927090199591
beta-Methylphenethylamine,15.18476109768641,15.380862844468128,15.47565088485562,15.604345428122016,,15.01055800078942,
 5-Hydroxyhexanoic acid,7.241913292508812,,,7.812667208754642,9.454993044065306,7.945928238962559,6.290750668447317
Bis(trimethylsilyl)acetylene,31.58604041896671,31.58604041896671,31.58604041896671,31.58604041896671,31.58604041896671,31.58604041896671,31.58604041896671
Bis(trimethylsilyl)histidine,19.20021924671807,19.224520221109827,18.99188169085507,18.652520378910733,18.106264493909755,18.4007090311226,18.898415848586676
Boric acid,18.85206134570925,18.832925198581503,18.85206134570925,18.68550963089702,18.80431142334577,18.929087491360015,19.28532355864026
"Butanal, 2,3,4-tris[(trimethylsilyl)oxy]-, O-methyloxime, [R-(R*,R*)]-",,7.069092399102177,,7.945928238962559,,10.201537719629377,7.513676344404315
Butanedioic acid,27.02680591757846,25.14635860011138,27.319270389653553,26.697626715412166,26.34096517761366,26.79773459460216,25.829557703030808
"Butanoic acid, 2-methyl-3-[(trimethylsilyl)oxy]-",19.67504125803435,,20.12075340117764,19.67504125803435,,20.141901696362545,
"Butanoic acid, 2,4-bis[(trimethylsilyl)oxy]-",4.800901566367903,0.9997539763573776,3.937833048399415,2.387815451586256,6.290750668447317,3.937833048399415,2.110156323792186
Butylated Hydroxytoluene,19.563930912449432,19.08619115783686,19.224520221109827,19.105468487751203,18.86991126191946,19.05888281163362,19.08619115783686
Butylmethylamine,,16.709726396275332,16.794919963997057,,,,17.099234784956774
Butyrovanillone,,17.11418377323917,,,,16.637119023946678,
Cadaverine,3.1640226569856056,,2.707904872036044,,3.7875085471738266,0.9997539763573776,
Campesterol,19.28532355864026,19.31009283514499,18.704265562482494,19.08619115783686,19.67504125803435,18.143837074478526,19.636106587463576
"Carbonic acid, eicosyl vinyl ester ",9.454993044065306,13.011469134345955,16.02146807781511,13.176874231742685,9.970680084656836,13.528209117087597,15.961734109039453
"Carbonic diamide, N,N'-dibutyl-N'-methyl-",,,,16.084896995150103,,,16.02146807781511
Carfentrazone-ethyl,,,2.110156323792186,0.9997539763573776,3.937833048399415,,0.18809838241208227
"Cephalotaxine, 3-deoxy-3,11-epoxy-, (3alpha,11alpha)-",18.055156504113103,,,,,,
"Cetaben, N,O-bis(trimethylsilyl)-",,17.882155419216044,,,,,
"Cholest-22-ene-21-ol, 3,5-dehydro-6-methoxy-, pivalate",,,,,,14.86285571053221,
"Cholest-5-ene, 3-(1-oxobuthoxy)-",,,,7.717641761263741,,8.59654024064751,
"Cholest-7-en-3-ol, (3beta,5alpha)-",12.834100885273674,11.135592306661934,11.82871777633233,12.834100885273674,12.769065585393419,11.494800283249935,
"Cholesta-2,4-diene",,,,,,,
"Cholesta-3,5-dien-7-one",2.707904872036044,,2.387815451586256,0.9778951007100026,,1.3516626243795506,0.0005024517226022013
"Cholesta-3,5-diene ",15.870275691440584,15.269004118999842,15.219588933078839,16.350867142371794,16.386809500613243,15.115278210386148,17.50411610271541
"Cholesterol, pentafluoropropionate",,,,,,,
Cholesterol,18.99188169085507,17.13368947083091,18.53389624634634,18.86991126191946,17.45786157606711,11.788039969774754,17.7034182178291
Cinnamic acid,15.312547505559673,,,12.61121647485742,12.961931449480753,13.065204093726635,
cis-4-Trimethylsilyloxy-cyclohexyl(trimethylsilyl)carboxylate,9.721954700004332,8.148861193697549,10.034935893215566,9.851033969755363,10.034935893215566,10.570147999266855,8.920915483404572
"cis-4,5-Dihydroxy-o-dithiane, 2O-",18.20589542995774,17.74637558667478,17.949139164563096,17.50411610271541,17.781731687172464,17.559826209358942,18.20589542995774
Citric acid,19.74128457160264,19.83768566429497,19.941210036444026,19.66436045020822,19.609109182993645,19.67504125803435,19.609109182993645
Cyclo-(l-leucyl-l-phenylalanyl) ,13.0414810573932,12.769065585393419,12.769065585393419,13.0414810573932,,,12.416306253809509
Cyclo(L-prolyl-L-valine) ,,,,17.7034182178291,,,
cyclobutanecarboxylic acid,18.298549645071528,18.233522970115153,,18.0904885621857,17.99169803078585,17.949139164563096,18.58583938778719
Cyclobutanol,21.64857910645581,,21.54386640331966,23.118306937273076,,,
Cyclohexanol,15.115278210386148,14.46552012907279,14.919725821378663,14.752087772814258,15.01055800078942,15.053920839087324,15.219588933078839
"Cyclohexanone, 3,3,5-trimethyl-",24.227183213337735,23.74789648038563,24.09133707455474,23.671892126953985,24.09133707455474,24.227183213337735,24.296055755975264
"Cyclohexene, 3-butyl-3-methyl-1-trimethylsilyloxy-",15.530700807431602,15.23532520905947,15.312547505559673,15.269004118999842,14.86285571053221,,14.998238088832094
"Cyclohexene, 3,3-dimethyl-1-(trimethylsilyloxy)-",,,,,,,
"Cyclopentaneacetic acid, 3-oxo-2-pentyl-",14.552060430703763,13.59624594911937,13.913914605610742,13.222275426376155,13.913914605610742,13.847040903425738,13.222275426376155
"Cyclopentanone, 2,2,4-trimethyl-",12.244549680665429,9.322476641400455,12.55834916881308,10.736756735988731,13.567653665524352,13.0414810573932,
D-(-)-Citramalic acid,,,,,9.041501334579404,7.513676344404315,7.812667208754642
"D-(-)-Fructofuranose, pentakis",17.651854657170954,18.4007090311226,15.656157307704538,17.625824872359566,17.651854657170954,14.46552012907279,12.55834916881308
"D-(-)-Lyxose, tetrakis",,,,,,,14.943682147714723
"D-(-)-Ribofuranose, tetrakis",18.898415848586676,19.399512994491182,18.668616033482547,19.74128457160264,18.68550963089702,18.80431142334577,20.286589146522118
D-(+)-Glucosamine,,,,,,,9.322476641400455
"D-(+)-Ribono-1,4-lactone (R,S,R)-",7.945928238962559,6.290750668447317,7.241913292508812,8.734500306681838,8.920915483404572,9.246219268986087,3.1640226569856056
"D-(+)-Talofuranose, pentakis",19.399512994491182,19.877294583887057,19.877294583887057,19.877294583887057,18.704265562482494,19.441305226610297,18.4007090311226
"D-(+)-Xylose, tetrakis",,,,,,,
D-Arabinose,15.01055800078942,15.419306692432324,15.23532520905947,15.419306692432324,15.269004118999842,15.346119239082693,13.567653665524352
"D-Erythro-Pentofuranose, 2-deoxy-1,3-bis-O-",22.74862958605763,22.013747765218515,22.74862958605763,22.47529503933838,23.170186693268388,23.344749452144185,22.949530909238465
D-Fructose,9.322476641400455,7.241913292508812,9.322476641400455,7.069092399102177,9.322476641400455,9.851033969755363,6.107075453261778
D-Fucitol,,,,,,,
"D-Isoleucine, N-acetyl-",19.775251972024225,19.609109182993645,19.786825981516905,19.05888281163362,18.929087491360015,18.832925198581503,19.399512994491182
D-Leucylglycylglycine,19.12605093276672,19.58645817195534,19.472135572269753,18.832925198581503,19.05888281163362,19.28532355864026,19.66436045020822
D-Mannose,27.16444445888146,27.394260303106314,27.16444445888146,26.79773459460216,26.697626715412166,28.17553743786595,27.95290267935469
D-Ornithine,,17.92470913247229,,,,,
D-Proline,17.31380941290769,18.0178868373195,,15.141463023118675,,17.144878353218385,8.318873123777852
"D-Psicofuranose, pentakis",23.841007666781014,23.472991187099414,23.472991187099414,23.576912828524463,23.671892126953985,24.296055755975264,23.344749452144185
D-Ribose,14.292486862368166,,,,,,
D-Threitol,14.152255649776473,13.24994391641516,13.748842681290693,13.130604796863784,13.78281241212321,13.748842681290693,13.636023726950794
"D-Xylofuranose, 1,2,3,5-tetrakis-O-",20.322752644759877,14.649709839227793,20.207319304619368,20.637451546160502,20.09036378469853,20.509063963906744,20.637451546160502
Decanoic acid,19.66436045020822,19.472135572269753,19.159085421600906,19.58645817195534,19.636106587463576,19.83768566429497,20.004218593953787
Dehydronorketamine,15.269004118999842,15.530700807431602,,14.228627663913358,15.575160493231738,14.78861630486796,16.386809500613243
Delorazepam,17.882155419216044,19.941210036444026,19.563930912449432,19.91473136247499,20.70652403918444,20.783636241431658,20.558454426238985
Deoxycholic Acid,,,,,12.932390640462112,13.011469134345955,12.524708235516822
Desmosterol,12.524708235516822,12.416306253809509,13.847040903425738,11.82871777633233,12.370355156368912,12.61121647485742,11.82871777633233
Dicyclohexylamine,22.412073845395906,,21.49828288184139,,22.353975239442743,21.793981746731827,21.64857910645581
Dihydrouracil,18.929087491360015,18.80431142334577,19.334680948623113,19.28532355864026,18.832925198581503,19.775251972024225,18.45474498781332
Dimethyl fumarate,13.498297803351107,14.323379159951227,14.649709839227793,14.730320234125449,14.78861630486796,14.81514781038685,15.053920839087324
"Dimethyl hexopyranosiduronate, alpha-D-",21.282688079946674,21.734190536626155,20.86505567765431,21.33361504688028,20.637451546160502,21.734190536626155,19.775251972024225
Dinoseb ,9.970680084656836,7.717641761263741,9.246219268986087,9.454993044065306,10.424758042576567,10.288454557177756,9.970680084656836
Diphenyl ether,15.093810561445858,14.730320234125449,14.78861630486796,14.86285571053221,15.053920839087324,14.919725821378663,15.346119239082693
DL-Glyceraldehyde,8.318873123777852,6.107075453261778,7.717641761263741,8.59654024064751,8.734500306681838,7.812667208754642,7.717641761263741
DL-Ornithine,17.230369448974894,17.949139164563096,18.369039963068985,17.344185455509496,,17.50411610271541,18.233522970115153
DL-Phenylalanine,27.394260303106314,28.069854863590923,27.95290267935469,27.394260303106314,27.777290646224767,27.84527922556969,27.655940163572666
"DL-Proline, 5-oxo-",18.369039963068985,16.21186793109687,,17.31380941290769,17.04383956021415,19.224520221109827,
Dobutamine,17.99169803078585,17.651854657170954,17.92470913247229,,17.74637558667478,16.87752785698289,18.25980209766154
Doconexent,24.09133707455474,25.829557703030808,25.49475000767739,25.733886070696943,25.892390696266244,26.063297596123697,26.159228930822945
Docosyl octyl ether,20.244443236485743,18.929087491360015,,18.704265562482494,20.004218593953787,17.31380941290769,16.421620061468055
Dodecanamide,,,,,,,
"Dodecanamide, N-(2-hydroxyethyl)-",20.141901696362545,20.764350264843177,19.20021924671807,20.17005071394075,21.21645105386178,20.352665999029732,21.94867132515933
"Dodecane, 4,6-dimethyl-",17.810896215815806,16.460776870434668,7.069092399102177,16.52587564338855,20.352665999029732,17.45786157606711,13.42986339630258
"Dodecanoic acid, 1-methylethyl ester",,11.56313048544034,,2.707904872036044,13.748842681290693,,13.8911681480212
Dodecanoic acid,18.53389624634634,18.479534448670165,18.46109878691888,18.4007090311226,18.4007090311226,18.58583938778719,18.727817380854507
Dodecylcyclohexane,21.582656213233918,21.44814892156608,21.416123911906617,21.416123911906617,21.44814892156608,21.582656213233918,21.54386640331966
Dopamine,,21.60303716763059,21.387303199361245,,,21.15716649191821,
Ecgonine,,,,,,,
Eicosapentaenoic acid,,,,,,,
Erythritol,22.659314467959568,22.659314467959568,23.010471096897987,22.796146442761806,22.47529503933838,23.010471096897987,22.06635124387974
"Erythrono-1,4-lactone, (Z)-",17.344185455509496,17.344185455509496,17.53836835873985,16.962575204698542,16.87752785698289,16.48890693268778,17.11418377323917
"Ethanamine, N,N-diethyl-2,2-dimethyl-2-[(3,5-dimethoxy)phenyl]-",,,,,,,
"Ethanol, 2-(9-octadecenyloxy)-",10.201537719629377,14.152255649776473,9.721954700004332,,,12.244549680665429,14.430528344963054
Ethanolamine,27.777290646224767,27.95290267935469,27.84527922556969,28.069854863590923,27.84527922556969,27.70226564803909,27.394260303106314
"Ethanone, 1-(2,5-dimethoxyphenyl)-",18.958301595411704,18.68550963089702,19.399512994491182,,18.958301595411704,19.66436045020822,19.105468487751203
"Ethanone, 1-(5-methoxy-2-methyl-3(1H)-indolyl)-",13.748842681290693,12.834100885273674,13.46103353073559,13.748842681290693,13.969241709863779,12.416306253809509,13.24994391641516
Ethyl alpha-D-glucopyranoside,12.042568691533763,10.963885692473108,3.7875085471738266,11.911866062964663,12.107057376649122,12.370355156368912,10.288454557177756
Ethyl cis-2-trimethylsilyl-cyclopropane-1-carboxylate,23.118306937273076,20.17005071394075,21.21645105386178,,20.432871813708882,23.06320848115337,23.010471096897987
Fenitrothion,23.472991187099414,21.582656213233918,21.862591332617704,21.81796830491396,21.862591332617704,22.22411493191526,23.841007666781014
"Furan-2-carboxaldehyde, 5-(1-piperidyl)-",,,,,,,
"Furan, 2-pentyl-",16.66661965770871,15.94427802185632,15.94427802185632,15.899448165189872,15.94427802185632,15.828506576435428,16.135183810139637
Galactopyranose,16.82266709864107,17.810896215815806,14.730320234125449,16.82266709864107,17.559826209358942,17.99169803078585,17.882155419216044
Gln-Ala,9.851033969755363,7.812667208754642,9.041501334579404,9.246219268986087,9.721954700004332,8.920915483404572,8.148861193697549
Glucopyranose,12.143927090199591,12.961931449480753,14.81514781038685,13.8911681480212,12.55834916881308,12.483235929338054,12.244549680665429
Glucose,16.02146807781511,16.66661965770871,16.709726396275332,15.94427802185632,16.421620061468055,16.762001367149345,16.084896995150103
Glyceric acid,13.176874231742685,13.528209117087597,13.675307306177306,13.59624594911937,13.716827925963031,14.059922412266832,12.794082492199616
Glycine,26.063297596123697,25.892390696266244,26.528555208578304,26.063297596123697,26.79773459460216,27.319270389653553,27.02680591757846
"Glycine, N-(1-oxobutyl)-",19.83768566429497,20.93520637833808,20.0675266193533,20.86505567765431,18.898415848586676,19.472135572269753,18.99188169085507
"Glycine, N-(N-DL-leucylglycyl)-",18.668616033482547,18.727817380854507,18.68550963089702,18.369039963068985,19.08619115783686,18.774204760741473,19.020461548250317
"Glycine, N-[4-[(trimethylsilyl)oxy]benzoyl]-",,,13.716827925963031,,12.794082492199616,,13.969241709863779
Glycolic acid,24.881535840261137,24.635610917841905,25.218309232050547,24.726713982692264,24.545543010928327,25.090073509677513,24.42084268251031
Glycyl-l-glutamine,,,,18.0178868373195,,,
Glyoxime,16.52587564338855,16.084896995150103,15.899448165189872,,15.994603030369563,16.084896995150103,
Guanabenz,27.565356847038604,27.319270389653553,27.394260303106314,27.655940163572666,27.394260303106314,27.655940163572666,27.565356847038604
"Guanidine, N,N-dimethyl-",25.892390696266244,25.733886070696943,26.34096517761366,25.31029933722909,25.733886070696943,26.34096517761366,25.892390696266244
"Gulonic acid, gamma-lactone",,,17.882155419216044,,,,
Heptadecanoic acid,22.013747765218515,21.862591332617704,22.013747765218515,22.013747765218515,22.06635124387974,22.440816535682917,22.440816535682917
Heptanoic acid,19.472135572269753,19.28532355864026,19.08619115783686,19.31009283514499,19.399512994491182,19.50276059914064,
Hexanedioic acid,17.53836835873985,17.192537340007878,17.37101850403726,17.192537340007878,16.350867142371794,,17.344185455509496
Hexanoic acid,24.726713982692264,24.296055755975264,24.545543010928327,24.296055755975264,24.81039951315844,24.881535840261137,24.81039951315844
Hexanoylglycine,12.932390640462112,14.348494531108996,12.61121647485742,13.78281241212321,12.46284164078222,11.201351236364934,11.911866062964663
Hippuric acid,21.416123911906617,20.86505567765431,20.432871813708882,21.94867132515933,21.33361504688028,20.86505567765431,21.387303199361245
Homocysteine thiolactone,,,15.07580742412009,15.115278210386148,,,
Hydantoic acid,11.82871777633233,10.424758042576567,11.613792463874047,11.387260509308708,10.288454557177756,12.042568691533763,
Hydracrylic acid,20.93520637833808,20.509063963906744,20.558454426238985,20.783636241431658,20.0675266193533,20.95862660177104,20.207319304619368
Hydroquinidine,15.899448165189872,17.144878353218385,17.810896215815806,14.81514781038685,14.943682147714723,17.192537340007878,15.07580742412009
Hydroquinone,,15.053920839087324,17.13368947083091,16.794919963997057,,15.961734109039453,17.13368947083091
Indole-3-carboxaldehyde,13.24994391641516,,,,13.011469134345955,,13.011469134345955
Indole-3-lactic acid,12.107057376649122,12.244549680665429,12.042568691533763,12.483235929338054,13.636023726950794,13.59624594911937,12.769065585393419
Indole-5-carboxylic acid,10.963885692473108,9.246219268986087,,10.514360357323651,11.071132093328854,,10.570147999266855
"Inosose-2, 1,3,4,5,6-pentakis-",16.566438106771546,16.182276188513253,16.421620061468055,16.05146968710499,16.29914497978906,15.94427802185632,16.350867142371794
Isofucosterol,10.034935893215566,7.945928238962559,8.920915483404572,9.041501334579404,10.736756735988731,9.041501334579404,9.454993044065306
Isonicotinic Acid,18.143837074478526,18.106264493909755,20.286589146522118,20.141901696362545,21.387303199361245,21.44814892156608,21.49828288184139
Isopropyl palmitate,11.720535719832986,10.034935893215566,11.040828388510004,11.071132093328854,11.56313048544034,11.720535719832986,11.071132093328854
"Isoquinoline, 3,4-dihydro-6,7-dimethoxy-1-[4-hydroxybenzyl]-",15.94427802185632,15.07580742412009,15.575160493231738,15.530700807431602,15.419306692432324,15.446974421536046,
Isoxaben,,9.041501334579404,,12.769065585393419,10.83017029097528,11.135592306661934,10.424758042576567
Itaconic acid,13.716827925963031,13.130604796863784,13.636023726950794,13.716827925963031,17.099234784956774,14.323379159951227,14.013071079710107
Ketamine ,30.579662602000933,30.579662602000933,30.579662602000933,30.579662602000933,30.579662602000933,30.579662602000933,30.579662602000933
L-(+)-Threose,,,,,,,
L-5-Oxoproline,15.792674009198647,15.346119239082693,15.686937837430403,15.312547505559673,15.219588933078839,15.380862844468128,15.47565088485562
L-Alanine,27.655940163572666,27.655940163572666,28.87213728846867,27.95290267935469,27.889947503072513,26.697626715412166,25.31029933722909
L-Asparagine,19.58645817195534,18.85206134570925,,19.472135572269753,19.224520221109827,,18.704265562482494
L-Aspartic acid,21.81796830491396,20.70652403918444,22.10541450003973,21.15716649191821,21.81796830491396,21.64857910645581,21.90533835374844
L-Citrulline,,,,,,,
L-Cysteine,20.86505567765431,20.286589146522118,20.17005071394075,20.286589146522118,20.244443236485743,20.322752644759877,20.476145490187097
L-Glutamic acid,21.793981746731827,21.107926350089425,22.06635124387974,21.60303716763059,21.15716649191821,21.107926350089425,21.734190536626155
L-Glutamine,19.877294583887057,19.74128457160264,19.58645817195534,20.207319304619368,18.1669213473799,19.877294583887057,19.941210036444026
l-Histidine ethyl ester,28.069854863590923,27.02680591757846,27.889947503072513,27.70226564803909,28.17553743786595,28.069854863590923,28.069854863590923
L-Hydroxyproline,15.961734109039453,16.350867142371794,15.530700807431602,,,16.386809500613243,16.82266709864107
L-Isoleucine,26.528555208578304,28.448297641583185,27.70226564803909,27.319270389653553,23.841007666781014,26.159228930822945,24.545543010928327
L-Leucine,33.56478696718541,33.56478696718541,33.56478696718541,33.56478696718541,33.56478696718541,33.56478696718541,33.56478696718541
L-Lysine,28.17553743786595,27.70226564803909,27.777290646224767,27.777290646224767,27.70226564803909,27.777290646224767,27.777290646224767
"L-Lysine, ethyl ester ",,,,,,,
L-Methionine,22.353975239442743,21.69663459025624,22.72035035412313,21.54386640331966,21.734190536626155,21.21645105386178,22.59839386212323
L-Norleucine,,,,,,,
L-Ornithine,20.352665999029732,19.711499116990446,20.004218593953787,19.775251972024225,19.563930912449432,19.711499116990446,20.17005071394075
L-Proline,27.95290267935469,27.889947503072513,28.276150698287744,28.276150698287744,28.069854863590923,,27.889947503072513
L-Threitol,11.613792463874047,10.514360357323651,11.071132093328854,11.040828388510004,10.963885692473108,10.736756735988731,10.201537719629377
L-Threonine,,,,,22.440816535682917,22.56359367503951,20.93520637833808
L-Tryptophan,28.448297641583185,29.23835207198618,29.23835207198618,30.061915977945777,30.061915977945777,30.061915977945777,29.61947145870131
"L-Tryptophan, N-acetyl-1",15.724511716267651,16.05146968710499,16.61451919311857,16.48890693268778,16.962575204698542,16.52587564338855,16.995291158114238
L-Valine,28.276150698287744,26.79773459460216,,,,24.09133707455474,24.09133707455474
Lactic Acid,,14.86285571053221,23.935065827088604,,24.42084268251031,24.545543010928327,
Latanoprost lactone diol,,17.07714923199533,17.11418377323917,16.995291158114238,,17.230369448974894,
Leucylglycine,,,,,,,
Levulinic acid,18.774204760741473,18.421033656025397,18.479534448670165,18.33392993367499,18.479534448670165,18.958301595411704,18.929087491360015
Luteolin ,22.56359367503951,20.244443236485743,22.84098617702293,17.07714923199533,22.949530909238465,,22.353975239442743
Malic acid,16.995291158114238,16.82266709864107,18.4007090311226,17.144878353218385,16.794919963997057,16.82266709864107,16.460776870434668
meso-Erythritol,23.935065827088604,25.649318009728308,26.159228930822945,25.829557703030808,24.031064574203747,,25.649318009728308
Metanephrine,,,,,,11.970486105124227,
"Methanone, [1-(4-chloropentyl)-1H-indol-3-yl](2,2,3,3-tetramethylcyclopropyl)-",,,,,,,
"Methanone, [1-(5-chloropentyl)-1H-indol-3-yl](4-methyl-1-naphthalenyl)-",,0.36643840300551084,,,,,0.9778951007100026
"Methyl (3,4-dimethoxyphenyl)(hydroxy)acetate",26.935332864058115,26.528555208578304,26.697626715412166,27.16444445888146,24.296055755975264,26.935332864058115,27.319270389653553
"Methyl 2,4-dihydroxybenzoate",,,,,,,
Methyl alpha-Lyxofuranoside,17.144878353218385,18.055156504113103,16.929851167297944,,17.230369448974894,16.61451919311857,17.949139164563096
Methyl aminoacetate,11.071132093328854,9.721954700004332,10.570147999266855,10.83017029097528,11.135592306661934,10.963885692473108,10.83017029097528
"Methyl galactoside (1R,2S,3S,4R,5R)-",,,,,9.246219268986087,,
Methyl isovanillate,,14.78861630486796,16.52587564338855,14.348494531108996,14.998238088832094,15.219588933078839,16.05146968710499
Methyl leucinate,,,,,,,
Methyl-3-methoxy-5-methyl benzoate,,1.3516626243795506,4.800901566367903,2.110156323792186,5.811666046257568,2.707904872036044,1.3516626243795506
Methylmalonic monoamide,10.424758042576567,,9.851033969755363,10.424758042576567,10.660266727465133,11.040828388510004,9.246219268986087
Methylsuccinic acid,,,,3.7875085471738266,,4.800901566367903,
Mirin,,,14.46552012907279,15.994603030369563,,,
Mitoxantrone,,,,,,,
"Morpholine, 4-(2,6-dimethoxybenzoyl)-2,6-dimethyl-",,,,,,,
"Morpholine, 4-[2,3,4,6-tetrakis-O-(trimethylsilyl)-alpha-d-mannopyranosyl]-",,17.424012195600348,,17.424012195600348,17.13368947083091,,
Myristic acid,25.31029933722909,24.726713982692264,25.090073509677513,24.881535840261137,25.028185397811264,25.31029933722909,25.090073509677513
"N-(Trifluoroacetyl)-N,O,O'-tris(trimethylsilyl)normetanephrine",9.041501334579404,,10.201537719629377,,,10.424758042576567,5.594142138193013
N-(Trimethylsilyl)hexanamide,,,21.15716649191821,21.282688079946674,20.86505567765431,21.387303199361245,21.416123911906617
N-Acetyl-D-galactosamine,20.783636241431658,,,,,,
N-Acetyl-L-glutamic acid,16.762001367149345,16.48890693268778,16.350867142371794,16.421620061468055,16.48890693268778,16.460776870434668,17.192537340007878
N-Acetyl-L-phenylalanine,,,,,,,
N-Acetyltyrosine,12.483235929338054,14.998238088832094,,15.07580742412009,,,
N-alpha-Acetyl-L-Lysine,16.05146968710499,15.312547505559673,16.084896995150103,,16.135183810139637,15.766068583191366,15.94427802185632
n-Butylamine,19.224520221109827,18.898415848586676,18.898415848586676,18.99188169085507,19.020461548250317,19.105468487751203,19.31009283514499
"N-isobutyl-2-(trimethylsilyloxy]-4,5-dihydro-1H-imidazole-1-carboxamide",,15.18476109768641,,13.969241709863779,,15.47565088485562,15.01055800078942
N-Isobutyl-sec-butylamine,21.030106292274233,,20.476145490187097,20.70652403918444,20.476145490187097,,20.86505567765431
N-Isobutyrylglycine,,,,,16.82266709864107,,
N-Isovaleroylglycine,14.490401175957505,13.42986339630258,14.25376461166215,14.46552012907279,14.25376461166215,14.228627663913358,13.913914605610742
N-Methyl-N-(tetrahydro-2-furanylmethyl)-4-piperidinamine,6.107075453261778,2.707904872036044,5.393181344000048,5.811666046257568,,5.393181344000048,3.937833048399415
n-Pentadecanol,15.994603030369563,14.228627663913358,16.566438106771546,,17.50411610271541,15.530700807431602,14.78861630486796
N-Valerylglycine,14.228627663913358,14.919725821378663,14.490401175957505,15.346119239082693,,12.143927090199591,13.528209117087597
"N,9-bis(Trimethylsilyl)-6-[(trimethylsilyl)oxy]-9H-purin-2-amine",,,16.24231347995814,15.47565088485562,15.604345428122016,15.093810561445858,15.899448165189872
"N,N-Diethyl-2-aminoethanol",14.81514781038685,13.847040903425738,14.152255649776473,14.323379159951227,14.69416442741775,14.552060430703763,14.919725821378663
"N,N-Dimethyl-2-cyclohexyloxyethylamine",20.12075340117764,19.50276059914064,19.636106587463576,20.432871813708882,19.20021924671807,19.58645817195534,19.67504125803435
"N,N'-Bis(trimethylsilyl)trifluoroacetamidine",,,,,,,
"N,O-Bis(trimethylsilyl)carbamate",11.494800283249935,10.660266727465133,11.56313048544034,,12.61121647485742,11.27615080371497,
Naphthofluorescein,20.17005071394075,21.416123911906617,,,,21.90533835374844,
Neostigmine ,15.346119239082693,14.490401175957505,14.943682147714723,14.69416442741775,15.093810561445858,15.141463023118675,15.23532520905947
Niacin,18.233522970115153,18.0904885621857,18.143837074478526,18.055156504113103,18.45474498781332,18.106264493909755,18.832925198581503
Niacinamide,25.49475000767739,25.31029933722909,25.649318009728308,25.14635860011138,25.090073509677513,25.028185397811264,25.49475000767739
Niclosamide,14.919725821378663,14.059922412266832,14.69416442741775,14.78861630486796,15.792674009198647,15.994603030369563,15.994603030369563
Nitrosothymol,,,,,,13.42986339630258,
Nonadecanoic acid,,11.071132093328854,11.720535719832986,11.788039969774754,12.483235929338054,,12.042568691533763
Nonanal,15.604345428122016,15.01055800078942,15.053920839087324,15.053920839087324,15.23532520905947,15.269004118999842,15.312547505559673
Nonanoic acid,,14.25376461166215,14.552060430703763,14.552060430703763,7.945928238962559,8.148861193697549,
Norketamine,28.576111494722007,28.69205932345248,28.448297641583185,28.576111494722007,28.448297641583185,28.448297641583185,28.69205932345248
"O-Methyl-N,N'-diisopropylisourea ",,,,,,,30.061915977945777
Oct-1-en-3-ol,,,,,,19.31009283514499,
"Octadecanamide, N-(2-methylpropyl)-N-nitroso-",,,11.201351236364934,,,,12.961931449480753
Octan-2-yl palmitate,,22.10541450003973,,21.793981746731827,21.94867132515933,21.81796830491396,22.10541450003973
"Octanamide, N-(2-hydroxyethyl)-",,,,,,,
"Octane, 1-propoxy-",11.56313048544034,11.387260509308708,10.514360357323651,11.970486105124227,13.0414810573932,12.880164910288897,12.370355156368912
Octanoic acid,21.15716649191821,20.637451546160502,20.322752644759877,20.764350264843177,20.558454426238985,21.030106292274233,21.030106292274233
Octocrylene,14.059922412266832,13.222275426376155,11.970486105124227,,14.228627663913358,,14.25376461166215
Octopamine,25.218309232050547,26.34096517761366,,27.565356847038604,27.16444445888146,,26.935332864058115
Ornithine,,,,26.528555208578304,,,
Oxalic acid,19.824517331307465,19.636106587463576,19.775251972024225,19.786825981516905,19.83768566429497,19.74128457160264,20.322752644759877
"Oxalic acid, allyl octyl ester",,,,,,,
p-Hydroxydiisopropylbenzene,20.207319304619368,19.775251972024225,19.824517331307465,19.890260881942794,19.941210036444026,20.09036378469853,19.20021924671807
p-Toluic acid,8.920915483404572,6.726464603125888,8.318873123777852,8.920915483404572,,7.241913292508812,7.945928238962559
Palmitelaidic acid,22.84098617702293,23.935065827088604,22.440816535682917,23.06320848115337,23.74789648038563,23.268638665763092,23.74789648038563
Palmitic Acid,21.44814892156608,23.06320848115337,20.764350264843177,17.559826209358942,23.41123570577444,16.05146968710499,18.143837074478526
Pantolactone,17.37101850403726,17.31380941290769,17.45786157606711,17.13368947083091,17.37101850403726,17.273225108573627,17.74637558667478
Pantothenic acid ,,,,,,,23.41123570577444
Pentacosanoic acid,,,,,,,
Pentadecanoic acid,,21.793981746731827,21.81796830491396,,22.013747765218515,22.281792559093713,22.193443929180415
"Pentanedioic acid, 2-[(trimethylsilyl)oxy]-",,,,,,,
"Pentanedioic acid, 2,4-bis[(trimethylsilyl)oxy]",,8.734500306681838,8.59654024064751,6.290750668447317,,,
"Pentanedioic acid, 3-methyl-3-[(trimethylsilyl)oxy]-",8.734500306681838,5.811666046257568,8.148861193697549,8.318873123777852,8.59654024064751,8.318873123777852,6.726464603125888
Pentanoic acid,17.7034182178291,16.637119023946678,17.07714923199533,16.637119023946678,16.762001367149345,16.21186793109687,16.794919963997057
"Pentenoic acid, 4-[(trimethylsilyl)oxy]-",14.649709839227793,14.013071079710107,14.292486862368166,13.065204093726635,14.430528344963054,14.430528344963054,14.730320234125449
Pentylone,12.769065585393419,,,,,,
Petroselinic acid,,,,,,,
Phenanthridin-6-ol ,,,,,,,
"Phenol, 3,5-bis(1,1-dimethylethyl)-",,,,,,19.12605093276672,17.273225108573627
Phenol,18.704265562482494,18.33392993367499,18.507257630874637,18.20589542995774,18.33392993367499,18.233522970115153,18.668616033482547
Phenoxyacetic acid,16.182276188513253,15.792674009198647,15.870275691440584,15.828506576435428,15.961734109039453,15.870275691440584,16.24231347995814
phenoxyethanol,19.020461548250317,18.958301595411704,18.929087491360015,18.774204760741473,18.85206134570925,18.86991126191946,19.159085421600906
Phenylalanine,29.07399956066379,29.07399956066379,29.07399956066379,29.07399956066379,28.87213728846867,29.07399956066379,28.576111494722007
Phenylpropanolamine,27.84527922556969,28.17553743786595,28.576111494722007,24.545543010928327,28.576111494722007,28.87213728846867,28.448297641583185
Phlorizin,14.25376461166215,,,13.847040903425738,,,14.46552012907279
Phloroglucinol,16.084896995150103,15.686937837430403,15.792674009198647,15.575160493231738,16.02146807781511,15.792674009198647,16.21186793109687
Phosalone,18.4007090311226,18.507257630874637,18.80431142334577,17.949139164563096,17.7034182178291,17.07714923199533,17.781731687172464
Phthalazin-1-one,,,,,,,
Picolinic acid,20.70652403918444,20.0675266193533,18.832925198581503,20.352665999029732,20.286589146522118,20.558454426238985,20.783636241431658
Pimelic acid,,12.107057376649122,,13.011469134345955,12.670912522341862,13.46103353073559,13.130604796863784
Pipecolic acid,25.090073509677513,25.090073509677513,25.733886070696943,24.09133707455474,23.06320848115337,23.935065827088604,23.170186693268388
"Piperidine, 1-(1-methylpentyl)-",,,,,,21.60303716763059,
"Pregn-16-en-20-one, 3,18-bis(acetyloxy)-14,15-epoxy-, (3beta,5alpha,14beta,15beta)-",16.350867142371794,21.81796830491396,21.69663459025624,21.64857910645581,21.64857910645581,21.94867132515933,20.244443236485743
"Propanetriol, 2-methyl-",12.46284164078222,11.27615080371497,11.911866062964663,11.613792463874047,12.725160801769642,12.55834916881308,12.107057376649122
"Propanoic acid, 2-methyl-",19.31009283514499,19.105468487751203,19.05888281163362,19.257374789771422,19.12605093276672,19.20021924671807,19.441305226610297
"Propanoic acid, 2-oxo-",19.711499116990446,,19.74128457160264,,,,19.890260881942794
"Propiophenone, 3',4'-dimethoxy-",17.273225108573627,16.962575204698542,11.788039969774754,,,,
Propylamine,11.911866062964663,10.570147999266855,11.387260509308708,11.27615080371497,11.788039969774754,11.911866062964663,11.040828388510004
"Pyrazine, 3,6-dihydro-3,6-dimethyl-",,,,,,,
"Pyrazine, 3,6-dimethyl-2,5-bis(trimethylsilyloxy)-",18.80431142334577,19.66436045020822,18.45474498781332,18.143837074478526,,,18.33392993367499
"Pyrimidine, 5-methyl-2,4-bis[(trimethylsilyl)oxy]-",14.730320234125449,14.69416442741775,15.18476109768641,13.913914605610742,14.013071079710107,14.649709839227793,14.059922412266832
Pyroglutamic acid,,25.49475000767739,25.892390696266244,,23.344749452144185,25.218309232050547,23.576912828524463
Pyrrole-2-carboxylic acid,27.889947503072513,27.84527922556969,27.565356847038604,28.17553743786595,27.565356847038604,27.95290267935469,27.84527922556969
"Pyrrolo[1,2-a]pyrazine-1,4-dione, hexahydro-3-(2-methylpropyl)",,,,,,17.651854657170954,
"Pyrrolo[1,2-a]pyrazine-3-propanamide, 2,3,6,7,8,8a-hexahydro-1,4-dioxo-",,,,,,,
Quazodine,,,,27.84527922556969,,25.49475000767739,
"Quinolin-4-one, 1-[2-(3,4-dimethoxyphenyl)ethyl]-octahydro-",21.862591332617704,21.54386640331966,21.582656213233918,20.322752644759877,20.141901696362545,19.563930912449432,19.91473136247499
"Quinoline, 2,4-dimethyl-",,,,,,,
Ribitol,11.135592306661934,,10.660266727465133,,10.872061735111837,,9.851033969755363
"Ribonic acid, 2,3,4,5-tetrakis-",24.031064574203747,26.159228930822945,23.671892126953985,25.49475000767739,24.881535840261137,,16.637119023946678
S-Methyl-L-cysteine,16.709726396275332,15.994603030369563,16.135183810139637,16.02146807781511,16.24231347995814,16.02146807781511,16.61451919311857
Salsoline,16.460776870434668,15.604345428122016,15.828506576435428,15.792674009198647,16.21186793109687,15.899448165189872,16.566438106771546
Sedoheptulose anhydride,,,,,26.935332864058115,,
Ser-Leu,21.60303716763059,21.387303199361245,20.93520637833808,21.44814892156608,20.95862660177104,21.416123911906617,21.33361504688028
Serine,,,,,29.23835207198618,,28.87213728846867
Sertraline carbamoyl glucuronide,6.290750668447317,,,4.800901566367903,,5.594142138193013,2.387815451586256
Sinomenin,,,,,,,
"Spiro[cyclopenta[d]-1,3,2-dioxaborin-4(5H),1'-cyclopentane], 2-ethyl-6,7-dihydro-",19.257374789771422,18.86991126191946,18.727817380854507,19.159085421600906,18.727817380854507,19.334680948623113,19.58645817195534
Spironolactone,10.83017029097528,,,,,,
Stearic acid,26.159228930822945,15.961734109039453,20.09036378469853,,18.25980209766154,20.476145490187097,26.79773459460216
"Stigmast-5-ene, 3beta-",11.970486105124227,10.872061735111837,10.963885692473108,11.201351236364934,12.416306253809509,10.514360357323651,11.56313048544034
Suberic acid,12.880164910288897,11.613792463874047,12.483235929338054,12.46284164078222,12.042568691533763,13.78281241212321,13.46103353073559
Succinic anhydride,20.004218593953787,19.67504125803435,19.711499116990446,18.85206134570925,20.322752644759877,18.99188169085507,19.224520221109827
Supraene,13.636023726950794,12.143927090199591,12.416306253809509,,13.46103353073559,13.374205489936509,13.59624594911937
Syringaldehyde,27.70226564803909,27.777290646224767,27.655940163572666,27.889947503072513,27.655940163572666,27.889947503072513,27.70226564803909
"Tacrine, N-trimethylsilyl-",13.675307306177306,,14.059922412266832,14.998238088832094,14.752087772814258,15.686937837430403,15.18476109768641
"Talonic acid, gamma-lactone",,,,,,,
Tartronic acid,11.040828388510004,8.920915483404572,11.135592306661934,10.570147999266855,11.720535719832986,10.660266727465133,10.514360357323651
Tetradecanenitrile,,,,22.281792559093713,,,
"Thiazolo[4,5-f]quinoline, 2,9-dimethyl-",18.832925198581503,18.652520378910733,18.652520378910733,18.727817380854507,18.53389624634634,18.727817380854507,18.958301595411704
Thymidine,,,,,,,
"Thymine, 1,3-dimethyl-6-(trimethylsilyloxymethyl)-",,,12.370355156368912,,13.065204093726635,,
Tributyl acetylcitrate,18.33392993367499,18.668616033482547,18.298549645071528,18.298549645071528,18.233522970115153,19.08619115783686,18.1669213473799
Tricine,,27.16444445888146,,,,,
Triethanolamine,10.288454557177756,7.513676344404315,8.734500306681838,9.322476641400455,9.851033969755363,9.454993044065306,8.59654024064751
"Trimethylsilyl (5-benzyl-3,6-dioxopiperazin-2-yl)acetate",,,,,,,
Trimethylsilyl 3-((trimethylsilyl)thio)propanoate,14.430528344963054,14.292486862368166,12.932390640462112,13.42986339630258,14.730320234125449,14.490401175957505,15.093810561445858
Trimethylsilyl oct-2-enoate ,22.47529503933838,22.281792559093713,21.90533835374844,22.10541450003973,22.72035035412313,22.013747765218515,23.268638665763092
Trimidox,20.286589146522118,19.563930912449432,18.86991126191946,18.233522970115153,,18.507257630874637,
Tris(trimethylsilyl)carbamate,27.319270389653553,26.697626715412166,27.02680591757846,27.02680591757846,27.02680591757846,27.394260303106314,27.16444445888146
Trisaminol,16.794919963997057,16.566438106771546,16.66661965770871,16.460776870434668,15.899448165189872,16.29914497978906,16.48890693268778
L-Tyrosine,19.636106587463576,19.334680948623113,19.50276059914064,19.563930912449432,19.58645817195534,19.636106587463576,19.83768566429497
Undecanedioic acid,,,,,,,
Uracil,23.170186693268388,23.344749452144185,23.74789648038563,23.268638665763092,22.59839386212323,23.170186693268388,21.582656213233918
Urea,24.81039951315844,24.881535840261137,25.829557703030808,24.227183213337735,26.159228930822945,24.81039951315844,25.028185397811264
Uridine,13.567653665524352,13.567653665524352,13.969241709863779,13.374205489936509,13.130604796863784,13.716827925963031,11.27615080371497
Valylglycine,22.193443929180415,22.193443929180415,22.193443929180415,22.14287226668576,22.10541450003973,22.412073845395906,22.47529503933838
Vanillylmandelic acid,,,,,13.42986339630258,,13.716827925963031
Xylazine,23.010471096897987,22.56359367503951,23.170186693268388,23.010471096897987,22.412073845395906,23.576912828524463,22.412073845395906
Xylitol,23.671892126953985,23.170186693268388,23.344749452144185,22.84098617702293,23.268638665763092,23.41123570577444,23.06320848115337
"Xylonic acid, 2,3,4-tris-O-(trimethylsilyl)-, delta-lactone",,,,,,,
Xylose,13.374205489936509,13.374205489936509,,,,13.913914605610742,12.880164910288897
