Metabolite Name,PubChem,SMILES
"(2S,3R)-3-[(4E,7E)-Nona-4,7-dienoyl]-N,N-bis(trimethylsilyl)oxirane-2-carboxamide ",91696873.0,C/C=C/C/C=C/CCC(=O)C1C(O1)C(=O)N([Si](C)(C)C)[Si](C)(C)C
"(9H-fluoren-9-yl)methanol, O-methoxycarbonyl-",,
(CH3)2C=NC2H558,,
(pm)-alpha-Tocopherol acetate,,
(pm)-N-Propylamphetamine,,
(pm)-Norketamine,,
(pm)-Phenylpropanolamine,,
"(R*,S*)-2,3-Dihydroxybutanoic acid",10964471.0,C[C@H]([C@@H](C(=O)O)O)O
"(S,S)-(-)-Hydrobenzoin",853020.0,C1=CC=C(C=C1)[C@@H]([C@H](C2=CC=CC=C2)O)O
1-(3-Methylphenyl)piperazine,83111.0,CC1=CC(=CC=C1)N2CCNCC2
1-(4-Hydroxybenzylidene)acetone,796857.0,CC(=O)/C=C/C1=CC=C(C=C1)O
1-Aminocyclopropanecarboxylic acid,535.0,C1CC1(C(=O)O)N
"1-Butanamine, N,N-diethyl-",20513.0,CCCCN(CC)CC
1-Cyclopentylethanol,95434.0,CC(C1CCCC1)O
"1-Decene, 8-methyl-",521957.0,CCC(C)CCCCCC=C
1-Deoxypentitol,270738.0,CC(C(C(CO)O)O)O
1-Hexadecanol,2682.0,CCCCCCCCCCCCCCCCO
1-Hexanol,8103.0,CCCCCCO
1-Hydroxy-3-methoxy-6-methylanthraquinone,179389.0,CC1=CC2=C(C=C1)C(=O)C3=C(C2=O)C=C(C=C3O)OC
"1-Methyl-N,N-bis(trimethylsilyl)-4-[(trimethylsilyl)oxy]-1H-imidazol-2-amine",91706643.0,CN1C=C(N=C1N([Si](C)(C)C)[Si](C)(C)C)O[Si](C)(C)C
1-Monoacetin,33510.0,CC(=O)OCC(CO)O
"1-Octanol, 2-butyl-",19800.0,CCCCCCC(CCCC)CO
1-Octanol,957.0,CCCCCCCCO
1-Phenethylamine,7408.0,CC(C1=CC=CC=C1)N
"1-Phenyl-1,2-ethanediol",7149.0,C1=CC=C(C=C1)C(CO)O
1-Phenylethanol,7409.0,CC(C1=CC=CC=C1)O
"1-Piperazineethanol, 4-dibenzo[b,f][1,4]thiazepin-11-yl-",,
1-Tetradecanol,8209.0,CCCCCCCCCCCCCCO
"1,1'-Biphenyl, 3,4-diethyl-",43551.0,CCC1=C(C=C(C=C1)C2=CC=CC=C2)CC
"1,2-Benzenedicarboxylic acid",1017.0,C1=CC=C(C(=C1)C(=O)O)C(=O)O
"1,2-Butadiene, 1,1,4-triphenyl-3-trimethylsilyl-4-trimethylsilyloxy-",601546.0,C[Si](C)(C)C(=C=C(C1=CC=CC=C1)C2=CC=CC=C2)C(C3=CC=CC=C3)O[Si](C)(C)C
"1,2,3,10,11,11a-Hexahydro-6,7,8-trimethoxy-3-oxo-5H-dibenzo(a,d)cycloheptene",627397.0,COC1=C(C(=C2CC3=CC(=O)CCC3CCC2=C1)OC)OC
"1,3-bis[(Trimethylsilyl)ethynyl]benzene",142239.0,C[Si](C)(C)C#CC1=CC(=CC=C1)C#C[Si](C)(C)C
"1,3-Cyclohexanebis(methylamine)",17406.0,C1CC(CC(C1)CN)CN
"1,3-Dioxane-4-methanol, 4,5-dimethyl-",538733.0,CC1COCOC1(C)CO
"1,3,5-Benzetriol",,
"1,4-diazabicyclo[4.3.0]nonan-2,5-dione, 3-methyl ",,
"1,5-Anhydroglucitol",64960.0,C1[C@@H]([C@H]([C@@H]([C@H](O1)CO)O)O)O
10-Heptadecenoic acid,4385123.0,CCCCCCC=CCCCCCCCCC(=O)O
12-Hydroxyoctadecanoic acid,7789.0,CCCCCCC(CCCCCCCCCCC(=O)O)O
12-Oxooctadecanoate,17968486.0,CCCCCCC(=O)CCCCCCCCCCC(=O)[O-]
13-Docosenamide,8214.0,CCCCCCCCC=CCCCCCCCCCCCC(=O)N
"2-(2,5-Dimethoxy-phenyl)-propionaldehyde",596766.0,CC(C=O)C1=C(C=CC(=C1)OC)OC
"2-(Decanoyloxy)propane-1,3-diyl dioctanoate",10436013.0,CCCCCCCCCC(=O)OC(COC(=O)CCCCCCC)COC(=O)CCCCCCC
"2-Acetyl-3-(1-methyl-2-pyrrolyl)-1,4-benzenediol",91736762.0,CC(=O)C1=C(C=CC(=C1C2=CC=CN2C)O)O
"2-Allyl-1,4-dimethoxybenzene",92534.0,COC1=CC(=C(C=C1)OC)CC=C
2-Amino-4-methylphenol,7264.0,CC1=CC(=C(C=C1)O)N
"2-Amino-4,6-dihydroxypyrimidine",66131.0,C1=C(N=C(NC1=O)N)O
2-Aminoadipic acid,469.0,C(CC(C(=O)O)N)CC(=O)O
2-Aminobutanoic acid,6657.0,CCC(C(=O)O)N
2-Furoic acid,6919.0,C1=COC(=C1)C(=O)O
"2-Heptanone, 4,6-dimethyl-",89180.0,CC(C)CC(C)CC(=O)C
2-Heptenoic acid,5282709.0,CCCC/C=C/C(=O)O
2-Hexen-1-ol,5318042.0,CCC/C=C/CO
"2-Hexenoic acid, 2-[(trimethylsilyl)oxy]-",,
2-Hydroxy-3-methylbutyric acid,99823.0,CC(C)C(C(=O)O)O
2-Hydroxy-5-methoxybenzaldehyde,95695.0,COC1=CC(=C(C=C1)O)C=O
2-Hydroxybutyric acid,11266.0,CCC(C(=O)O)O
2-Isopropyl-5-methyl-1-heptanol,545941.0,CCC(C)CCC(CO)C(C)C
2-Ketoisocaproic acid,70.0,CC(C)CC(=O)C(=O)O
2-Methyl-4-pentenoic acid,549519.0,CC(CC=C)C(=O)O
2-Methylglutaconic acid,6368126.0,C/C(=C\CC(=O)O)/C(=O)O
2-Naphthol,8663.0,C1=CC=C2C=C(C=CC2=C1)O
"2-Propanone, bis(1-methylethyl)hydrazone",567495.0,CC(C)N(C(C)C)N=C(C)C
"2-Propenamide, 3-phenyl-N-2-propenyl-",5371820.0,C=CCNC(=O)/C=C/C1=CC=CC=C1
2-Pyrrolidinone,12025.0,C1CC(=O)NC1
"2,2-Diallylpyrrolidine",573606.0,C=CCC1(CCCN1)CC=C
"2,2,4-Trimethyl-1,3-pentanediol diisobutyrate",23284.0,CC(C)C(C(C)(C)COC(=O)C(C)C)OC(=O)C(C)C
"2,2,8,8-Tetramethyl-3,7-dioxa-4-aza-2,8-disilanon-4-ene",,
"2,3-Butanediol",262.0,CC(C(C)O)O
"2,3,4-Trihydroxybutyric acid tetrakis",,
"2,4-Imidazolidinedione, 5,5-dimethyl-",6491.0,CC1(C(=O)NC(=O)N1)C
"2,5-Cyclohexadiene-1,4-dione, 2,6-bis(1,1-dimethylethyl)-",12867.0,CC(C)(C)C1=CC(=O)C=C(C1=O)C(C)(C)C
"2,5-di-tert-Butyl-1,4-benzoquinone",17161.0,CC(C)(C)C1=CC(=O)C(=CC1=O)C(C)(C)C
"2,5-Dimethoxybenzonitrile",79200.0,COC1=CC(=C(C=C1)OC)C#N
"2,5-Dimethoxymandelic acid",12216540.0,COC1=CC(=C(C=C1)OC)C(C(=O)O)O
"2,5-Dimethoxyphenol",5314498.0,COC1=CC(=C(C=C1)OC)O
"2,5-Piperazinedione, 3-benzyl-6-isopropyl-",139766.0,CC(C)C1C(=O)NC(C(=O)N1)CC2=CC=CC=C2
"2,6-Bis[2-[2-S-thiosulfuroethylamino]ethoxy]pyrazine",548216.0,C1=C(N=C(C=N1)OCCNCCSS(=O)(=O)O)OCCNCCSS(=O)(=O)O
"2,6-Dimethyl-N-[3-(trimethylsilyl)-1,3-thiazinan-2-ylidene]aniline",91740490.0,CC1=C(C(=CC=C1)C)N=C2N(CCCS2)[Si](C)(C)C
"2',2,3,6'-Tetramethoxychalcone",24208768.0,COC1=C(C(=CC=C1)OC)C(=O)/C=C/C2=C(C(=CC=C2)OC)OC
3-(2-Hydroxyethyl)imidazole-2-thione,5372748.0,C1=CN(C(=S)N1)CCO
"3-(3-Cyclohexylaminopropionylamino)-5-ethylthiophene-2-carboxylic acid, ethyl ester",543321.0,CCC1=CC(=C(S1)C(=O)OCC)NC(=O)CCNC2CCCCC2
3-Amino-2-piperidone,5200225.0,C1CC(C(=O)NC1)N
3-Amino-5-morpholinomethyl-2-oxazolidinone,3016406.0,C1COCCN1CC2CN(C(=O)O2)N
3-Aminobutanoic acid,10932.0,CC(CC(=O)O)N
"3-Buten-2-one, 3-trimethylsilyloxy-",588565.0,CC(=O)C(=C)O[Si](C)(C)C
"3-Buten-2-one, 4-(4-methoxyphenyl)-",736889.0,CC(=O)/C=C/C1=CC=C(C=C1)OC
"3-Cyclohexyl-L-alanine amide, N,N,N'N'-tetramethyl-",,
3-Hexenedinitrile,5324708.0,C(/C=C/CC#N)C#N
"3-Hydroxy-2,3-dihydromaltol",119838.0,CC1=C(C(=O)C(CO1)O)O
3-Hydroxybutyric acid,441.0,CC(CC(=O)O)O
3-Hydroxyisovaleric acid,69362.0,CC(C)(CC(=O)O)O
3-Indoleacetic acid,802.0,C1=CC=C2C(=C1)C(=CN2)CC(=O)O
3-Indolepropionic acid,3744.0,C1=CC=C2C(=C1)C(=CN2)CCC(=O)O
3-Methoxysalicylic acid,70140.0,COC1=CC=CC(=C1O)C(=O)O
3-Nonen-1-ol,66310.0,CCCCCC=CCCO
"3,4-Dihydroxymandelic acid, ethyl ester",,
"3,4-dimethyl-5-(3,4-methylenedioxy)phenyloxazolidine",86094574.0,CC1C(OCN1C)C2=CC3=C(C=C2)OCO3
"3,5-Dimethylpyrazole",6210.0,CC1=CC(=NN1)C
3'-(Trimethylsilyl)oxy-beta-naphthoflavone,,
3'-Hydroxyacetophenone,8487.0,CC(=O)C1=CC(=CC=C1)O
"3beta,4beta-Bis(trimethylsiloxy)cholest-5-ene",,
4-(Methoxycarbonyl)phenol,7456.0,COC(=O)C1=CC=C(C=C1)O
4-Cumylphenol,11742.0,CC(C)(C1=CC=CC=C1)C2=CC=C(C=C2)O
4-Hydroxy-5-(hydroxymethyl)oxolan-2-one,4635870.0,C1C(C(OC1=O)CO)O
4-Hydroxybenzaldehyde,126.0,C1=CC(=CC=C1C=O)O
4-Hydroxybenzeneacetic acid,127.0,C1=CC(=CC=C1CC(=O)O)O
4-Hydroxybenzoic acid,135.0,C1=CC(=CC=C1C(=O)O)O
4-Hydroxybutanoic acid,10413.0,C(CC(=O)O)CO
4-Hydroxyphenyllactic acid,9378.0,C1=CC(=CC=C1CC(C(=O)O)O)O
5-(2-Aminopropyl)-2-methylphenol,167995.0,CC1=C(C=C(C=C1)CC(C)N)O
5-Aminovaleric acid,138.0,C(CCN)CC(=O)O
"5-Androsten-17alpha-methyl-3beta,17beta-diol",,
"5-Cholesten-3beta, 7alpha-bis[(trimethylsilyl)oxy]- ",,
5-Ethyluracil,73267.0,CCC1=CNC(=O)NC1=O
5-Henicosylresorcinol,,
5-Hydroxyquinoline,135441757.0,C1=CC2=C(C=CC=N2)C(=C1)O
5-Hydroxytryptophan,144.0,C1=CC2=C(C=C1O)C(=CN2)CC(C(=O)O)N
"5alpha-Pregnane-3,20-dione",92810.0,CC(=O)[C@H]1CC[C@@H]2[C@@]1(CC[C@H]3[C@H]2CC[C@@H]4[C@@]3(CCC(=O)C4)C)C
6-Hydroxyflavone-beta-D-glucoside,20769154.0,C1=CC=C(C=C1)C2=CC(=O)C3=C(O2)C=CC(=C3)O[C@H]4[C@@H]([C@H]([C@@H]([C@H](O4)CO)O)O)O
"6,7,4'-Trihydroxyisoflavone",5284649.0,C1=CC(=CC=C1C2=COC3=CC(=C(C=C3C2=O)O)O)O
7-(Trimethylsilyl)amino-4-methylcoumarin,91736840.0,CC1=CC(=O)OC2=C1C=CC(=C2)N[Si](C)(C)C
"7-Acetyl-6-ethyl-1,1,4,4-tetramethyltetralin ",6930.0,CCC1=CC2=C(C=C1C(=O)C)C(CCC2(C)C)(C)C
"7-Isoquinolinol, 1,2,3,4-tetrahydro-1-[(4-hydroxyphenyl)methyl]-6-methoxy-",,
9-Hexadecenoic acid,4668.0,CCCCCCC=CCCCCCCCC(=O)O
9-Octadecenamide,1930.0,CCCCCCCCC=CCCCCCCCC(=O)N
"9,12-Octadecadienoic acid",3931.0,CCCCCC=CCC=CCCCCCCCC(=O)O
"Acetamide, N,N-diethyl-",12703.0,CCN(CC)C(=O)C
"Acetic acid, bis[(trimethylsilyl)oxyl]-",,
"Acetin, bis-1,3-trimethylsilyl ether",91696644.0,CC(=O)OC(CO[Si](C)(C)C)CO[Si](C)(C)C
Acetoacetic acid,96.0,CC(=O)CC(=O)O
"Acetohydrazide, 2-(2-isopropyl-5-methylphenoxy)-N2-benzylideno-",9600027.0,CC1=CC(=C(C=C1)C(C)C)OCC(=O)N/N=C/C2=CC=CC=C2
Aceturic acid,10972.0,CC(=O)NCC(=O)O
Adipoyl-L-carnitine,91826562.0,C[N+](C)(C)C[C@@H](CC(=O)[O-])OC(=O)CCCCC(=O)O
Allylescaline,44719469.0,COC1=CC(=CC(=C1OCC=C)OC)CCN
"alpha-L-Galactopyranoside, methyl 6-deoxy-, (R,R,R,S,S)-",,
alpha-Linolenic acid,5280934.0,CC/C=C\C/C=C\C/C=C\CCCCCCCC(=O)O
alpha-Tocopherol,14985.0,CC1=C(C2=C(CC[C@@](O2)(C)CCC[C@H](C)CCC[C@H](C)CCCC(C)C)C(=C1O)C)C
Ammeline,135408770.0,C1(=NC(=NC(=O)N1)N)N
Arabinaric acid,109475.0,C(C(C(=O)O)O)(C(C(=O)O)O)O
Arachidonic acid,444899.0,CCCCC/C=C\C/C=C\C/C=C\C/C=C\CCCC(=O)O
Arsenous acid,545.0,O[As](O)O
Aspartic acid,5960.0,C([C@@H](C(=O)O)N)C(=O)O
Atrazine desethyl,22563.0,CC(C)NC1=NC(=NC(=N1)N)Cl
Azatadine,19861.0,CN1CCC(=C2C3=CC=CC=C3CCC4=C2N=CC=C4)CC1
"Azetidine, 1-acetyl-2-methyl-",537224.0,CC1CCN1C(=O)C
"Aziridine, 1-(2-buten-2-yl)-",5364853.0,C/C=C(\C)/N1CC1
"Benzaldehyde, 2,5-dimethyl-",22015.0,CC1=CC(=C(C=C1)C)C=O
"Benzene, 1-acetoxy-2,6-dimethoxy-4-(2-propenyl)-",21627673.0,CC(=O)OC1=C(C=C(C=C1OC)CC=C)OC
"Benzene, 1,1'-(1,2-cyclobutanediyl)bis-",140640.0,C1CC(C1C2=CC=CC=C2)C3=CC=CC=C3
"Benzene, 1,3-bis(1,1-dimethylethyl)-",136810.0,CC(C)(C)C1=CC(=CC=C1)C(C)(C)C
"Benzene, 3-cyclohexen-1-yl-",21096.0,C1CC(CC=C1)C2=CC=CC=C2
Benzeneacetamide,7680.0,C1=CC=C(C=C1)CC(=O)N
Benzeneacetic acid,999.0,C1=CC=C(C=C1)CC(=O)O
"Benzeneethanamine, N-[(pentafluorophenyl)methylene]-4-[(trimethylsilyl)oxy]-",601551.0,C[Si](C)(C)OC1=CC=C(C=C1)CCN=CC2=C(C(=C(C(=C2F)F)F)F)F
"Benzenemethanamine, 2,3-dimethoxy-",78106.0,COC1=CC=CC(=C1OC)CN
"Benzimidazole, 5-trifluoromethyl-2-methyl-",608296.0,CC1=NC2=C(N1)C=C(C=C2)C(F)(F)F
"Benzo[b]fluorene, 5-amino-7-methyl-1,2,3,4,6,7,8,9-octahydro-11-thia-10-aza-",2928334.0,CC1CCC2=C(C1)C(=C3C4=C(CCCC4)SC3=N2)N
"Benzoic acid, methyl ester",7150.0,COC(=O)C1=CC=CC=C1
"Benzoic acid, pentadecyl ester",10268510.0,CCCCCCCCCCCCCCCOC(=O)C1=CC=CC=C1
Benzophenone,3102.0,C1=CC=C(C=C1)C(=O)C2=CC=CC=C2
Benzyl alcohol,244.0,C1=CC=C(C=C1)CO
"beta-d-Fructopyranose, 1-deoxy-1-(4-morpholinyl)-2,3,4,5-tetrakis-O-(trimethylsilyl)-",,
"beta-D-Galactofuranose, 1,2,3,5,6-pentakis-O-(trimethylsilyl)-",,
beta-Hydroxypyruvic acid,964.0,C(C(=O)C(=O)O)O
beta-Lyxopyranose,,
5-Hydroxyhexanoic acid,170748.0,CC(CCCC(=O)O)O
Bis(trimethylsilyl)acetylene,84564.0,C[Si](C)(C)C#C[Si](C)(C)C
Boric acid,7628.0,B(O)(O)O
"Butanal, 2,3,4-tris[(trimethylsilyl)oxy]-, O-methyloxime, [R-(R*,R*)]-",,
"Butanoic acid, 2-methyl-3-[(trimethylsilyl)oxy]-",,
"Butanoic acid, 2,4-bis[(trimethylsilyl)oxy]-",,
Butylated Hydroxytoluene,,
Cadaverine,273.0,C(CCN)CCN
Carfentrazone-ethyl,86222.0,CCOC(=O)C(CC1=CC(=C(C=C1Cl)F)N2C(=O)N(C(=N2)C)C(F)F)Cl
"Cephalotaxine, 3-deoxy-3,11-epoxy-, (3alpha,11alpha)-",,
"Cetaben, N,O-bis(trimethylsilyl)-",91741325.0,CCCCCCCCCCCCCCCCN(C1=CC=C(C=C1)C(=O)O[Si](C)(C)C)[Si](C)(C)C
"Cholest-22-ene-21-ol, 3,5-dehydro-6-methoxy-, pivalate",5365019.0,CC(C)/C=C/C(C(C)C1CCC2C1(CCC3C2CC(C45C3(CCC4C5)C)OC)C)OC(=O)C(C)(C)C
"Cholest-7-en-3-ol, (3beta,5alpha)-",,
"Cholesta-3,5-diene ",92835.0,C[C@H](CCCC(C)C)[C@H]1CC[C@@H]2[C@@]1(CC[C@H]3[C@H]2CC=C4[C@@]3(CCC=C4)C)C
Cholesterol,5997.0,C[C@H](CCCC(C)C)[C@H]1CC[C@@H]2[C@@]1(CC[C@H]3[C@H]2CC=C4[C@@]3(CC[C@@H](C4)O)C)C
Cinnamic acid,444539.0,C1=CC=C(C=C1)/C=C/C(=O)O
cis-4-Trimethylsilyloxy-cyclohexyl(trimethylsilyl)carboxylate,533404.0,C[Si](C)(C)OC1CCC(CC1)C(=O)O[Si](C)(C)C
Citric acid,311.0,C(C(=O)O)C(CC(=O)O)(C(=O)O)O
Cyclo-(l-leucyl-l-phenylalanyl),7076347.0,CC(C)C[C@H]1C(=O)N[C@H](C(=O)N1)CC2=CC=CC=C2
Cyclo(L-prolyl-L-valine),,
cyclobutanecarboxylic acid,19494.0,C1CC(C1)C(=O)O
Cyclobutanol,76218.0,C1CC(C1)O
"Cyclopentaneacetic acid, 3-oxo-2-pentyl-",107126.0,CCCCCC1C(CCC1=O)CC(=O)O
"Cyclopentanone, 2,2,4-trimethyl-",119632.0,CC1CC(=O)C(C1)(C)C
D-(-)-Citramalic acid,439766.0,C[C@@](CC(=O)O)(C(=O)O)O
"D-(-)-Fructofuranose, pentakis",,
"D-(-)-Lyxose, tetrakis",,
"D-(-)-Ribofuranose, tetrakis",,
"D-(+)-Ribono-1,4-lactone (R,S,R)-",,
"D-(+)-Talofuranose, pentakis",,
"D-Erythro-Pentofuranose, 2-deoxy-1,3-bis-O-",,
D-Fructose,2723872.0,C1[C@H]([C@H]([C@@H](C(O1)(CO)O)O)O)O
"D-Isoleucine, N-acetyl-",21140535.0,CCC(C)[C@H](C(=O)O)NC(=O)C
D-Leucylglycylglycine,87731.0,CC(C)C[C@H](C(=O)NCC(=O)NCC(=O)O)N
D-Mannose,18950.0,C([C@@H]1[C@H]([C@@H]([C@@H](C(O1)O)O)O)O)O
D-Proline,8988.0,C1C[C@@H](NC1)C(=O)O
D-Ribose,10975657.0,C1[C@H]([C@H]([C@H](C(O1)O)O)O)O
D-Threitol,169019.0,C([C@H]([C@@H](CO)O)O)O
"D-Xylofuranose, 1,2,3,5-tetrakis-O-",,
Decanoic acid,2969.0,CCCCCCCCCC(=O)O
Dehydronorketamine,162835.0,C1CC(C(=O)C=C1)(C2=CC=CC=C2Cl)N
Delorazepam,17925.0,C1C(=O)NC2=C(C=C(C=C2)Cl)C(=N1)C3=CC=CC=C3Cl
Deoxycholic Acid,222528.0,C[C@H](CCC(=O)O)[C@H]1CC[C@@H]2[C@@]1([C@H](C[C@H]3[C@H]2CC[C@H]4[C@@]3(CC[C@H](C4)O)C)O)C
Desmosterol,439577.0,C[C@H](CCC=C(C)C)[C@H]1CC[C@@H]2[C@@]1(CC[C@H]3[C@H]2CC=C4[C@@]3(CC[C@@H](C4)O)C)C
Dihydrouracil,649.0,C1CNC(=O)NC1=O
Dimethyl fumarate,637568.0,COC(=O)/C=C/C(=O)OC
"Dimethyl hexopyranosiduronate, alpha-D-",,
Dinoseb,6950.0,CCC(C)C1=C(C(=CC(=C1)[N+](=O)[O-])[N+](=O)[O-])O
Diphenyl ether,7583.0,C1=CC=C(C=C1)OC2=CC=CC=C2
DL-Glyceraldehyde,751.0,C(C(C=O)O)O
DL-Ornithine,389.0,C(CC(C(=O)O)N)CN
DL-Phenylalanine,994.0,C1=CC=C(C=C1)CC(C(=O)O)N
"DL-Proline, 5-oxo-",499.0,C1CC(=O)NC1C(=O)O
Dobutamine,36811.0,CC(CCC1=CC=C(C=C1)O)NCCC2=CC(=C(C=C2)O)O
Doconexent,445580.0,CC/C=C\C/C=C\C/C=C\C/C=C\C/C=C\C/C=C\CCC(=O)O
"Dodecane, 4,6-dimethyl-",545627.0,CCCCCCC(C)CC(C)CCC
Dodecanoic acid,3893.0,CCCCCCCCCCCC(=O)O
Dodecylcyclohexane,15714.0,CCCCCCCCCCCCC1CCCCC1
Eicosapentaenoic acid,5282847.0,CC/C=C/C/C=C/C/C=C/C/C=C/C/C=C/CCCC(=O)O
Erythritol,222285.0,C([C@H]([C@H](CO)O)O)O
"Erythrono-1,4-lactone, (Z)-",,
"Ethanamine, N,N-diethyl-2,2-dimethyl-2-[(3,5-dimethoxy)phenyl]-",559636.0,CCN(CC)CC(C)(C)C1=CC(=CC(=C1)OC)OC
Ethanolamine,700.0,C(CO)N
"Ethanone, 1-(2,5-dimethoxyphenyl)-",70991.0,CC(=O)C1=C(C=CC(=C1)OC)OC
"Ethanone, 1-(5-methoxy-2-methyl-3(1H)-indolyl)-",604823.0,CC1=C(C2=C(N1)C=CC(=C2)OC)C(=O)C
"Furan, 2-pentyl-",19602.0,CCCCCC1=CC=CO1
Galactopyranose,6036.0,C([C@@H]1[C@@H]([C@@H]([C@H](C(O1)O)O)O)O)O
Gln-Ala,9813211.0,C[C@@H](C(=O)O)NC(=O)[C@H](CCC(=O)N)N
Glucopyranose,5793.0,C([C@@H]1[C@H]([C@@H]([C@H](C(O1)O)O)O)O)O
Glucose,5793.0,C([C@@H]1[C@H]([C@@H]([C@H](C(O1)O)O)O)O)O
Glyceric acid,752.0,C(C(C(=O)O)O)O
Glycine,750.0,C(C(=O)O)N
"Glycine, N-(1-oxobutyl)-",88412.0,CCCC(=O)NCC(=O)O
"Glycine, N-(N-DL-leucylglycyl)-",96806.0,CC(C)CC(C(=O)NCC(=O)NCC(=O)O)N
"Glycine, N-[4-[(trimethylsilyl)oxy]benzoyl]-",,
Glycolic acid,757.0,C(C(=O)O)O
Glyoxime,135495951.0,C(=NO)C=NO
Guanabenz,5702063.0,C1=CC(=C(C(=C1)Cl)/C=N/N=C(N)N)Cl
Heptadecanoic acid,10465.0,CCCCCCCCCCCCCCCCC(=O)O
Hexanedioic acid,196.0,C(CCC(=O)O)CC(=O)O
Hexanoic acid,8892.0,CCCCCC(=O)O
Hydantoic acid,10020.0,C(C(=O)O)NC(=O)N
Hydracrylic acid,68152.0,C(CO)C(=O)O
Hydroquinidine,91503.0,CC[C@H]1CN2CC[C@H]1C[C@@H]2[C@H](C3=C4C=C(C=CC4=NC=C3)OC)O
Hydroquinone,785.0,C1=CC(=CC=C1O)O
Indole-3-carboxaldehyde,10256.0,C1=CC=C2C(=C1)C(=CN2)C=O
Indole-3-lactic acid,92904.0,C1=CC=C2C(=C1)C(=CN2)CC(C(=O)O)O
Indole-5-carboxylic acid,74280.0,C1=CC2=C(C=CN2)C=C1C(=O)O
"Inosose-2, 1,3,4,5,6-pentakis-",,
Isofucosterol,5281326.0,C/C=C(/CC[C@@H](C)[C@H]1CC[C@@H]2[C@@]1(CC[C@H]3[C@H]2CC=C4[C@@]3(CC[C@@H](C4)O)C)C)\C(C)C
Isopropyl palmitate,8907.0,CCCCCCCCCCCCCCCC(=O)OC(C)C
Isoxaben,73672.0,CCC(C)(CC)C1=NOC(=C1)NC(=O)C2=C(C=CC=C2OC)OC
Itaconic acid,811.0,C=C(CC(=O)O)C(=O)O
Ketamine,3821.0,CNC1(CCCCC1=O)C2=CC=CC=C2Cl
L-5-Oxoproline,7405.0,C1CC(=O)N[C@@H]1C(=O)O
L-Alanine,5950.0,C[C@@H](C(=O)O)N
L-Asparagine,6267.0,C([C@@H](C(=O)O)N)C(=O)N
L-Aspartic acid,5960.0,C([C@@H](C(=O)O)N)C(=O)O
L-Cysteine,5862.0,C([C@@H](C(=O)O)N)S
L-Glutamic acid,33032.0,C(CC(=O)O)[C@@H](C(=O)O)N
l-Histidine ethyl ester,,
L-Hydroxyproline,5810.0,C1[C@H](CN[C@@H]1C(=O)O)O
L-Isoleucine,6306.0,CC[C@H](C)[C@@H](C(=O)O)N
L-Leucine,6106.0,CC(C)C[C@@H](C(=O)O)N
"L-Lysine, ethyl ester ",107469.0,CCOC(=O)[C@H](CCCCN)N
L-Norleucine,21236.0,CCCC[C@@H](C(=O)O)N
L-Threitol,445969.0,C([C@@H]([C@H](CO)O)O)O
L-Tryptophan,6305.0,C1=CC=C2C(=C1)C(=CN2)C[C@@H](C(=O)O)N
"L-Tryptophan, N-acetyl-1",,
Lactic Acid,612.0,CC(C(=O)O)O
Latanoprost lactone diol,10267038.0,C1[C@H]([C@@H]([C@@H]2[C@H]1OC(=O)C2)CC[C@H](CCC3=CC=CC=C3)O)O
Levulinic acid,11579.0,CC(=O)CCC(=O)O
Malic acid,525.0,C(C(C(=O)O)O)C(=O)O
Metanephrine,21100.0,CNCC(C1=CC(=C(C=C1)O)OC)O
"Methyl (3,4-dimethoxyphenyl)(hydroxy)acetate",597469.0,COC1=C(C=C(C=C1)C(C(=O)OC)O)OC
Methyl alpha-Lyxofuranoside,,
Methyl aminoacetate,69221.0,COC(=O)CN
Methyl isovanillate,4056967.0,COC1=C(C=C(C=C1)C(=O)OC)O
Methyl-3-methoxy-5-methyl benzoate,13834966.0,CC1=CC(=CC(=C1)OC)C(=O)OC
Methylmalonic monoamide,19373131.0,CC(C(=O)N)C(=O)O
Mirin,1206243.0,C1=CC(=CC=C1/C=C\2/C(=O)N=C(S2)N)O
"Morpholine, 4-[2,3,4,6-tetrakis-O-(trimethylsilyl)-alpha-d-mannopyranosyl]-",,
Myristic acid,11005.0,CCCCCCCCCCCCCC(=O)O
N-(Trimethylsilyl)hexanamide,18935209.0,CCCCCC(=O)N[Si](C)(C)C
N-Acetyl-L-glutamic acid,70914.0,CC(=O)N[C@@H](CCC(=O)O)C(=O)O
"N-isobutyl-2-(trimethylsilyloxy]-4,5-dihydro-1H-imidazole-1-carboxamide",91729087.0,CC(C)CNC(=O)N1CCN=C1O[Si](C)(C)C
N-Isobutyrylglycine,10855600.0,CC(C)C(=O)NCC(=O)O
N-Isovaleroylglycine,546304.0,CC(C)CC(=O)NCC(=O)O
N-Methyl-N-(tetrahydro-2-furanylmethyl)-4-piperidinamine,25219599.0,CN(CC1CCCO1)C2CCNCC2
n-Pentadecanol,12397.0,CCCCCCCCCCCCCCCO
N-Valerylglycine,4737557.0,CCCCC(=O)NCC(=O)O
"N,9-bis(Trimethylsilyl)-6-[(trimethylsilyl)oxy]-9H-purin-2-amine",530172.0,C[Si](C)(C)NC1=NC2=C(C(=N1)O[Si](C)(C)C)N=CN2[Si](C)(C)C
"N,N-Diethyl-2-aminoethanol",7497.0,CCN(CC)CCO
"N,N-Dimethyl-2-cyclohexyloxyethylamine",546952.0,CN(C)CCOC1CCCCC1
"N,O-Bis(trimethylsilyl)carbamate",3015764.0,C[Si](C)(C)NC(=O)O[Si](C)(C)C
Naphthofluorescein,3124834.0,C1=CC=C2C(=C1)C(=O)OC23C4=C(C5=C(C=C4)C=C(C=C5)O)OC6=C3C=CC7=C6C=CC(=C7)O
Neostigmine,4456.0,CN(C)C(=O)OC1=CC=CC(=C1)[N+](C)(C)C
Niacin,938.0,C1=CC(=CN=C1)C(=O)O
Niacinamide,936.0,C1=CC(=CN=C1)C(=O)N
Niclosamide,4477.0,C1=CC(=C(C=C1[N+](=O)[O-])Cl)NC(=O)C2=C(C=CC(=C2)Cl)O
Nitrosothymol,75393.0,CC1=CC(=C(C=C1N=O)C(C)C)O
Nonadecanoic acid,12591.0,CCCCCCCCCCCCCCCCCCC(=O)O
Norketamine,123767.0,C1CCC(C(=O)C1)(C2=CC=CC=C2Cl)N
"O-Methyl-N,N'-diisopropylisourea ",383824.0,CC(C)NC(=NC(C)C)OC
Octan-2-yl palmitate,19825814.0,CCCCCCCCCCCCCCCC(=O)OC(C)CCCCCC
"Octane, 1-propoxy-",520430.0,CCCCCCCCOCCC
Octanoic acid,379.0,CCCCCCCC(=O)O
Octocrylene,22571.0,CCCCC(CC)COC(=O)C(=C(C1=CC=CC=C1)C2=CC=CC=C2)C#N
Octopamine,4581.0,C1=CC(=CC=C1C(CN)O)O
Ornithine,6262.0,C(C[C@@H](C(=O)O)N)CN
Oxalic acid,971.0,C(=O)(C(=O)O)O
p-Hydroxydiisopropylbenzene,18935.0,CC(C)C1=CC=C(C=C1)C(C)(C)O
p-Toluic acid,7470.0,CC1=CC=C(C=C1)C(=O)O
Palmitelaidic acid,5282745.0,CCCCCC/C=C/CCCCCCCC(=O)O
Palmitic Acid,985.0,CCCCCCCCCCCCCCCC(=O)O
"Pentanedioic acid, 2-[(trimethylsilyl)oxy]-",,
"Pentanedioic acid, 3-methyl-3-[(trimethylsilyl)oxy]-",,
"Pentenoic acid, 4-[(trimethylsilyl)oxy]-",,
Pentylone,60208608.0,CCCC(C(=O)C1=CC2=C(C=C1)OCO2)NC
"Phenol, 3,5-bis(1,1-dimethylethyl)-",70825.0,CC(C)(C)C1=CC(=CC(=C1)O)C(C)(C)C
Phenoxyacetic acid,19188.0,C1=CC=C(C=C1)OCC(=O)O
Phenylalanine,6140.0,C1=CC=C(C=C1)C[C@@H](C(=O)O)N
Phenylpropanolamine,10297.0,C[C@@H]([C@@H](C1=CC=CC=C1)O)N
Phlorizin,6072.0,C1=CC(=CC=C1CCC(=O)C2=C(C=C(C=C2O[C@H]3[C@@H]([C@H]([C@@H]([C@H](O3)CO)O)O)O)O)O)O
Phloroglucinol,359.0,C1=C(C=C(C=C1O)O)O
Phosalone,4793.0,CCOP(=S)(OCC)SCN1C2=C(C=C(C=C2)Cl)OC1=O
Phthalazin-1-one,8394.0,C1=CC=C2C(=C1)C=NNC2=O
Pimelic acid,385.0,C(CCC(=O)O)CCC(=O)O
Pipecolic acid,849.0,C1CCNC(C1)C(=O)O
"Pregn-16-en-20-one, 3,18-bis(acetyloxy)-14,15-epoxy-, (3beta,5alpha,14beta,15beta)-",,
"Propanetriol, 2-methyl-",,
"Propanoic acid, 2-methyl-",6590.0,CC(C)C(=O)O
"Propiophenone, 3',4'-dimethoxy-",15781.0,CCC(=O)C1=CC(=C(C=C1)OC)OC
Propylamine,7852.0,CCCN
"Pyrazine, 3,6-dihydro-3,6-dimethyl-",,
"Pyrimidine, 5-methyl-2,4-bis[(trimethylsilyl)oxy]-",81705.0,CC1=CN=C(N=C1O[Si](C)(C)C)O[Si](C)(C)C
Pyrrole-2-carboxylic acid,12473.0,C1=CNC(=C1)C(=O)O
Quazodine,19918.0,CCC1=NC=NC2=CC(=C(C=C21)OC)OC
Ribitol,6912.0,C([C@H](C([C@H](CO)O)O)O)O
"Ribonic acid, 2,3,4,5-tetrakis-",,
S-Methyl-L-cysteine,24417.0,CSC[C@@H](C(=O)O)N
Salsoline,40010.0,C[C@@H]1C2=CC(=C(C=C2CCN1)O)OC
Ser-Leu,7015695.0,CC(C)C[C@@H](C(=O)O)NC(=O)[C@H](CO)N
Sertraline carbamoyl glucuronide,71752187.0,CN([C@H]1CC[C@H](C2=CC=CC=C12)C3=CC(=C(C=C3)Cl)Cl)C(=O)O[C@H]4[C@@H]([C@H]([C@@H]([C@H](O4)C(=O)O)O)O)O
Stearic acid,5281.0,CCCCCCCCCCCCCCCCCC(=O)O
"Stigmast-5-ene, 3beta-",,
Suberic acid,10457.0,C(CCCC(=O)O)CCC(=O)O
Succinic anhydride,7922.0,C1CC(=O)OC1=O
"Tacrine, N-trimethylsilyl-",,
"Talonic acid, gamma-lactone",,
Tartronic acid,45.0,C(C(=O)O)(C(=O)O)O
Tetradecanenitrile,64678.0,CCCCCCCCCCCCCC#N
"Thiazolo[4,5-f]quinoline, 2,9-dimethyl-",611805.0,CC1=C2C(=NC=C1)C=CC3=C2N=C(S3)C
"Thymine, 1,3-dimethyl-6-(trimethylsilyloxymethyl)-",553578.0,CC1=C(N(C(=O)N(C1=O)C)C)CO[Si](C)(C)C
Tributyl acetylcitrate,6505.0,CCCCOC(=O)CC(CC(=O)OCCCC)(C(=O)OCCCC)OC(=O)C
Triethanolamine,7618.0,C(CO)N(CCO)CCO
"Trimethylsilyl (5-benzyl-3,6-dioxopiperazin-2-yl)acetate",91733438.0,C[Si](C)(C)OC(=O)CC1C(=O)NC(C(=O)N1)CC2=CC=CC=C2
Trimethylsilyl 3-((trimethylsilyl)thio)propanoate,637748.0,C[Si](C)(C)OC(=O)CCS[Si](C)(C)C
Trimethylsilyl oct-2-enoate,533405.0,CCCCCC=CC(=O)O[Si](C)(C)C
Trimidox,135409350.0,C1=C(C=C(C(=C1O)O)O)/C(=N/O)/N
Trisaminol,6503.0,C(C(CO)(CO)N)O
L-Tyrosine,6057.0,C1=CC(=CC=C1C[C@@H](C(=O)O)N)O
Uracil,1174.0,C1=CNC(=O)NC1=O
Vanillylmandelic acid,1245.0,COC1=C(C=CC(=C1)C(C(=O)O)O)O
Xylazine,5707.0,CC1=C(C(=CC=C1)C)NC2=NCCCS2
Xylitol,6912.0,C([C@H](C([C@H](CO)O)O)O)O
Xylose,135191.0,C1[C@H]([C@@H]([C@H](C(O1)O)O)O)O
Syringaldehyde,8655.0,COC1=CC(=CC(=C1O)OC)C=O
D-(+)-Glucosamine,,
2-Ethylacetoacetate,,
L-Valyl-L-leucine,6993118.0,CC(C)C[C@@H](C(=O)O)NC(=O)[C@H](C(C)C)N
2-Ethylhexanoic acid,8697.0,CCCCC(CC)C(=O)O
d-Erythrotetrofuranose,,
"2,5-Cyclohexadiene-1,4-dione, 2,6-bis(1,1-dimethylethyl)",,
Hydracrylic acid,68152.0,C(CO)C(=O)O
Phenylalanine,6140.0,C1=CC=C(C=C1)C[C@@H](C(=O)O)N
Serine,5951.0,C([C@@H](C(=O)O)N)O
1-Octadecanol,8221.0,CCCCCCCCCCCCCCCCCCO
"Propanoic acid, 2-oxo",,
2'-Deoxyribolactone,161815.0,C1[C@@H]([C@H](OC1=O)CO)O
9-Octadecenoic acid,965.0,CCCCCCCCC=CCCCCCCCC(=O)O
"1,7-Dimethyl-4-(1-methylethyl)cyclodecane",543807.0,CC1CCCC(CCC(CC1)C(C)C)C
Phenol,996.0,C1=CC=C(C=C1)O
Methylsuccinic acid,10349.0,CC(CC(=O)O)C(=O)O
L-Isoleucine,6306.0,CC[C@H](C)[C@@H](C(=O)O)N
Tricine,79784.0,C(C(=O)O)NC(CO)(CO)CO
L-Valine,6287.0,CC(C)[C@@H](C(=O)O)N
L-Rhamnose,25310.0,C[C@H]1[C@@H]([C@H]([C@H](C(O1)O)O)O)O
Vanillin,1183.0,COC1=C(C=CC(=C1)C=O)O
Urea,1176.0,C(=O)(N)N
D-(-)-Fructofuranose,,
Tripropylene glycol monomethyl ether,30111.0,CC(COC(C)COC(C)COC)O
L-Serine,5951.0,C([C@@H](C(=O)O)N)O
11-Hydroxy-.DELTA.-9-tetrahydrocannabinol,644022.0,CCCCCC1=CC(=C2[C@@H]3C=C(CC[C@H]3C(OC2=C1)(C)C)CO)O
3-Pyridylcarbinol,7510.0,C1=CC(=CN=C1)CO
Cytosine,597.0,C1=C(NC(=O)N=C1)N
L-Aspartic acid,5960.0,C([C@@H](C(=O)O)N)C(=O)O
Suberic acid,10457.0,C(CCCC(=O)O)CCC(=O)O
Supraene,638072.0,CC(=CCC/C(=C/CC/C(=C/CC/C=C(/CC/C=C(/CCC=C(C)C)\C)\C)/C)/C)C
4-Hydroxybenzaldehyde,126.0,C1=CC(=CC=C1C=O)O
Butyl Succinate,78829.0,CCCCOC(=O)CCC(=O)O
L-Threonine,6288.0,C[C@H]([C@@H](C(=O)O)N)O
Methylmaleic acid,643798.0,C/C(=C/C(=O)O)/C(=O)O
Benzoic Acid,243.0,C1=CC=C(C=C1)C(=O)O
N-(2-hydroxyethyl)-succinimide,236334.0,C1CC(=O)N(C1=O)CCO
Itaconic acid,811.0,C=C(CC(=O)O)C(=O)O
1-Dodecanol,8193.0,CCCCCCCCCCCCO
1-Octanol,957.0,CCCCCCCCO
"2-Propenoic acid, 2-hydroxy-3-(4-hydroxyphenyl)",,
Pyrrole-2-carboxylic acid,12473.0,C1=CNC(=C1)C(=O)O
Salsoline,40010.0,C[C@@H]1C2=CC(=C(C=C2CCN1)O)OC
Cyclohexanemethanol,7507.0,C1CCC(CC1)CO
"cis-4,5-Dihydroxy-o-dithiane",,
4-Hydroxybenzoic acid,135.0,C1=CC(=CC=C1C(=O)O)O
Pimelic acid,385.0,C(CCC(=O)O)CCC(=O)O
2-Piperidinone,12665.0,C1CCNC(=O)C1
beta-Alanine,239.0,C(CN)C(=O)O
"beta-d-Glucopyranose, 2-(acetylamino)-3,6-anhydro-2-deoxy",,
"Gluconolactone (3R,4S,5R,6R)",,
L-Leucine,6106.0,CC(C)C[C@@H](C(=O)O)N
trans-Coniferryl alchool,,
Pentanedioic acid,743.0,C(CC(=O)O)CC(=O)O
3-Undecene,5362751.0,CCCCCCC/C=C/CC
"Butanoic acid, 3,4-dihydroxy-",150929.0,C(C(CO)O)C(=O)O
Methyl 2-acetamido-2-deoxy-3-O-methyl-alpha-D-galactopyranoside,,
Arabinose,439195.0,C1[C@@H]([C@@H]([C@H](C(O1)O)O)O)O
"N-Acetyl-D-galactosamine, (R,R,R,R)",,
3-Deoxyhexitol,560035.0,C(C(CO)O)C(C(CO)O)O
4-Methyl-5-thiazoleethanol,1136.0,CC1=C(SC=N1)CCO
Cyclohexanecarboxylic acid,7413.0,C1CCC(CC1)C(=O)O
"Azetidine, 1-acetyl-2-methyl",537224.0,CC1CCN1C(=O)C
2-Pyrrolidinone,12025.0,C1CC(=O)NC1
D-(-)-Fructopyranose,,
5-Methyluridine,445408.0,CC1=CN(C(=O)NC1=O)[C@H]2[C@@H]([C@@H]([C@H](O2)CO)O)O
1-Tetradecanol,8209.0,CCCCCCCCCCCCCCO
2-Hydroxy-3-methylbutyric acid,99823.0,CC(C)C(C(=O)O)O
Deoxyribopyranose,,
Picolinic acid,1018.0,C1=CC=NC(=C1)C(=O)O
L-Proline,145742.0,C1C[C@H](NC1)C(=O)O
Butyl caprylate,11517.0,CCCCCCCC(=O)OCCCC
DL-Phenylalanine,994.0,C1=CC=C(C=C1)CC(C(=O)O)N
"2,3-Butanediol",262.0,CC(C(C)O)O
"Inosose-2, myo",,
"2,5-Di-tert-butyl-4-hydroxyphenol",,
L-Norvaline,65098.0,CCC[C@@H](C(=O)O)N
2'-Desoxyuridine,13712.0,C1[C@@H]([C@H](O[C@H]1N2C=CC(=O)NC2=O)CO)O
N-Acetyl glucosamine methoxime,,
pyrazole,1048.0,C1=CNN=C1
Norketamine,123767.0,C1CCC(C(=O)C1)(C2=CC=CC=C2Cl)N
"Hexadecanoic acid, 4-hydroxybutyl ester",205694.0,CCCCCCCCCCCCCCCC(=O)OCCCCO
"2',2,3,6'-Tetramethoxychalcone",24208768.0,COC1=C(C(=CC=C1)OC)C(=O)/C=C/C2=C(C(=CC=C2)OC)OC
3-Hexenedioic acid,5351896.0,C(/C=C/CC(=O)O)C(=O)O
Octadecyl octyl ether,87077647.0,CCCCCCCCCCCCCCCCCCOCCCCCCCC
Pipecolic acid,849.0,C1CCNC(C1)C(=O)O
"2-Pentenedioic acid, 2-hydroxy-",,
Thymidine,5789.0,CC1=CN(C(=O)NC1=O)[C@H]2C[C@@H]([C@H](O2)CO)O
2-Aminobutanoic acid,6657.0,CCC(C(=O)O)N
D-Psicofuranose,11378852.0,C([C@@H]1[C@H]([C@H](C(O1)(CO)O)O)O)O
"2-Butenoic acid, 2-hydroxy-",,
Pentanoic acid,7991.0,CCCCC(=O)O
9H-Purin-6-ol,135398638.0,C1=NC2=C(N1)C(=O)NC=N2
"2,3,4-Trihydroxybutyric acid",439535.0,C(C(C(C(=O)O)O)O)O
N-Acetylglucosamine,1738118.0,CC(=O)N[C@@H](C=O)[C@H]([C@@H]([C@@H](CO)O)O)O
Aconitic acid,309.0,C(C(=CC(=O)O)C(=O)O)C(=O)O
"2,4-Di-tert-butylphenol",7311.0,CC(C)(C)C1=CC(=C(C=C1)O)C(C)(C)C
"Trimethylsilyl (5-benzyl-3,6-dioxopiperazin-2-yl)acetate",91733438.0,C[Si](C)(C)OC(=O)CC1C(=O)NC(C(=O)N1)CC2=CC=CC=C2
"2-Allyl-1,4-dimethoxybenzene ",92534.0,COC1=CC(=C(C=C1)OC)CC=C
L-Glutamic acid,33032.0,C(CC(=O)O)[C@@H](C(=O)O)N
Xanthine,1188.0,C1=NC2=C(N1)C(=O)NC(=O)N2
D-Glucose,5793.0,C([C@@H]1[C@H]([C@@H]([C@H](C(O1)O)O)O)O)O
Tetrahydrogeranyl formate,109224.0,CC(C)CCCC(C)CCOC=O
"(4,4-Dimethyl-5-methylene-4,5-dihydro-3H-pyrrol-2-yl)-(4,4-dimethyl-5-methylene-pyrrolidin-2-ylidene)-acetonitrile",5376991.0,CC1(C/C(=C(\C#N)/C2=NC(=C)C(C2)(C)C)/NC1=C)C
D-Allofuranose,21145993.0,C([C@H]([C@@H]1[C@H]([C@H](C(O1)O)O)O)O)O
"D-(+)-Ribono-1,4-lactone ",111064.0,C([C@@H]1[C@H]([C@H](C(=O)O1)O)O)O
Uracil,1174.0,C1=CNC(=O)NC1=O
l-Leucyl-l-valine,6993116.0,CC(C)C[C@@H](C(=O)N[C@@H](C(C)C)C(=O)O)N
Undecanoic acid,8180.0,CCCCCCCCCCC(=O)O
beta-D-(-)-Ribopyranose,,
"1H-Indole-2-carboxylic acid, 5-ethyl-1-(trimethylsilyl)",,
3-Buten-2-one,6570.0,CC(=O)C=C
3-O-methyl-beta-D-Glucopyranose,11869260.0,CO[C@H]1[C@@H]([C@H](O[C@H]([C@@H]1O)O)CO)O
Decyl oleate,5363234.0,CCCCCCCCCCOC(=O)CCCCCCC/C=C\CCCCCCCC
Hydroquinone,785.0,C1=CC(=CC=C1O)O
Xylazine,5707.0,CC1=C(C(=CC=C1)C)NC2=NCCCS2
"Erythrono-1,4-lactone",5325915.0,C1[C@H]([C@H](C(=O)O1)O)O
L-(-)-Sorbofuranose,,
Niacinamide,936.0,C1=CC(=CN=C1)C(=O)N
N-Methyl-alpha-aminoisobutyric acid,75725.0,CC(C)(C(=O)O)NC
"Guanidine, N,N-dimethyl",,
3-(3-Hydroxyphenyl)propanoic acid,91.0,C1=CC(=CC(=C1)O)CCC(=O)O
Lignoceric acid,11197.0,CCCCCCCCCCCCCCCCCCCCCCCC(=O)O
Pyrogallol,1057.0,C1=CC(=C(C(=C1)O)O)O
beta-Arabinopyranose,,
"1,4-Butanediol",8064.0,C(CCO)CO
"Arabinofuranose, 1,2,3,5-tetrakis",,
Ethyl alpha-D-glucopyranoside,9815668.0,CCO[C@@H]1[C@@H]([C@H]([C@@H]([C@H](O1)CO)O)O)O
"2-Butenoic acid, 2-methyl-, 2-methyl-2-propenyl ester",,
Thr-Leu,7021828.0,C[C@H]([C@@H](C(=O)N[C@@H](CC(C)C)C(=O)O)N)O
Menthol,1254.0,CC1CCC(C(C1)O)C(C)C
Pentadecanoic acid,13849.0,CCCCCCCCCCCCCCC(=O)O
6-Hydroxyhexanoic acid,14490.0,C(CCC(=O)O)CCO
Dihydrouracil,649.0,C1CNC(=O)NC1=O
D-(-)-Ribofuranose,,
Decanoic acid,2969.0,CCCCCCCCCC(=O)O
Ribonic acid,5460677.0,C([C@H]([C@H]([C@H](C(=O)O)O)O)O)O
D-Ribose,10975657.0,C1[C@H]([C@H]([C@H](C(O1)O)O)O)O
Hymexazole,24781.0,CC1=CC(=O)NO1
Glycerol tricaprylate,10850.0,CCCCCCCC(=O)OCC(COC(=O)CCCCCCC)OC(=O)CCCCCCC
N-Acetyl-L-glutamic acid,70914.0,CC(=O)N[C@@H](CCC(=O)O)C(=O)O
Monolaurin,14871.0,CCCCCCCCCCCC(=O)OCC(CO)O
Phloretic acid,10394.0,C1=CC(=CC=C1CCC(=O)O)O
L-5-Oxoproline,7405.0,C1CC(=O)N[C@@H]1C(=O)O
Tyrosine,6057.0,C1=CC(=CC=C1C[C@@H](C(=O)O)N)O
4-Pyridinol,12290.0,C1=CNC=CC1=O
5-Hydroxymethyl-2-furoic acid,80642.0,C1=C(OC(=C1)C(=O)O)CO
alpha-Tocopheryl acetate,86472.0,CC1=C(C(=C(C2=C1O[C@](CC2)(C)CCC[C@H](C)CCC[C@H](C)CCCC(C)C)C)OC(=O)C)C
Citric acid,311.0,C(C(=O)O)C(CC(=O)O)(C(=O)O)O
5-Oxohexanoic Acid,18407.0,CC(=O)CCCC(=O)O
9-Octadecenamide,1930.0,CCCCCCCCC=CCCCCCCCC(=O)N
alpha-Linolenic acid,5280934.0,CC/C=C\C/C=C\C/C=C\CCCCCCCC(=O)O
Deoxycholic Acid,222528.0,C[C@H](CCC(=O)O)[C@H]1CC[C@@H]2[C@@]1([C@H](C[C@H]3[C@H]2CC[C@H]4[C@@]3(CC[C@H](C4)O)C)O)C
D-Fructose,2723872.0,C1[C@H]([C@H]([C@@H](C(O1)(CO)O)O)O)O
Glyceric acid,752.0,C(C(C(=O)O)O)O
Octanoic acid,379.0,CCCCCCCC(=O)O
Sebacic acid,5192.0,C(CCCCC(=O)O)CCCC(=O)O
"Acetamide, N-(2-butyl)-N-methyl-",,
Idoxuridine,5905.0,C1[C@@H]([C@H](O[C@H]1N2C=C(C(=O)NC2=O)I)CO)O
L-(+)-Lactic acid,107689.0,C[C@@H](C(=O)O)O
Xylose,135191.0,C1[C@H]([C@@H]([C@H](C(O1)O)O)O)O
"2,5-Dimethoxyphenol",5314498.0,COC1=CC(=C(C=C1)OC)O
"1,3-Dioxane, 2,2-dimethyl-5-hydroxy-",11029884.0,CC1(OCC(CO1)O)C
4-Hydroxy-5-(hydroxymethyl)oxolan-2-one,4635870.0,C1C(C(OC1=O)CO)O
Palmitic Acid,985.0,CCCCCCCCCCCCCCCC(=O)O
13-Docosenamide,8214.0,CCCCCCCCC=CCCCCCCCCCCCC(=O)N
17-alpha-Hydroxypregnenolone,91451.0,CC(=O)[C@]1(CC[C@@H]2[C@@]1(CC[C@H]3[C@H]2CC=C4[C@@]3(CC[C@@H](C4)O)C)C)O
"3-Hydroxy-2,3-dihydromaltol",119838.0,CC1=C(C(=O)C(CO1)O)O
8-Hydroxy-5-(hydroxymethyl)quinoline,,
D-Mannopyranose,18950.0,C([C@@H]1[C@H]([C@@H]([C@@H](C(O1)O)O)O)O)O
Uridine,6029.0,C1=CN(C(=O)NC1=O)[C@H]2[C@@H]([C@@H]([C@H](O2)CO)O)O
3-Aminobutanoic acid,10932.0,CC(CC(=O)O)N
Erythritol,222285.0,C([C@H]([C@H](CO)O)O)O
"2,5-Dimethoxybenzhydrazide",140304.0,COC1=CC(=C(C=C1)OC)C(=O)NN
Cyclohexanol,7966.0,C1CCC(CC1)O
"Hexadecanoic acid, tetradecyl ester",78294.0,CCCCCCCCCCCCCCCC(=O)OCCCCCCCCCCCCCC
Monomethyl succinate,77487.0,COC(=O)CCC(=O)O
"2-Furanacetaldehyde, tetrahydro-alpha",,
Niacin,938.0,C1=CC(=CN=C1)C(=O)O
Nonanoic acid,8158.0,CCCCCCCCC(=O)O
Myristic acid,11005.0,CCCCCCCCCCCCCC(=O)O
"beta-D-Galactopyranoside, methyl-, acetate",,
"Propane, 2-methyl",6360.0,CC(C)C
"Xylonic acid, delta-lactone",,
1-Monopalmitin,14900.0,CCCCCCCCCCCCCCCC(=O)OCC(CO)O
3-Hydroxyisovaleric acid,69362.0,CC(C)(CC(=O)O)O
3-Methyl-2-furoic acid,78127.0,CC1=C(OC=C1)C(=O)O
Pyridoxic acid,6723.0,CC1=NC=C(C(=C1O)C(=O)O)CO
1-Hexacosene,29303.0,CCCCCCCCCCCCCCCCCCCCCCCCC=C
N-Methyl-L-proline,643474.0,CN1CCC[C@H]1C(=O)O
"Pentitol, 3-desoxy",,
1-Methyl-4-hydroxy-1H-imidazol-2-amine,,
"2,3,4,5-Tetrahydroxypentanoic acid-1,4-lactone",,
Glycerol,753.0,C(C(CO)O)O
"(2,2-Dimethyl-5-[2-(2-ethoxymethoxy)propyl][1,3]dioxolan-4-yl)methanol",,
1-Hexanol,8103.0,CCCCCCO
3-Hydroxybutyric acid,441.0,CC(CC(=O)O)O
Cholesterol,5997.0,C[C@H](CCCC(C)C)[C@H]1CC[C@@H]2[C@@]1(CC[C@H]3[C@H]2CC=C4[C@@]3(CC[C@@H](C4)O)C)C
D-(+)-Talofuranose,,
"D-Erythro-Pentitol, 2-deoxy-",,
Glycolic acid,757.0,C(C(=O)O)O
Deoxyglucose,108223.0,C(C=O)[C@H]([C@@H]([C@@H](CO)O)O)O
1-Tetracosene,82436.0,CCCCCCCCCCCCCCCCCCCCCCC=C
Dihydroxyacetone,670.0,C(C(=O)CO)O
Hexacosanoic acid,10469.0,CCCCCCCCCCCCCCCCCCCCCCCCCC(=O)O
12-Oxooctadecanoate,17968486.0,CCCCCCC(=O)CCCCCCCCCCC(=O)[O-]
4-Hydroxyphenyllactic acid,9378.0,C1=CC(=CC=C1CC(C(=O)O)O)O
Arabinitol,94154.0,C([C@H](C([C@@H](CO)O)O)O)O
Butanedioic acid,1110.0,C(CC(=O)O)C(=O)O
Ketamine,3821.0,CNC1(CCCCC1=O)C2=CC=CC=C2Cl
L-Glutamine,5961.0,C(CC(=O)N)[C@@H](C(=O)O)N
"1-Propanamine, N,N-diethyl-",78206.0,CCCN(CC)CC
alpha-L-(-)-Fucopyranose,,
Azelaic acid,2266.0,C(CCCC(=O)O)CCCC(=O)O
Campesterol,173183.0,C[C@H](CC[C@@H](C)C(C)C)[C@H]1CC[C@@H]2[C@@]1(CC[C@H]3[C@H]2CC=C4[C@@]3(CC[C@@H](C4)O)C)C
"D-Erythro-Pentofuranose, 2-deoxy-1,3-bis-O-posphate",,
3-Hydroxypicolinic acid,13401.0,C1=CC(=C(N=C1)C(=O)O)O
Ethanamine,6341.0,CCN
2-Palmitoylglycerol,123409.0,CCCCCCCCCCCCCCCC(=O)OC(CO)CO
4-Hydroxybutanoic acid,10413.0,C(CC(=O)O)CO
Phloroglucinol,359.0,C1=C(C=C(C=C1O)O)O
Isonicotinic Acid,5922.0,C1=CN=CC=C1C(=O)O
"(2,5-Dimethoxyphenyl)acetone",268577.0,CC(=O)CC1=C(C=CC(=C1)OC)OC
"(2R)-Pyrrolidine-1,2-dicarboxylic acid, bis(tert-butyldimethylsilyl) ester",91742919.0,CC(C)(C)[Si](C)(C)OC(=O)C1CCCN1C(=O)O[Si](C)(C)C(C)(C)C
(4-Fluorophenyl)phenylmethanol,570753.0,C1=CC=C(C=C1)C(C2=CC=C(C=C2)F)O
"(9H-fluoren-9-yl)methanol, O-methoxycarbonyl-",,
"3,4,5-Trimethoxyamphetamine",31016.0,CC(CC1=CC(=C(C(=C1)OC)OC)OC)N
Oxypeucedanin,33306.0,CC1([C@@H](O1)COC2=C3C=CC(=O)OC3=CC4=C2C=CO4)C
"1-(1-Hydroxybutyl)-2,5-dimethoxybenzene ",597463.0,CCCC(C1=C(C=CC(=C1)OC)OC)O
"1-(2,4-Dimethoxyphenyl)-propan-2-one",592028.0,CC(=O)CC1=C(C=C(C=C1)OC)OC
"1-(2,5-Dimethoxyphenyl)-1-[(trimethylsilyl)oxy]propan-2-amine",14345506.0,CC(C(C1=C(C=CC(=C1)OC)OC)O[Si](C)(C)C)N
"1-(4-Methoxyphenyl)-4,6-dimethyl-2(1H)-pyrimidinone",612085.0,CC1=CC(=NC(=O)N1C2=CC=C(C=C2)OC)C
1-(Cyclohexylmethyl)-4-piperidinylamine,,
1-(tert-Butyldimethylsilyl)-4-methyl-1H-pyrazole,91716313.0,CC1=CN(N=C1)[Si](C)(C)C(C)(C)C
"1,2,4-Butanetriol, (S)",,
"1,2-Benzenedicarboxylic acid, butyl octyl ester",66540.0,CCCCCCCCOC(=O)C1=CC=CC=C1C(=O)OCCCC
"1,2-Bis(trimethylsiloxy)cyclohexene",620980.0,C[Si](C)(C)OC1=C(CCCC1)O[Si](C)(C)C
"1,2-Cinnolinedicarboxylic acid, 1,2,3,5,6,7,8,8a-octahydro-4-trimethylsilyloxy-, diethyl ester",553703.0,CCOC(=O)N1CC(=C2CCCCC2N1C(=O)OCC)O[Si](C)(C)C
"1,2-Cyclohexanediol, (Z)",,
"1,3-Butanediamine",61136.0,CC(CCN)N
"1,3-Oxazolidine, 2,5-diphenyl-4-methyl-, trans-",,
"1,3-Propanediol",10442.0,C(CO)CO
10-Undecynoic acid,31039.0,C#CCCCCCCCCC(=O)O
"13-Docosenamide, (Z)",,
1-Butanol,263.0,CCCCO
"1-Heptanol, 2-propyl-",24847.0,CCCCCC(CCC)CO
1-Hexacosanol,68171.0,CCCCCCCCCCCCCCCCCCCCCCCCCCO
1-Octadecanol,8221.0,CCCCCCCCCCCCCCCCCCO
"1-Octanol, 2-butyl-",19800.0,CCCCCCC(CCCC)CO
"1-Pentene, 1,3-diphenyl-1-(trimethylsilyloxy)-",5378122.0,CCC(/C=C(/C1=CC=CC=C1)\O[Si](C)(C)C)C2=CC=CC=C2
"2(1H)-Quinolinone, 3-[3-(4-methoxyphenyl)-1-oxo-2-propen-1-yl]-4-phenyl",,
"2(5H)-Furanone, 4-(hydroxymethyl)",,
"2-(Ethylamino)ethanol, N-acetyl",24284463.0,CCN(CCO)C(=O)C
2-(Methylamino)ethanol,8016.0,CNCCO
"2,2'-Bipyridine",1474.0,C1=CC=NC(=C1)C2=CC=CC=N2
"2,3-Butanediol, O-(trimethylsilyl)-, monoacetate",575921.0,CC(C(C)O[Si](C)(C)C)OC(=O)C
"2,3-Dihydroxybutanoic acid",250402.0,CC(C(C(=O)O)O)O
"2',3'-Di-O-acetyladenosine",122538.0,CC(=O)O[C@@H]1[C@H](O[C@H]([C@@H]1OC(=O)C)N2C=NC3=C(N=CN=C32)N)CO
"2,4,4'-Trihydroxybenzophenone",73852.0,C1=CC(=CC=C1C(=O)C2=C(C=C(C=C2)O)O)O
"2,4,6-Cycloheptatrien-1-one",10881.0,C1=CC=CC(=O)C=C1
"2,4-Dihydroxyacetophenone",6990.0,CC(=O)C1=C(C=C(C=C1)O)O
"2,4-Dimethoxybenzaldoxime",231242.0,COC1=CC(=C(C=C1)C=NO)OC
"2,4-Di-tert-butylphenol",7311.0,CC(C)(C)C1=CC(=C(C=C1)O)C(C)(C)C
"2,4-Imidazolidinedione, 5,5-dimethyl",,
"2,5-Bis((tert-butyldimethylsilyl)oxy)-4,4-dimethyl-4H-imidazole",91741551.0,CC1(C(=NC(=N1)O[Si](C)(C)C(C)(C)C)O[Si](C)(C)C(C)(C)C)C
"2,5-Dimethoxybenzhydrazide",140304.0,COC1=CC(=C(C=C1)OC)C(=O)NN
"2,5-Dimethoxybenzonitrile",79200.0,COC1=CC(=C(C=C1)OC)C#N
"2,5-Dimethoxyphenol",5314498.0,COC1=CC(=C(C=C1)OC)O
"2',5'-Dimethoxypropiophenone",79865.0,CCC(=O)C1=C(C=CC(=C1)OC)OC
"2,6-di-tert-Butyl-4-(dimethylaminomethyl)phenol",66609.0,CC(C)(C)C1=CC(=CC(=C1O)C(C)(C)C)CN(C)C
"2-Allyl-1,4-dimethoxybenzene",92534.0,COC1=CC(=C(C=C1)OC)CC=C
2-Amino-4-methylbenzophenone,78651.0,CC1=CC(=C(C=C1)C(=O)C2=CC=CC=C2)N
2-Aminoquinolin-8-ol,4653788.0,C1=CC2=C(C(=C1)O)N=C(C=C2)N
2-Butanol,6568.0,CCC(C)O
2-Buten-1-ol,20024.0,CC=CCO
"2-Butene-1,4-diol",8065.0,C(C=CCO)O
2-Butenedioic acid,723.0,C(=CC(=O)O)C(=O)O
"2-Butenoic acid, 3-[(tert-butyldimethylsilyl)oxy]",,
2-Butoxyethanol,8133.0,CCCCOCCO
2-Cyanobenzaldehyde,101209.0,C1=CC=C(C(=C1)C=O)C#N
"2-Cyclohexen-1-one, 3-methyl-6-(1-methylethyl)",,
"2-Cyclohexen-1-one, 3-methyl-",14511.0,CC1=CC(=O)CCC1
2-Decanol,14254.0,CCCCCCCCC(C)O
2-Ethyl-1-butanol,7358.0,CCC(CC)CO
2-Ethylhexanoic acid,8697.0,CCCCC(CC)C(=O)O
2-Ethylhexanol,7720.0,CCCCC(CC)CO
"2-Furancarbodithioic acid, methyl ester",574169.0,CSC(=S)C1=CC=CO1
2-Furoic acid,6919.0,C1=COC(=C1)C(=O)O
2-Hexanol,12297.0,CCCCC(C)O
"2'-Hydroxy-2,4,4',5-tetramethoxychalcone",16753967.0,COC1=CC(=C(C=C1)C(=O)/C=C/C2=CC(=C(C=C2OC)OC)OC)O
"2-Hydroxy-2',4',6'-trimethoxychalcone",5883711.0,COC1=CC(=C(C(=C1)OC)C(=O)/C=C/C2=CC=CC=C2O)OC
2-Hydroxy-3-methylbutyric acid,99823.0,CC(C)C(C(=O)O)O
"2-Hydroxymethyl-17alpha-methylandrosta-1,4-diene-11alpha,17beta-diol-3-one",14833616.0,C[C@@]1(CC[C@@H]2[C@@]1(C[C@H]([C@H]3[C@H]2CCC4=CC(=O)C(=C[C@]34C)CO)O)C)O
2-Isopropyl-5-methyl-1-heptanol,545941.0,CCC(C)CCC(CO)C(C)C
"2-Methyl-1,3-butanediol",12698.0,CC(CO)C(C)O
2-Methyl-3-pentanol,11264.0,CCC(C(C)C)O
"2-Methylcyclohexanol, (Z)",,
"2-Methylcyclohexylamine, tert.-butyldimethylsilyl ether",,
2-Naphthol,8663.0,C1=CC=C2C=C(C=CC2=C1)O
2-Norbornanemethanol,21308.0,C1CC2CC1CC2CO
"2-Oxiraneethanol, 2-t-butyldimethysilyloxymethyl- acetate",554546.0,CC(=O)OCCC1(CO1)CO[Si](C)(C)C(C)(C)C
2-Pentadecanone,61303.0,CCCCCCCCCCCCCC(=O)C
"2-Pivaloyl-1,3-indandione",6732.0,CC(C)(C)C(=O)C1C(=O)C2=CC=CC=C2C1=O
2-Propyl-1-pentanol,123543.0,CCCC(CCC)CO
2-Pyrrolidone-5-carboxylic acid,7405.0,C1CC(=O)N[C@@H]1C(=O)O
"2-Thiophenecarboxylic acid, 4-cyanophenyl ester",532783.0,C1=CSC(=C1)C(=O)OC2=CC=C(C=C2)C#N
"3-(4,7-Dimethoxy-2H-1,3-benzodioxol-5-yl)-2-methylprop-2-enal",91735456.0,C/C(=C/C1=CC(=C2C(=C1OC)OCO2)OC)/C=O
3-(4-Methoxyphenyl)coumarin,,
"3,3-Bis{4-[(trimethylsilyl)oxy]phenyl}-2-benzofuran-1(3H)-one",91697039.0,C[Si](C)(C)OC1=CC=C(C=C1)C2(C3=CC=CC=C3C(=O)O2)C4=CC=C(C=C4)O[Si](C)(C)C
"3,3-Dimethylacrylic acid",10931.0,CC(=CC(=O)O)C
"3,4-Dihydroxybenzaldehyde",8768.0,C1=CC(=C(C=C1C=O)O)O
"3,4-Methylenedioxyamphetamine",1614.0,CC(CC1=CC2=C(C=C1)OCO2)N
"3,5-Dimethoxy-4-(tert.-butyldimethylsilyl)oxybenzaldehyde",10357235.0,CC(C)(C)[Si](C)(C)OC1=C(C=C(C=C1OC)C=O)OC
"3,5-Dimethylphenol",7948.0,CC1=CC(=CC(=C1)O)C
3-Amino-5-methylisoxazole,66172.0,CC1=CC(=NO1)N
3-Aminobenzoic acid,7419.0,C1=CC(=CC(=C1)N)C(=O)O
3-Buten-2-one,6570.0,CC(=O)C=C
3-Heptanol,11520.0,CCCCC(CC)O
"3-Hydroxy-7,3',4',5'-tetramethoxyflavone",21721930.0,COC1=CC2=C(C=C1)C(=O)C(=C(O2)C3=CC(=C(C(=C3)OC)OC)OC)O
3-Hydroxymethyl-2-trimethylsilyloxypentane,575923.0,CCC(CO)C(C)O[Si](C)(C)C
3-Methyl-3-buten-1-ol,12988.0,CC(=C)CCO
3-Nonene,88350.0,CCCCCC=CCC
3-Phenyl oxindole,317527.0,C1=CC=C(C=C1)C2C3=CC=CC=C3NC2=O
"4,4'-Dichlorobenzophenone",7034.0,C1=CC(=CC=C1C(=O)C2=CC=C(C=C2)Cl)Cl
"4,5-Dihydro-1H-pyrazole",66962.0,C1CNN=C1
"4-[2-(4,7-Dimethoxy-2H-1,3-benzodioxol-5-yl)ethenyl]-2-methoxyphenol",,
4-Aminobutanoic acid,119.0,C(CC(=O)O)CN
4-Hydroxybutanoic acid,10413.0,C(CC(=O)O)CO
4-Methoxyphenol,9015.0,COC1=CC=C(C=C1)O
"4-Methylquinoline-2,7-diol",,
4-Methylvaleric acid,12587.0,CC(C)CCC(=O)O
4-Oxohexanoic acid,3799774.0,CCC(=O)CCC(=O)O
"4-Phenyl-2,3-dihydro-1H-1,5-benzodiazepin-2-one",177746.0,C1C(=NC2=CC=CC=C2NC1=O)C3=CC=CC=C3
4-tert-Butyldimethylsiloxy-3-penten-2-one,6034727.0,C/C(=C\C(=O)C)/O[Si](C)(C)C(C)(C)C
5-Aminovaleric acid,138.0,C(CCN)CC(=O)O
5-Azacytosine,19956.0,C1=NC(=O)NC(=N1)N
"5-Chlorovaleric acid, nonyl ester",521410.0,CCCCCCCCCOC(=O)CCCCCl
"5-Ethyl-1,3-dioxane-5-methanol, tert-butyldimethylsilyl ether",91697308.0,CCC1(COCOC1)CO[Si](C)(C)C(C)(C)C
5-Ethyl-5-methylnonadecane,53839399.0,CCCCCCCCCCCCCCC(C)(CC)CCCC
5-Hydroxy-7-methoxy-2-methyl-3-phenyl-4-chromenone,5378143.0,CC1=C(C(=O)C2=C(C=C(C=C2O1)OC)O)C3=CC=CC=C3
5-Nitroso-8-quinolinol,19103.0,C1=CC2=C(C=CC(=C2N=C1)O)N=O
"5-Nonanol, tert-butyldimethylsilyl ether",,
5-Oxohexanoic Acid,18407.0,CC(=O)CCCC(=O)O
"6,7,4'-Trihydroxyisoflavone",5284649.0,C1=CC(=CC=C1C2=COC3=CC(=C(C=C3C2=O)O)O)O
"6-Aminocaproic acid, N-(tert.-butyldimethylsilyl)",,
"6-Methoxy-1-methyl-1,2,3,4-tetrahydroisoquinolin-7-ol ",46697.0,CC1C2=CC(=C(C=C2CCN1)OC)O
6-Methyluracil,12283.0,CC1=CC(=O)NC(=O)N1
6-Nitroveratryl alcohol,66097.0,COC1=C(C=C(C(=C1)CO)[N+](=O)[O-])OC
6-Oxoheptanoic acid,98810.0,CC(=O)CCCCC(=O)O
"7(S),17(S)-Dihydroxy-8(E),10(Z),13(Z),15(E),19(Z)-docosapentaenoic acid",91886114.0,CC/C=C\C[C@@H](/C=C/C=C\C/C=C\C=C\[C@H](CCCCCC(=O)O)O)O
7-Hydroxy-4-(methoxymethyl)coumarin,5393168.0,COCC1=CC(=O)OC2=C1C=CC(=C2)O
8-Acetyl-7-hydroxycoumarin,5411574.0,CC(=O)C1=C(C=CC2=C1OC(=O)C=C2)O
8-Methylnonanoic acid,111470.0,CC(C)CCCCCCC(=O)O
"9,12-Octadecadienoic acid (Z,Z)",,
9-Ethyl-N-(trimethylsilyl)-9H-carbazol-3-amine,91740788.0,CCN1C2=C(C=C(C=C2)N[Si](C)(C)C)C3=CC=CC=C31
"9H-Xanthen-9-one, 1-hydroxy-3,5,6-trimethoxy",5378599.0,COC1=C(C2=C(C=C1)C(=O)C3=C(C=C(C=C3O2)OC)O)OC
"9Z-Octadecenoic acid, (2S)-3-[(hydroxymercaptophosphinyl)oxy]-2-methoxypropyl ester ",11167229.0,CCCCCCCC/C=C\CCCCCCCC(=O)OCC(COP(=S)(O)O)OC
Acetic acid,176.0,CC(=O)O
Aceturic acid,10972.0,CC(=O)NCC(=O)O
Aconitic acid,309.0,C(C(=CC(=O)O)C(=O)O)C(=O)O
Adenine,190.0,C1=NC2=NC=NC(=C2N1)N
Adipic acid,196.0,C(CCC(=O)O)CC(=O)O
Adipoyl-L-carnitine,91826562.0,C[N+](C)(C)C[C@@H](CC(=O)[O-])OC(=O)CCCCC(=O)O
alpha-Hydroxyisobutyric acid,11671.0,CC(C)(C(=O)O)O
Allylescaline,44719469.0,COC1=CC(=CC(=C1OCC=C)OC)CCN
Aminoguanidine,2146.0,C(=NN)(N)N
Aniline,6115.0,C1=CC=C(C=C1)N
Azelaic acid,2266.0,C(CCCC(=O)O)CCCC(=O)O
"Aziridine, 1-(2-buten-2-yl)",,
"Benz[a]anthracene-1,7,12(2H)-trione, 3,4-dihydro-8-hydroxy-3-methyl-, (3S)",,
"Benz[c]acridine, 5,10-dimethyl",620905.0,CC1=CC2=NC3=C(C=C(C4=CC=CC=C43)C)C=C2C=C1
"Benzaldehyde, 2,5-dimethoxy",,
"Benzene, 1,4-dimethoxy",,
"Benzene, 1-acetoxy-2,6-dimethoxy-4-(2-propenyl)",,
"Benzene, 1-ethyl-3,5-dimethyl",,
Benzeneacetic acid,999.0,C1=CC=C(C=C1)CC(=O)O
Benzenepropanoic acid,107.0,C1=CC=C(C=C1)CCC(=O)O
"Benzenesulfonamide, N-butyl",,
"Benzoic acid, 2-hydroxy-3-[(2-hydroxy-4-methoxy-6-propylbenzoyl)oxy]-4-methoxy-6-propyl-, methyl ester ",606316.0,CCCC1=CC(=C(C(=C1C(=O)OC)O)OC(=O)C2=C(C=C(C=C2O)OC)CCC)OC
"Benzoic acid, methyl ester",7150.0,COC(=O)C1=CC=CC=C1
Benzoic Acid,243.0,C1=CC=C(C=C1)C(=O)O
Benzophenone,3102.0,C1=CC=C(C=C1)C(=O)C2=CC=CC=C2
Benzyl alcohol,244.0,C1=CC=C(C=C1)CO
Biphenyl,7095.0,C1=CC=C(C=C1)C2=CC=CC=C2
Butachlor ESA,,
Butanedioic acid,1110.0,C(CC(=O)O)C(=O)O
Butylmethylamine,8068.0,CCCCNC
Butyric Acid,264.0,CCCC(=O)O
Chlorobenzilate ,10522.0,CCOC(=O)C(C1=CC=C(C=C1)Cl)(C2=CC=C(C=C2)Cl)O
Cholesterol,5997.0,C[C@H](CCCC(C)C)[C@H]1CC[C@@H]2[C@@]1(CC[C@H]3[C@H]2CC=C4[C@@]3(CC[C@@H](C4)O)C)C
cis-2-Decenoic acid,5356596.0,CCCCCCC/C=C\C(=O)O
Citramalic acid,1081.0,CC(CC(=O)O)(C(=O)O)O
Crotonic acid,637090.0,C/C=C/C(=O)O
Curcumin,969516.0,COC1=C(C=CC(=C1)/C=C/C(=O)CC(=O)/C=C/C2=CC(=C(C=C2)O)OC)O
Cyclobutylamine,75645.0,C1CC(C1)N
Cyclocurcumin,69879809.0,COC1=C(C=CC(=C1)/C=C/C2=CC(=O)CC(O2)C3=CC(=C(C=C3)O)OC)O
Cycloheptanol,10399.0,C1CCCC(CC1)O
"Cyclohexanone, 3,3,5-trimethyl",13398.0,CC1CC(=O)CC(C1)(C)C
Cyclooctylamine,2903.0,C1CCCC(CCC1)N
"Cyclopentaneacetic acid, 3-oxo-2-pentyl-, methyl ester",102861.0,CCCCCC1C(CCC1=O)CC(=O)OC
"Cytosine, N-(tert-butyldimethylsilyl)-",,
Desmethylverapamil,,
Diacetyl monoxime,6409633.0,C/C(=N\O)/C(=O)C
Dibutyldodecylamine,3534665.0,CCCCCCCCCCCCN(CCCC)CCCC
Diclofenac,3033.0,C1=CC=C(C(=C1)CC(=O)O)NC2=C(C=CC=C2Cl)Cl
Diethylamine,8021.0,CCNCC
DL-Glyceraldehyde,751.0,C(C(C=O)O)O
DL-p-Hydroxyphenyllactic acid,9378.0,C1=CC(=CC=C1CC(C(=O)O)O)O
"Dodecanoic acid, 1-methylethyl ester",25068.0,CCCCCCCCCCCC(=O)OC(C)C
Dodecanoic acid,3893.0,CCCCCCCCCCCC(=O)O
"D-Streptamine, O-6-amino-6-deoxy-alpha-D-glucopyranosyl-(1-4)-O-(3-deoxy-4-C-methyl-3-(methylamino)-beta-L-arabinopyranosyl-(1-6))-2-deoxy-",11754987.0,C[C@@]1(CO[C@@H]([C@@H]([C@H]1NC)O)O[C@H]2[C@@H](C[C@@H]([C@H]([C@@H]2O)O[C@@H]3[C@@H]([C@H]([C@@H]([C@H](O3)CN)O)O)O)N)N)O
Durapan,1983.0,CC(=O)NC1=CC=C(C=C1)O
"Erythrono-1,4-lactone",5325915.0,C1[C@H]([C@H](C(=O)O1)O)O
Ethanolamine,700.0,C(CO)N
Formamide,713.0,C(=O)N
Frangulin,135454.0,C[C@H]1[C@@H]([C@H]([C@H](C(O1)OC2=CC3=C(C(=C2)O)C(=O)C4=C(C3=O)C=C(C=C4O)C)O)O)O
Glabridin,124052.0,CC1(C=CC2=C(O1)C=CC3=C2OC[C@H](C3)C4=C(C=C(C=C4)O)O)C
Glyceric acid,752.0,C(C(C(=O)O)O)O
Glycerol,753.0,C(C(CO)O)O
Glycine,750.0,C(C(=O)O)N
"Glycine, tert.-butyldimethylsilyl ester",,
Glycolic acid,757.0,C(C(=O)O)O
Guanosine,135398635.0,C1=NC2=C(N1[C@H]3[C@@H]([C@@H]([C@H](O3)CO)O)O)N=C(NC2=O)N
Heptanedioic acid,385.0,C(CCC(=O)O)CCC(=O)O
Heptanoic acid,8094.0,CCCCCCC(=O)O
Heptylamine,8127.0,CCCCCCCN
Hexacosanoic acid,10469.0,CCCCCCCCCCCCCCCCCCCCCCCCCC(=O)O
Hexanoic acid,8892.0,CCCCCC(=O)O
Hydracrylic acid,68152.0,C(CO)C(=O)O
Hydroxylamine,787.0,NO
"Hymexazole, tert-butyldimethylsilyl ether",19104051.0,CC1=CC(=NO1)O[Si](C)(C)C(C)(C)C
Hypoxanthine,135398638.0,C1=NC2=C(N1)C(=O)NC=N2
Iminodiacetic acid,8897.0,C(C(=O)O)NCC(=O)O
Indoprofen,3718.0,CC(C1=CC=C(C=C1)N2CC3=CC=CC=C3C2=O)C(=O)O
Isobutanol,6560.0,CC(C)CO
Isonicotinic Acid,5922.0,C1=CN=CC=C1C(=O)O
Isopropyl palmitate,8907.0,CCCCCCCCCCCCCCCC(=O)OC(C)C
Isopropylamine,6363.0,CC(C)N
Isosorbide,12597.0,C1[C@H]([C@@H]2[C@H](O1)[C@H](CO2)O)O
Ketamine,3821.0,CNC1(CCCCC1=O)C2=CC=CC=C2Cl
"Kojic acid, bis(tert-butyldimethylsilyl) ether",,
L-(+)-Threose,5460672.0,C([C@@H]([C@H](C=O)O)O)O
Lactic acid,612.0,CC(C(=O)O)O
L-Alanine,5950.0,C[C@@H](C(=O)O)N
L-Asparagine,6267.0,C([C@@H](C(=O)O)N)C(=O)N
L-gamma-Glutamyl-L-glutamic acid,92865.0,C(CC(=O)N[C@@H](CCC(=O)O)C(=O)O)[C@@H](C(=O)O)N
Leucylglycine,79070.0,CC(C)CC(C(=O)NCC(=O)O)N
Levulinic acid,11579.0,CC(=O)CCC(=O)O
L-Glutamic acid,33032.0,C(CC(=O)O)[C@@H](C(=O)O)N
L-Glutamine,5961.0,C(CC(=O)N)[C@@H](C(=O)O)N
"L-Histidine, N,1-bis(tert-butyldimethylsilyl)-",,
Lignoceric acid,11197.0,CCCCCCCCCCCCCCCCCCCCCCCC(=O)O
L-Leucine,6106.0,CC(C)C[C@@H](C(=O)O)N
"l-Leucine, n-butoxycarbonyl-N-methyl-, hexadecyl ester",91733016.0,CCCCCCCCCCCCCCCCOC(=O)C(CC(C)C)N(C)C(=O)OCCCC
L-Lysine,5962.0,C(CCN)C[C@@H](C(=O)O)N
L-Norleucine,21236.0,CCCC[C@@H](C(=O)O)N
"l-Norvaline, n-propargyloxycarbonyl-, isohexyl ester",91721610.0,CCCC(C(=O)OCCCC(C)C)NC(=O)OCC#C
L-Ornithine,6262.0,C(C[C@@H](C(=O)O)N)CN
L-Pyroglutamic acid,7405.0,C1CC(=O)N[C@@H]1C(=O)O
L-Serine,5951.0,C([C@@H](C(=O)O)N)O
L-Threonine,6288.0,C[C@H]([C@@H](C(=O)O)N)O
L-Tryptophan,6305.0,C1=CC=C2C(=C1)C(=CN2)C[C@@H](C(=O)O)N
L-Tyrosine,6057.0,C1=CC(=CC=C1C[C@@H](C(=O)O)N)O
Luciferin,92934.0,C1[C@@H](N=C(S1)C2=NC3=C(S2)C=C(C=C3)O)C(=O)O
Lupinine,91461.0,C1CCN2CCC[C@H]([C@H]2C1)CO
L-Valine,6287.0,CC(C)[C@@H](C(=O)O)N
L-Val-L-Leu,6993118.0,CC(C)C[C@@H](C(=O)O)NC(=O)[C@H](C(C)C)N
Malic acid,525.0,C(C(C(=O)O)O)C(=O)O
Maltol,8369.0,CC1=C(C(=O)C=CO1)O
Methanesulfonic acid,6395.0,CS(=O)(=O)O
Methyl lactate,11040.0,CC(C(=O)OC)O
Methylsuccinic acid,10349.0,CC(CC(=O)O)C(=O)O
Methylthiouracil,667493.0,CC1=CC(=O)NC(=S)N1
Mevalonolactone,6419891.0,C[C@]1(CCOC(=O)C1)O
Monocaproin,164635.0,CCCCCC(=O)OCC(CO)O
m-Toluic acid,7418.0,CC1=CC(=CC=C1)C(=O)O
Myristic acid,11005.0,CCCCCCCCCCCCCC(=O)O
"N,N-Dimethyl-2-aminoethanol",7902.0,CN(C)CCO
"N-[(3,4,5-Trimethoxyphenyl)methylidene]hydroxylamine",6875502.0,COC1=CC(=CC(=C1OC)OC)/C=N/O
N-Acetylaminoethanol,,
N-Acetylaspartic acid,65065.0,CC(=O)N[C@@H](CC(=O)O)C(=O)O
N-Acetyl-L-alanine,88064.0,C[C@@H](C(=O)O)NC(=O)C
"Naringenin 4',7-dimethylether",,
N-Caffeoyl-O-methyltyramine,10403282.0,COC1=CC=C(C=C1)CCNC(=O)/C=C/C2=CC(=C(C=C2)O)O
N-Ethylamphetamine,9982.0,CCNC(C)CC1=CC=CC=C1
N-Ethyldiethanolamine,8769.0,CCN(CCO)CCO
Niacin,938.0,C1=CC(=CN=C1)C(=O)O
Niacinamide,936.0,C1=CC(=CN=C1)C(=O)N
N-Isobutyrylglycine,10855600.0,CC(C)C(=O)NCC(=O)O
N-Methyl-1-[(trimethylsilyl)oxy]-1-{4-[(trimethylsilyl)oxy]phenyl}propan-2-amine,91693841.0,CC(C(C1=CC=C(C=C1)O[Si](C)(C)C)O[Si](C)(C)C)NC
N-Methylacetamide,6582.0,CC(=O)NC
Nonanoic acid,8158.0,CCCCCCCCC(=O)O
Norephedrine,10297.0,C[C@@H]([C@@H](C1=CC=CC=C1)O)N
Norketamine,123767.0,C1CCC(C(=O)C1)(C2=CC=CC=C2Cl)N
"Norleucine, N-trimethylsilyl-",,
Octacosanol,68406.0,CCCCCCCCCCCCCCCCCCCCCCCCCCCCO
"Octadecanoic acid, octyl ester",30916.0,CCCCCCCCCCCCCCCCCC(=O)OCCCCCCCC
Octadecanoic acid,5281.0,CCCCCCCCCCCCCCCCCC(=O)O
Octanoic acid,379.0,CCCCCCCC(=O)O
Octocrylene,22571.0,CCCCC(CC)COC(=O)C(=C(C1=CC=CC=C1)C2=CC=CC=C2)C#N
Oleamide,5283387.0,CCCCCCCC/C=C\CCCCCCCC(=O)N
Oleic Acid,445639.0,CCCCCCCC/C=C\CCCCCCCC(=O)O
Olomoucine,4592.0,CN1C=NC2=C(N=C(N=C21)NCCO)NCC3=CC=CC=C3
Oxalic acid,971.0,C(=O)(C(=O)O)O
"Oxalic acid, di(cyclohexylmethyl) ester",6420639.0,C1CCC(CC1)COC(=O)C(=O)OCC2CCCCC2
"Oxymorphone, bis(trimethylsilyl) ether",91697075.0,CN1CCC23C4C(=O)CCC2(C1CC5=C3C(=C(C=C5)O[Si](C)(C)C)O4)O[Si](C)(C)C
Palmitic Acid,985.0,CCCCCCCCCCCCCCCC(=O)O
Pentadecanoic acid,13849.0,CCCCCCCCCCCCCCC(=O)O
Pentanedioic acid,743.0,C(CC(=O)O)CC(=O)O
Pentanoic acid,7991.0,CCCCC(=O)O
"Phenol, 2,4-bis(1-methyl-1-phenylethyl)-",76013.0,CC(C)(C1=CC=CC=C1)C2=CC(=C(C=C2)O)C(C)(C)C3=CC=CC=C3
Phenol,996.0,C1=CC=C(C=C1)O
Phenoxyethanol,31236.0,C1=CC=C(C=C1)OCCO
Phosphoserine,68841.0,C([C@@H](C(=O)O)N)OP(=O)(O)O
Phthalazin-1-one,8394.0,C1=CC=C2C(=C1)C=NNC2=O
Phthalimide,6809.0,C1=CC=C2C(=C1)C(=O)NC2=O
Phytanic acid,26840.0,CC(C)CCCC(C)CCCC(C)CCCC(C)CC(=O)O
Picolinic acid,1018.0,C1=CC=NC(=C1)C(=O)O
Pinosylvin,5280457.0,C1=CC=C(C=C1)/C=C/C2=CC(=CC(=C2)O)O
Pipecolic acid,849.0,C1CCNC(C1)C(=O)O
"Piperazine, 1-(4-acetylphenylsulfonyl)-4-methyl-",567241.0,CC(=O)C1=CC=C(C=C1)S(=O)(=O)N2CCN(CC2)C
Praziquantel,4891.0,C1CCC(CC1)C(=O)N2CC3C4=CC=CC=C4CCN3C(=O)C2
Pro-Ala-Lys,10267656.0,C[C@@H](C(=O)N[C@@H](CCCCN)C(=O)O)NC(=O)[C@@H]1CCCN1
Prometryne,4929.0,CC(C)NC1=NC(=NC(=N1)SC)NC(C)C
"Propanoic acid, 3-[(tert-butyldimethylsilyl)oxy]-2-methyl-",,
"Propanoic acid, dimethyl(isopropyl)silyl ester",,
Propanoic acid,1032.0,CCC(=O)O
"Propionic acid, 3-iodo-, octadecyl ester",91692911.0,CCCCCCCCCCCCCCCCCCOC(=O)CCI
Propylene glycol,1030.0,CC(CO)O
Prostaglandin,,
"Pyrazole[4,5-b]imidazole, 1-formyl-3-ethyl-6-beta-d-ribofuranosyl-",,
"Quinoxaline, 2,3-diphenyl- ",74311.0,C1=CC=C(C=C1)C2=NC3=CC=CC=C3N=C2C4=CC=CC=C4
Salsoline,40010.0,C[C@@H]1C2=CC(=C(C=C2CCN1)O)OC
Sarcosine,1088.0,CNCC(=O)O
Simetryn,13905.0,CCNC1=NC(=NC(=N1)SC)NCC
Spiroxamine,86160.0,CCCN(CC)CC1COC2(O1)CCC(CC2)C(C)(C)C
Stearic acid,5281.0,CCCCCCCCCCCCCCCCCC(=O)O
Suberic acid,10457.0,C(CCCC(=O)O)CCC(=O)O
Succinamide,8036.0,C(CC(=O)N)C(=O)N
Sulindac,1548887.0,CC\1=C(C2=C(/C1=C\C3=CC=C(C=C3)S(=O)C)C=CC(=C2)F)CC(=O)O
Supraene,638072.0,CC(=CCC/C(=C/CC/C(=C/CC/C=C(/CC/C=C(/CCC=C(C)C)\C)\C)/C)/C)C
Synephrine,7172.0,CNCC(C1=CC=C(C=C1)O)O
Taurine,1123.0,C(CS(=O)(=O)O)N
tert-butyl(dimethyl)silyl-2-([tert-butyl(dimethyl)silyl]oxy)hex-2-enoate,6430553.0,CCC/C=C(/C(=O)O[Si](C)(C)C(C)(C)C)\O[Si](C)(C)C(C)(C)C
tert-Butylamine,6385.0,CC(C)(C)N
"Tetrahydro[2,2']bifuranyl-5-one",551231.0,C1CC(OC1)C2CCC(=O)O2
Tetrahydro-solasodine triacetate,587726.0,CC1CCC(N(C1)C(=O)C)C(C)C2C(CC3C2(CCC4C3CCC5C4(CCC(C5)OC(=O)C)C)C)OC(=O)C
Theobromine,5429.0,CN1C=NC2=C1C(=O)NC(=O)N2C
Thymol,6989.0,CC1=CC(=C(C=C1)C(C)C)O
Triethyl citrate,6506.0,CCOC(=O)CC(CC(=O)OCC)(C(=O)OCC)O
Trimethylolpropane,6510.0,CCC(CO)(CO)CO
Tromethamine,6503.0,C(C(CO)(CO)N)O
Tyr-Val,7009560.0,CC(C)[C@@H](C(=O)O)NC(=O)[C@H](CC1=CC=C(C=C1)O)N
Uracil,1174.0,C1=CNC(=O)NC1=O
Urea,1176.0,C(=O)(N)N
Vanillylmandelic acid,1245.0,COC1=C(C=CC(=C1)C(C(=O)O)O)O
"Weberine, 5-desmethoxy-",616877.0,CN1CCC2=CC(=C(C(=C2C1)OC)OC)OC
Xylazine,5707.0,CC1=C(C(=CC=C1)C)NC2=NCCCS2
Yangonin,5281575.0,COC1=CC=C(C=C1)/C=C/C2=CC(=CC(=O)O2)OC
