"Query","Match","HMDB","PubChem","ChEBI","KEGG","METLIN","SMILES","Comment"
"91696873","NA","NA","NA","NA","NA","NA","NA","0"
"10964471","4-Deoxythreonic acid","HMDB0002453","10964471","86391",NA,"6686","C[C@@H](O)[C@H](O)C(O)=O","1"
"853020","NA","NA","NA","NA","NA","NA","NA","0"
"83111","NA","NA","NA","NA","NA","NA","NA","0"
"796857","NA","NA","NA","NA","NA","NA","NA","0"
"535","1-Aminocyclopropanecarboxylic acid","HMDB0036458","535","18053","C01234",NA,"NC1(CC1)C(O)=O","1"
"20513","NA","NA","NA","NA","NA","NA","NA","0"
"95434","NA","NA","NA","NA","NA","NA","NA","0"
"521957","NA","NA","NA","NA","NA","NA","NA","0"
"270738","1-Deoxy-D-ribitol","HMDB0041486","270738",NA,NA,NA,"CC(O)C(O)C(O)CO","1"
"2682","1-Hexadecanol","HMDB0003424","2682","16125","C00823","6927","CCCCCCCCCCCCCCCCO","1"
"8103","1-Hexanol","HMDB0012971","8103","87393","C00854",NA,"CCCCCCO","1"
"179389","NA","NA","NA","NA","NA","NA","NA","0"
"91706643","NA","NA","NA","NA","NA","NA","NA","0"
"33510","2,3-Dihydroxypropyl acetate","HMDB0243948","33510",NA,NA,NA,"CC(=O)OCC(O)CO","1"
"19800","2-Butyl-1-octanol","HMDB0041288","19800","84235",NA,NA,"CCCCCCC(CO)CCCC","1"
"957","Octanol","HMDB0001183","957","16188","C00756","6063","CCCCCCCCO","1"
"7408","1-Phenylethylamine","HMDB0002017","7408","670","C02455","3246","CC(N)C1=CC=CC=C1","1"
"7149","NA","NA","NA","NA","NA","NA","NA","0"
"7409","1-Phenylethanol","HMDB0032619","7409","669","C07112",NA,"CC(O)C1=CC=CC=C1","1"
"8209","Tetradecanol","HMDB0011638","8209","77417",NA,NA,"CCCCCCCCCCCCCCO","1"
"43551","NA","NA","NA","NA","NA","NA","NA","0"
"1017","Phthalic acid","HMDB0002107","1017","29069","C01606","6489","OC(=O)C1=CC=CC=C1C(O)=O","1"
"601546","NA","NA","NA","NA","NA","NA","NA","0"
"627397","NA","NA","NA","NA","NA","NA","NA","0"
"142239","NA","NA","NA","NA","NA","NA","NA","0"
"17406","NA","NA","NA","NA","NA","NA","NA","0"
"538733","NA","NA","NA","NA","NA","NA","NA","0"
"64960","1,5-Anhydrosorbitol","HMDB0002712","64960","16070","C07326","3775","OC[C@H]1OC[C@H](O)[C@@H](O)[C@@H]1O","1"
"4385123","trans-10-Heptadecenoic acid","HMDB0244268","4385123","75098",NA,NA,"CCCCCCC=CCCCCCCCCC(O)=O","1"
"7789","12-Hydroxystearic acid","HMDB0061706","7789","85208",NA,NA,"CCCCCCC(O)CCCCCCCCCCC(O)=O","1"
"17968486","NA","NA","NA","NA","NA","NA","NA","0"
"8214","13-Docosenamide","HMDB0244507","8214",NA,NA,NA,"CCCCCCCCC=CCCCCCCCCCCCC(N)=O","1"
"596766","NA","NA","NA","NA","NA","NA","NA","0"
"10436013","NA","NA","NA","NA","NA","NA","NA","0"
"91736762","NA","NA","NA","NA","NA","NA","NA","0"
"92534","NA","NA","NA","NA","NA","NA","NA","0"
"7264","NA","NA","NA","NA","NA","NA","NA","0"
"66131","NA","NA","NA","NA","NA","NA","NA","0"
"469","2-Aminoadipic acid","HMDB0302754","469","37024","C00956","5496","NC(CCCC(O)=O)C(O)=O","1"
"6657","NA","NA","NA","NA","NA","NA","NA","0"
"6919","2-Furoic acid","HMDB0000617","6919","30845","C01546","2266","OC(=O)C1=CC=CO1","1"
"89180","NA","NA","NA","NA","NA","NA","NA","0"
"5282709","2-Heptenoic acid","HMDB0031484","5282709","38364",NA,NA,"CCCC\C=C\C(O)=O","1"
"5318042","2-Hexen-1-ol","HMDB0030952","5318042","141205",NA,NA,"CCC\C=C\CO","1"
"99823","2-Hydroxy-3-methylbutyric acid","HMDB0000407","99823","60645",NA,"5396","CC(C)C(O)C(O)=O","1"
"95695","NA","NA","NA","NA","NA","NA","NA","0"
"11266","NA","NA","NA","NA","NA","NA","NA","0"
"545941","NA","NA","NA","NA","NA","NA","NA","0"
"70","Ketoleucine","HMDB0000695","70","48430","C00233","5663","CC(C)CC(=O)C(O)=O","1"
"549519","2-Methyl-4-pentenoic acid","HMDB0031158","549519",NA,NA,NA,"CC(CC=C)C(O)=O","1"
"6368126","(E)-2-Methylglutaconic acid","HMDB0002266","6368126",NA,NA,"6584","C\C(=C/CC(O)=O)C(O)=O","1"
"8663","2-Naphthol","HMDB0012322","8663","10432","C11713",NA,"OC1=CC2=CC=CC=C2C=C1","1"
"567495","NA","NA","NA","NA","NA","NA","NA","0"
"5371820","NA","NA","NA","NA","NA","NA","NA","0"
"12025","2-Pyrrolidinone","HMDB0002039","12025","36592","C11118","6452","O=C1CCCN1","1"
"573606","NA","NA","NA","NA","NA","NA","NA","0"
"23284","2,2,4-Trimethyl-1,3-pentadienol diisobutyrate","HMDB0059777","23284",NA,NA,NA,"CC(C)C(OC(=O)C(C)C)C(C)(C)COC(=O)C(C)C","1"
"262","2,3-Butanediol","HMDB0003156","262","62064","C00265","104","CC(O)C(C)O","1"
"6491","NA","NA","NA","NA","NA","NA","NA","0"
"12867","2,6-Di-tert-butylbenzoquinone","HMDB0013817","12867",NA,NA,NA,"CC(C)(C)C1=CC(=O)C=C(C1=O)C(C)(C)C","1"
"17161","NA","NA","NA","NA","NA","NA","NA","0"
"79200","NA","NA","NA","NA","NA","NA","NA","0"
"12216540","NA","NA","NA","NA","NA","NA","NA","0"
"5314498","NA","NA","NA","NA","NA","NA","NA","0"
"139766","NA","NA","NA","NA","NA","NA","NA","0"
"548216","NA","NA","NA","NA","NA","NA","NA","0"
"91740490","NA","NA","NA","NA","NA","NA","NA","0"
"24208768","NA","NA","NA","NA","NA","NA","NA","0"
"5372748","NA","NA","NA","NA","NA","NA","NA","0"
"543321","NA","NA","NA","NA","NA","NA","NA","0"
"5200225","3-Amino-2-piperidone","HMDB0000323","5200225","76341",NA,"5312","NC1CCCNC1=O","1"
"3016406","NA","NA","NA","NA","NA","NA","NA","0"
"10932","3-Aminobutanoic acid","HMDB0031654","10932","37081",NA,NA,"CC(N)CC(O)=O","1"
"588565","NA","NA","NA","NA","NA","NA","NA","0"
"736889","NA","NA","NA","NA","NA","NA","NA","0"
"5324708","NA","NA","NA","NA","NA","NA","NA","0"
"119838","NA","NA","NA","NA","NA","NA","NA","0"
"441","3-Hydroxybutyric acid","HMDB0000011","441","17066","C01089",NA,"C[C@@H](O)CC(O)=O","1"
"69362","3-Hydroxyisovaleric acid","HMDB0000754","69362","37084","C20827","5722","CC(C)(O)CC(O)=O","1"
"802","Indoleacetic acid","HMDB0000197","802","16411","C00954","5211","OC(=O)CC1=CNC2=C1C=CC=C2","1"
"3744","Indole-3-propionic acid","HMDB0002302","3744","43580",NA,"6602","OC(=O)CCC1=CNC2=C1C=CC=C2","1"
"70140","3-Methoxysalicylic acid","HMDB0059713","70140","68496",NA,NA,"COC1=CC=CC(C(O)=O)=C1O","1"
"66310","NA","NA","NA","NA","NA","NA","NA","0"
"86094574","NA","NA","NA","NA","NA","NA","NA","0"
"6210","3,5-Dimethylpyrazole","HMDB0246065","6210",NA,NA,NA,"CC1=CC(C)=NN1","1"
"8487","NA","NA","NA","NA","NA","NA","NA","0"
"7456","Methylparaben","HMDB0032572","7456","31835",NA,NA,"COC(=O)C1=CC=C(O)C=C1","1"
"11742","NA","NA","NA","NA","NA","NA","NA","0"
"4635870","2-Deoxy-L-ribono-1,4-lactone","HMDB0033958","4635870","173532",NA,NA,"OCC1OC(=O)CC1O","1"
"126","4-Hydroxybenzaldehyde","HMDB0011718","126","17597","C00633",NA,"OC1=CC=C(C=O)C=C1","1"
"127","p-Hydroxyphenylacetic acid","HMDB0000020","127","18101","C00642","130","OC(=O)CC1=CC=C(O)C=C1","1"
"135","4-Hydroxybenzoic acid","HMDB0000500","135","30763","C00156","5486","OC(=O)C1=CC=C(O)C=C1","1"
"10413","4-Hydroxybutyric acid","HMDB0000710","10413","30830","C00989","5678","OCCCC(O)=O","1"
"9378","Hydroxyphenyllactic acid","HMDB0000755","9378","17385","C03672","5723","OC(CC1=CC=C(O)C=C1)C(O)=O","1"
"167995","5-(2-Aminopropyl)-2-methylphenol","HMDB0246715","167995",NA,NA,NA,"CC(N)CC1=CC(O)=C(C)C=C1","1"
"138","5-Aminopentanoic acid","HMDB0003355","138","15887","C00431","6902","NCCCCC(O)=O","1"
"73267","5-Ethyluracil","HMDB0246786","73267",NA,NA,NA,"CCC1=CNC(=O)NC1=O","1"
"135441757","NA","NA","NA","NA","NA","NA","NA","0"
"144","NA","NA","NA","NA","NA","NA","NA","0"
"92810","5a-Pregnane-3,20-dione","HMDB0003759","92810","28952","C03681","6981","[H][C@@]12CC[C@H](C(C)=O)[C@@]1(C)CC[C@@]1([H])[C@@]2([H])CC[C@@]2([H])CC(=O)CC[C@]12C","1"
"20769154","NA","NA","NA","NA","NA","NA","NA","0"
"5284649","6-Hydroxydaidzein","HMDB0031715","5284649","74957","C14314",NA,"OC1=CC=C(C=C1)C1=COC2=C(C=C(O)C(O)=C2)C1=O","1"
"91736840","NA","NA","NA","NA","NA","NA","NA","0"
"6930","NA","NA","NA","NA","NA","NA","NA","0"
"4668","NA","NA","NA","NA","NA","NA","NA","0"
"1930","9-Octadecenamide","HMDB0247607","1930",NA,NA,NA,"CCCCCCCCC=CCCCCCCCC(N)=O","1"
"3931","9Z,12E-Octadecadienoic acid","HMDB0247706","3931","86141",NA,NA,"CCCCCC=CCC=CCCCCCCCC(O)=O","1"
"12703","NA","NA","NA","NA","NA","NA","NA","0"
"91696644","NA","NA","NA","NA","NA","NA","NA","0"
"96","Acetoacetic acid","HMDB0000060","96","15344","C00164","276","CC(=O)CC(O)=O","1"
"9600027","NA","NA","NA","NA","NA","NA","NA","0"
"10972","Acetylglycine","HMDB0000532","10972","40410",NA,"5517","CC(=O)NCC(O)=O","1"
"91826562","O-Adipoylcarnitine","HMDB0061677","91826562","86507",NA,NA,"C[N+](C)(C)C[C@@H](CC(O)=O)OC(=O)CCCCC(O)=O","1"
"44719469","NA","NA","NA","NA","NA","NA","NA","0"
"5280934","alpha-Linolenic acid","HMDB0001388","5280934","27432","C06427","6208","CC\C=C/C\C=C/C\C=C/CCCCCCCC(O)=O","1"
"14985","alpha-Tocopherol","HMDB0001893","14985","18145","C02477","6376","CC(C)CCC[C@@H](C)CCC[C@@H](C)CCC[C@]1(C)CCC2=C(C)C(O)=C(C)C(C)=C2O1","1"
"135408770","Ammeline",NA,"135408770",NA,"C08733",NA,NA,"1"
"109475","NA","NA","NA","NA","NA","NA","NA","0"
"444899","Arachidonic acid","HMDB0001043","444899","15843","C00219","193","CCCCC\C=C/C\C=C/C\C=C/C\C=C/CCCC(O)=O","1"
"545","Arsenite","HMDB0011620","545","49900","C13619",NA,"O[As](O)O","1"
"5960","L-Aspartic acid","HMDB0000191","5960","17053","C00049","5206","N[C@@H](CC(O)=O)C(O)=O","1"
"22563","6-Chloro-N-(1-methylethyl)-1,3,5-triazine-2,4-diamine","HMDB0033249","22563","28212","C06559",NA,"CC(C)NC1=NC(N)=NC(Cl)=N1","1"
"19861","Azatadine","HMDB0014857","19861","2946","C07774",NA,"CN1CCC(CC1)=C1C2=CC=CC=C2CCC2=C1N=CC=C2","1"
"537224","NA","NA","NA","NA","NA","NA","NA","0"
"5364853","NA","NA","NA","NA","NA","NA","NA","0"
"22015","NA","NA","NA","NA","NA","NA","NA","0"
"21627673","NA","NA","NA","NA","NA","NA","NA","0"
"140640","1,2-Diphenylcyclobutane","HMDB0031821","140640","151035","C14467",NA,"C1CC(C1C1=CC=CC=C1)C1=CC=CC=C1","1"
"136810","1,3-Di-tert-butylbenzene","HMDB0061923","136810",NA,NA,NA,"CC(C)(C)C1=CC(=CC=C1)C(C)(C)C","1"
"21096","NA","NA","NA","NA","NA","NA","NA","0"
"7680","2-Phenylacetamide","HMDB0010715","7680","16562","C02505",NA,"NC(=O)CC1=CC=CC=C1","1"
"999","Phenylacetic acid","HMDB0000209","999","30745","C07086","129","OC(=O)CC1=CC=CC=C1","1"
"601551","NA","NA","NA","NA","NA","NA","NA","0"
"78106","NA","NA","NA","NA","NA","NA","NA","0"
"608296","NA","NA","NA","NA","NA","NA","NA","0"
"2928334","NA","NA","NA","NA","NA","NA","NA","0"
"7150","Methyl benzoate","HMDB0033968","7150","72775",NA,NA,"COC(=O)C1=CC=CC=C1","1"
"10268510","NA","NA","NA","NA","NA","NA","NA","0"
"3102","Benzophenone","HMDB0032049","3102","41308","C06354",NA,"O=C(C1=CC=CC=C1)C1=CC=CC=C1","1"
"244","Benzyl alcohol","HMDB0003119","244","17987","C00556",NA,"OCC1=CC=CC=C1","1"
"964","Hydroxypyruvic acid","HMDB0001352","964","30841","C00168","482","OCC(=O)C(O)=O","1"
"170748","5-Hydroxyhexanoic acid","HMDB0000525","170748","131434",NA,"5510","CC(O)CCCC(O)=O","1"
"84564","NA","NA","NA","NA","NA","NA","NA","0"
"7628","Boric acid (H3BO3)","HMDB0035731","7628","33118","C12486",NA,"OB(O)O","1"
"273","Cadaverine","HMDB0002322","273","18127","C01672","3236","NCCCCCN","1"
"86222","NA","NA","NA","NA","NA","NA","NA","0"
"91741325","NA","NA","NA","NA","NA","NA","NA","0"
"5365019","NA","NA","NA","NA","NA","NA","NA","0"
"92835","NA","NA","NA","NA","NA","NA","NA","0"
"5997","Cholesterol","HMDB0000067","5997","16113","C00187","163","[H][C@@]1(CC[C@@]2([H])[C@]3([H])CC=C4C[C@@H](O)CC[C@]4(C)[C@@]3([H])CC[C@]12C)[C@H](C)CCCC(C)C","1"
"444539","trans-Cinnamic acid","HMDB0000930","444539","35697","C10438","5880","OC(=O)\C=C\C1=CC=CC=C1","1"
"533404","NA","NA","NA","NA","NA","NA","NA","0"
"311","Citric acid","HMDB0000094","311","30769","C00158","124","OC(=O)CC(O)(CC(O)=O)C(O)=O","1"
"7076347","Cyclo(Leu-Phe)","HMDB0094673","7076347","71608","C20519",NA,"[H][C@@]1(CC(C)C)N=C(O)[C@]([H])(CC2=CC=CC=C2)N=C1O","1"
"19494","NA","NA","NA","NA","NA","NA","NA","0"
"76218","NA","NA","NA","NA","NA","NA","NA","0"
"107126","Dihydrojasmonic acid","HMDB0033601","107126",NA,NA,NA,"CCCCCC1C(CC(O)=O)CCC1=O","1"
"119632","NA","NA","NA","NA","NA","NA","NA","0"
"439766","NA","NA","NA","NA","NA","NA","NA","0"
"2723872","NA","NA","NA","NA","NA","NA","NA","0"
"21140535","NA","NA","NA","NA","NA","NA","NA","0"
"87731","NA","NA","NA","NA","NA","NA","NA","0"
"18950","NA","NA","NA","NA","NA","NA","NA","0"
"8988","D-Proline","HMDB0003411","8988","16313","C00763",NA,"OC(=O)[C@H]1CCCN1","1"
"10975657","D-Ribopyranose",NA,"10975657",NA,NA,NA,NA,"1"
"169019","D-Threitol","HMDB0004136","169019","48300","C16884","140","OC[C@@H](O)[C@H](O)CO","1"
"2969","Capric acid","HMDB0000511","2969","30813","C01571","336","CCCCCCCCCC(O)=O","1"
"162835","Dehydronorketamine","HMDB0246857","162835",NA,NA,NA,"NC1(CCC=CC1=O)C1=CC=CC=C1Cl","1"
"17925","NA","NA","NA","NA","NA","NA","NA","0"
"222528","Deoxycholic acid","HMDB0000626","222528","28834","C04483","265","[H][C@@]1(CC[C@@]2([H])[C@]3([H])CC[C@]4([H])C[C@H](O)CC[C@]4(C)[C@@]3([H])C[C@H](O)[C@]12C)[C@H](C)CCC(O)=O","1"
"439577","Desmosterol","HMDB0002719","439577","17737","C01802","423","[H][C@@]1(CC[C@@]2([H])[C@]3([H])CC=C4C[C@@H](O)CC[C@]4(C)[C@@]3([H])CC[C@]12C)[C@H](C)CCC=C(C)C","1"
"649","Dihydrouracil","HMDB0000076","649","15901","C00429","285","O=C1CCNC(=O)N1","1"
"637568","Dimethyl fumarate","HMDB0031257","637568","76004",NA,NA,"COC(=O)\C=C\C(=O)OC","1"
"6950","(Â±)-2-(1-Methylpropyl)-4,6-dinitrophenol","HMDB0032559","6950","83632","C14302",NA,"CCC(C)C1=C(O)C(=CC(=C1)N(=O)=O)N(=O)=O","1"
"7583","Diphenyl ether","HMDB0034446","7583","39258","C07733",NA,"O(C1=CC=CC=C1)C1=CC=CC=C1","1"
"751","Glyceraldehyde","HMDB0001051","751","5445","C02154","4176","OCC(O)C=O","1"
"389","2,5-Diaminopentanoic acid",NA,"389","18257","C01602",NA,"NCCCC(N)C(=O)O","1"
"994","NA","NA","NA","NA","NA","NA","NA","0"
"499","NA","NA","NA","NA","NA","NA","NA","0"
"36811","Dobutamine","HMDB0014979","36811","4670","C06967",NA,"CC(CCC1=CC=C(O)C=C1)NCCC1=CC(O)=C(O)C=C1","1"
"445580","Docosahexaenoic acid","HMDB0002183","445580","28125","C06429","3457","CC\C=C/C\C=C/C\C=C/C\C=C/C\C=C/C\C=C/CCC(O)=O","1"
"545627","4,6-dimethyldodecane","HMDB0062598","545627","84249",NA,NA,"CCCCCCC(C)CC(C)CCC","1"
"3893","Dodecanoic acid","HMDB0000638","3893","30805","C02679","5611","CCCCCCCCCCCC(O)=O","1"
"15714","NA","NA","NA","NA","NA","NA","NA","0"
"5282847","NA","NA","NA","NA","NA","NA","NA","0"
"222285","Erythritol","HMDB0002994","222285","17113","C00503","140","OC[C@H](O)[C@H](O)CO","1"
"559636","NA","NA","NA","NA","NA","NA","NA","0"
"700","Ethanolamine","HMDB0000149","700","16000","C00189","3207","NCCO","1"
"70991","NA","NA","NA","NA","NA","NA","NA","0"
"604823","NA","NA","NA","NA","NA","NA","NA","0"
"19602","2-Pentylfuran","HMDB0013824","19602","89197",NA,NA,"CCCCCC1=CC=CO1","1"
"6036","alpha-Santalyl acetate","HMDB0037209","6036","4139","C00124",NA,"CC(=O)OC\C(C)=C/CCC1(C)C2CC3C(C2)C13C","1"
"9813211","Glutaminylalanine","HMDB0028790","9813211",NA,NA,NA,"C[C@H](NC(=O)[C@@H](N)CCC(N)=O)C(O)=O","1"
"5793","D-Glucose","HMDB0000122","5793","15903","C00031","133","OC[C@H]1O[C@@H](O)[C@H](O)[C@@H](O)[C@@H]1O","1"
"752","NA","NA","NA","NA","NA","NA","NA","0"
"750","Glycine","HMDB0000123","750","15428","C00037","20","NCC(O)=O","1"
"88412","N-Butyrylglycine","HMDB0000808","88412","89963",NA,"5772","CCCC(=O)NCC(O)=O","1"
"96806","NA","NA","NA","NA","NA","NA","NA","0"
"757","Glycolic acid","HMDB0000115","757","17497","C03547","3219","OCC(O)=O","1"
"135495951","NA","NA","NA","NA","NA","NA","NA","0"
"5702063","Guanabenz","HMDB0014767","5702063","101202","C07034",NA,"NC(N)=NN=CC1=C(Cl)C=CC=C1Cl","1"
"10465","Heptadecanoic acid","HMDB0002259","10465","32365",NA,"6578","CCCCCCCCCCCCCCCCC(O)=O","1"
"196","Adipic acid","HMDB0000448","196","30832","C06104","115","OC(=O)CCCCC(O)=O","1"
"8892","Caproic acid","HMDB0000535","8892","30776","C01585","5520","CCCCCC(O)=O","1"
"10020","N-carbamoylglycine","HMDB0304424","10020","133351",NA,NA,"OC(=O)CNC(O)=N","1"
"68152","Hydroxypropionic acid","HMDB0000700","68152","33404","C01013","5668","OCCC(O)=O","1"
"91503","NA","NA","NA","NA","NA","NA","NA","0"
"785","Hydroquinone","HMDB0002434","785","17594","C00530","6681","OC1=CC=C(O)C=C1","1"
"10256","Indole-3-carboxaldehyde","HMDB0029737","10256","28238","C08493",NA,"O=CC1=CNC2=C1C=CC=C2","1"
"92904","NA","NA","NA","NA","NA","NA","NA","0"
"74280","Indole-5-carboxylic acid","HMDB0253469","74280","131778",NA,NA,"OC(=O)C1=CC2=C(NC=C2)C=C1","1"
"5281326","Isofucosterol","HMDB0002374","5281326","28604","C08821",NA,"[H][C@@]1(CC[C@@]2([H])[C@]3([H])CC=C4C[C@@H](O)CC[C@]4(C)[C@@]3([H])CC[C@]12C)[C@H](C)CC\C(=C\C)C(C)C","1"
"8907","Isopropyl hexadecanoate","HMDB0035474","8907","84262",NA,NA,"CCCCCCCCCCCCCCCC(=O)OC(C)C","1"
"73672","Isoxaben","HMDB0253709","73672","63956","C18504",NA,"CCC(C)(CC)C1=NOC(NC(=O)C2=C(OC)C=CC=C2OC)=C1","1"
"811","Itaconic acid","HMDB0002092","811","30838","C00490","6483","OC(=O)CC(=C)C(O)=O","1"
"3821","Ketamine","HMDB0015352","3821","6121","C07525",NA,"CNC1(CCCCC1=O)C1=CC=CC=C1Cl","1"
"7405","Pyroglutamic acid","HMDB0000267","7405","18183","C01879","3251","OC(=O)[C@@H]1CCC(=O)N1","1"
"5950","L-Alanine","HMDB0000161","5950","16977","C00041",NA,"C[C@H](N)C(O)=O","1"
"6267","L-Asparagine","HMDB0000168","6267","17196","C00152","14","N[C@@H](CC(N)=O)C(O)=O","1"
"5862","L-Cysteine","HMDB0000574","5862","17561","C00097","5556","N[C@@H](CS)C(O)=O","1"
"33032","Glutamic acid","HMDB0000148","33032","16015","C00025","5174","N[C@@H](CCC(O)=O)C(O)=O","1"
"5810","4-Hydroxyproline","HMDB0000725","5810","18095","C01157","257","O[C@H]1CN[C@@H](C1)C(O)=O","1"
"6306","Isoleucine","HMDB0000172","6306","17191","C00407","5193","CC[C@H](C)[C@H](N)C(O)=O","1"
"6106","Leucine","HMDB0000687","6106","15603","C00123","24","CC(C)C[C@H](N)C(O)=O","1"
"107469","NA","NA","NA","NA","NA","NA","NA","0"
"21236","L-Norleucine","HMDB0001645","21236","18347","C01933","6334","CCCC[C@H](N)C(O)=O","1"
"445969","NA","NA","NA","NA","NA","NA","NA","0"
"6305","L-Tryptophan","HMDB0000929","6305","16828","C00078","5879","N[C@@H](CC1=CNC2=C1C=CC=C2)C(O)=O","1"
"612","NA","NA","NA","NA","NA","NA","NA","0"
"10267038","NA","NA","NA","NA","NA","NA","NA","0"
"11579","Levulinic acid","HMDB0000720","11579","45630",NA,"2195","CC(=O)CCC(O)=O","1"
"525","NA","NA","NA","NA","NA","NA","NA","0"
"21100","Metanephrine","HMDB0004063","21100","144365","C05588","65","CNCC(O)C1=CC(OC)=C(O)C=C1","1"
"597469","NA","NA","NA","NA","NA","NA","NA","0"
"69221","Methyl glycinate","HMDB0254591","69221","87375",NA,NA,"COC(=O)CN","1"
"4056967","NA","NA","NA","NA","NA","NA","NA","0"
"13834966","NA","NA","NA","NA","NA","NA","NA","0"
"19373131","NA","NA","NA","NA","NA","NA","NA","0"
"1206243","NA","NA","NA","NA","NA","NA","NA","0"
"11005","Myristic acid","HMDB0000806","11005","28875","C06424","196","CCCCCCCCCCCCCC(O)=O","1"
"18935209","NA","NA","NA","NA","NA","NA","NA","0"
"70914","N-Acetyl-L-glutamic acid","HMDB0001138","70914","17533","C00624","6031","CC(=O)N[C@@H](CCC(O)=O)C(O)=O","1"
"91729087","NA","NA","NA","NA","NA","NA","NA","0"
"10855600","Isobutyrylglycine","HMDB0000730","10855600","70979",NA,"5698","CC(C)C(=O)NCC(O)=O","1"
"546304","Isovalerylglycine","HMDB0000678","546304","70984",NA,"5647","CC(C)CC(=O)NCC(O)=O","1"
"25219599","NA","NA","NA","NA","NA","NA","NA","0"
"12397","Pentadecanol","HMDB0013299","12397","77468",NA,NA,"CCCCCCCCCCCCCCCO","1"
"4737557","Valerylglycine","HMDB0000927","4737557",NA,NA,"5878","CCCCC(=O)NCC(O)=O","1"
"530172","NA","NA","NA","NA","NA","NA","NA","0"
"7497","2-Diethylaminoethanol","HMDB0033971","7497","52153",NA,NA,"CCN(CC)CCO","1"
"546952","NA","NA","NA","NA","NA","NA","NA","0"
"3015764","NA","NA","NA","NA","NA","NA","NA","0"
"3124834","NA","NA","NA","NA","NA","NA","NA","0"
"4456","Neostigmine","HMDB0015472","4456","7514","C07258",NA,"CN(C)C(=O)OC1=CC(=CC=C1)[N+](C)(C)C","1"
"938","Nicotinic acid","HMDB0001488","938","15940","C00253","6272","OC(=O)C1=CN=CC=C1","1"
"936","Niacinamide","HMDB0001406","936","17154","C00153","1497","NC(=O)C1=CC=CN=C1","1"
"4477","Niclosamide","HMDB0015679","4477","478218",NA,NA,"OC1=C(C=C(Cl)C=C1)C(=O)NC1=C(Cl)C=C(C=C1)[N+]([O-])=O","1"
"75393","NA","NA","NA","NA","NA","NA","NA","0"
"12591","Nonadecanoic acid","HMDB0000772","12591","39246","C16535","5738","CCCCCCCCCCCCCCCCCCC(O)=O","1"
"123767","Norketamine","HMDB0060549","123767","91519",NA,NA,"NC1(CCCCC1=O)C1=CC=CC=C1Cl","1"
"383824","NA","NA","NA","NA","NA","NA","NA","0"
"19825814","NA","NA","NA","NA","NA","NA","NA","0"
"520430","NA","NA","NA","NA","NA","NA","NA","0"
"379","Caprylic acid","HMDB0000482","379","28837","C06423","5469","CCCCCCCC(O)=O","1"
"22571","Octocrylene","HMDB0255910","22571",NA,NA,NA,"CCCCC(CC)COC(=O)C(C#N)=C(C1=CC=CC=C1)C1=CC=CC=C1","1"
"4581","NA","NA","NA","NA","NA","NA","NA","0"
"6262","Ornithine","HMDB0000214","6262","15729","C00077","27","NCCC[C@H](N)C(O)=O","1"
"971","Oxalic acid","HMDB0002329","971","16995","C00209","113","OC(=O)C(O)=O","1"
"18935","NA","NA","NA","NA","NA","NA","NA","0"
"7470","4-Methylbenzoic acid","HMDB0029635","7470","36635","C01454",NA,"CC1=CC=C(C=C1)C(O)=O","1"
"5282745","Palmitelaidic acid","HMDB0012328","5282745","59265",NA,NA,"CCCCCC\C=C\CCCCCCCC(O)=O","1"
"985","Palmitic acid","HMDB0000220","985","15756","C00249","187","CCCCCCCCCCCCCCCC(O)=O","1"
"60208608","Pentylone","HMDB0256297","60208608",NA,NA,NA,"CCCC(NC)C(=O)C1=CC2=C(OCO2)C=C1","1"
"70825","NA","NA","NA","NA","NA","NA","NA","0"
"19188","Phenoxyacetic acid","HMDB0031609","19188","8075","C02181",NA,"OC(=O)COC1=CC=CC=C1","1"
"6140","Phenylalanine","HMDB0000159","6140","17295","C00079","28","N[C@@H](CC1=CC=CC=C1)C(O)=O","1"
"10297","NA","NA","NA","NA","NA","NA","NA","0"
"6072","Phlorizin","HMDB0036634","6072","8113","C01604",NA,"OC[C@H]1O[C@@H](OC2=CC(O)=CC(O)=C2C(=O)CCC2=CC=C(O)C=C2)[C@H](O)[C@@H](O)[C@@H]1O","1"
"359","1,3,5-Trihydroxybenzene","HMDB0013675","359","16204","C02183",NA,"OC1=CC(O)=CC(O)=C1","1"
"4793","Phosalone","HMDB0041985","4793","8121","C11028",NA,"CCOP(=S)(OCC)SCN1C(=O)OC2=C1C=CC(Cl)=C2","1"
"8394","NA","NA","NA","NA","NA","NA","NA","0"
"385","Pimelic acid","HMDB0000857","385","30531","C02656","3280","OC(=O)CCCCCC(O)=O","1"
"849","Pipecolic acid","HMDB0000070","849","17964","C00408","50","OC(=O)C1CCCCN1","1"
"6590","Isobutyric acid","HMDB0001873","6590","16135","C02632","106","CC(C)C(O)=O","1"
"15781","NA","NA","NA","NA","NA","NA","NA","0"
"7852","1-Propylamine","HMDB0034006","7852","39870",NA,NA,"CCCN","1"
"81705","NA","NA","NA","NA","NA","NA","NA","0"
"12473","Pyrrole-2-carboxylic acid","HMDB0004230","12473","36751","C05942","3787","OC(=O)C1=CC=CN1","1"
"19918","NA","NA","NA","NA","NA","NA","NA","0"
"6912","D-Xylitol","HMDB0002917","6912","17151","C00379",NA,"OC[C@H](O)[C@@H](O)[C@H](O)CO","1"
"24417","Methylcysteine","HMDB0002108","24417","45658","C22040","6490","CSC[C@@H](N)C(O)=O","1"
"40010","NA","NA","NA","NA","NA","NA","NA","0"
"7015695","NA","NA","NA","NA","NA","NA","NA","0"
"71752187","NA","NA","NA","NA","NA","NA","NA","0"
"5281","Stearic acid","HMDB0000827","5281","28842","C01530","189","CCCCCCCCCCCCCCCCCC(O)=O","1"
"10457","Suberic acid","HMDB0000893","10457","9300","C08278","4243","OC(=O)CCCCCCC(O)=O","1"
"7922","Succinic anhydride","HMDB0032523","7922","36595","C19524",NA,"O=C1CCC(=O)O1","1"
"45","Hydroxypropanedioic acid","HMDB0035227","45","16513","C02287",NA,"OC(C(O)=O)C(O)=O","1"
"64678","NA","NA","NA","NA","NA","NA","NA","0"
"611805","NA","NA","NA","NA","NA","NA","NA","0"
"553578","NA","NA","NA","NA","NA","NA","NA","0"
"6505","Acetyl tributyl citrate","HMDB0034159","6505",NA,NA,NA,"CCCCOC(=O)CC(CC(=O)OCCCC)(OC(C)=O)C(=O)OCCCC","1"
"7618","Triethanolamine","HMDB0032538","7618","28621","C06771",NA,"OCCN(CCO)CCO","1"
"91733438","NA","NA","NA","NA","NA","NA","NA","0"
"637748","NA","NA","NA","NA","NA","NA","NA","0"
"533405","NA","NA","NA","NA","NA","NA","NA","0"
"135409350","NA","NA","NA","NA","NA","NA","NA","0"
"6503","Tromethamine","HMDB0240288","6503","9754","C07182",NA,"NC(CO)(CO)CO","1"
"6057","L-Tyrosine","HMDB0000158","6057","17895","C00082","34","N[C@@H](CC1=CC=C(O)C=C1)C(O)=O","1"
"1174","Uracil","HMDB0000300","1174","17568","C00106","258","O=C1NC=CC(=O)N1","1"
"1245","NA","NA","NA","NA","NA","NA","NA","0"
"5707","NA","NA","NA","NA","NA","NA","NA","0"
"135191","D-Xylose","HMDB0000098","135191","53455","C00181","314","O[C@@H]1COC(O)[C@H](O)[C@H]1O","1"
"8655","Syringaldehyde","HMDB0258653","8655","67380",NA,NA,"COC1=CC(C=O)=CC(OC)=C1O","1"
"6993118","NA","NA","NA","NA","NA","NA","NA","0"
"8697","2-Ethylhexanoic acid","HMDB0031230","8697","89058",NA,NA,"CCCCC(CC)C(O)=O","1"
"5951","Serine","HMDB0000187","5951","17115","C00065","5203","N[C@@H](CO)C(O)=O","1"
"8221","Octadecanol","HMDB0002350","8221","32154","D01924","6640","CCCCCCCCCCCCCCCCCCO","1"
"161815","NA","NA","NA","NA","NA","NA","NA","0"
"965","Octadec-9-enoic Acid","HMDB0062703","965","36021",NA,NA,"CCCCCCCCC=CCCCCCCCC(O)=O","1"
"543807","Germacrane","HMDB0252703","543807",NA,NA,NA,"CC(C)C1CCC(C)CCCC(C)CC1","1"
"996","Phenol","HMDB0000228","996","15882","C00146","128","OC1=CC=CC=C1","1"
"10349","NA","NA","NA","NA","NA","NA","NA","0"
"79784","NA","NA","NA","NA","NA","NA","NA","0"
"6287","L-Valine","HMDB0000883","6287","16414","C00183","5842","CC(C)[C@H](N)C(O)=O","1"
"25310","Rhamnose","HMDB0000849","25310","62346","C00507","5812","C[C@@H]1OC(O)[C@H](O)[C@H](O)[C@H]1O","1"
"1183","Vanillin","HMDB0012308","1183","18346","C00755",NA,"COC1=CC(C=O)=CC=C1O","1"
"1176","Urea","HMDB0000294","1176","16199","C00086","6","NC(N)=O","1"
"30111","NA","NA","NA","NA","NA","NA","NA","0"
"644022","11-hydroxy-Delta(9)-tetrahydrocannabinol","HMDB0062581","644022","77270",NA,NA,"[H][C@@]12C=C(CO)CC[C@@]1([H])C(C)(C)OC1=CC(CCCCC)=CC(O)=C21","1"
"7510","NA","NA","NA","NA","NA","NA","NA","0"
"597","Cytosine","HMDB0000630","597","16040","C00380","283","NC1=CC=NC(=O)N1","1"
"638072","Squalene","HMDB0000256","638072","15440","C00751","197","CC(C)=CCC\C(C)=C\CC\C(C)=C\CC\C=C(/C)CC\C=C(/C)CCC=C(C)C","1"
"78829","NA","NA","NA","NA","NA","NA","NA","0"
"6288","L-Threonine","HMDB0000167","6288","16857","C00188","32","C[C@@H](O)[C@H](N)C(O)=O","1"
"643798","Citraconic acid","HMDB0000634","643798","17626","C02226","5607","C\C(=C\C(O)=O)C(O)=O","1"
"243","Benzoic acid","HMDB0001870","243","30746","C00180","1297","OC(=O)C1=CC=CC=C1","1"
"236334","NA","NA","NA","NA","NA","NA","NA","0"
"8193","Dodecanol","HMDB0011626","8193","28878","C02277",NA,"CCCCCCCCCCCCO","1"
"7507","NA","NA","NA","NA","NA","NA","NA","0"
"12665","2-Piperidinone","HMDB0011749","12665","77761",NA,NA,"O=C1CCCCN1","1"
"239","beta-Alanine","HMDB0000056","239","16958","C00099","5119","NCCC(O)=O","1"
"743","Glutaric acid","HMDB0000661","743","17859","C00489","3254","OC(=O)CCCC(O)=O","1"
"5362751","3-Undecene",NA,"5362751",NA,NA,NA,"CC/C=C/CCCCCCC","1"
"150929","(S)-3,4-Dihydroxybutyric acid","HMDB0000337","150929","86371",NA,NA,"OCC(O)CC(O)=O","1"
"439195","NA","NA","NA","NA","NA","NA","NA","0"
"560035","NA","NA","NA","NA","NA","NA","NA","0"
"1136","5-(2-Hydroxyethyl)-4-methylthiazole","HMDB0032985","1136","17957","C04294",NA,"CC1=C(CCO)SC=N1","1"
"7413","Cyclohexanecarboxylic acid","HMDB0031342","7413","36096","C09822",NA,"OC(=O)C1CCCCC1","1"
"445408","Ribothymidine","HMDB0000884","445408","45996",NA,"5843","CC1=CN([C@@H]2O[C@H](CO)[C@@H](O)[C@H]2O)C(=O)NC1=O","1"
"1018","Picolinic acid","HMDB0002243","1018","28747","C10164",NA,"OC(=O)C1=CC=CC=N1","1"
"145742","Proline","HMDB0000162","145742","17203","C00148","29","OC(=O)[C@@H]1CCCN1","1"
"11517","butyl octanoate","HMDB0303890","11517","87380",NA,NA,"CCCCCCCC(=O)OCCCC","1"
"65098","2S-amino-pentanoic acid",NA,"65098","18314","C01826",NA,"CCC(N)C(=O)O","1"
"13712","Deoxyuridine","HMDB0000012","13712","16450","C00526","5086","OC[C@H]1O[C@H](C[C@@H]1O)N1C=CC(=O)NC1=O","1"
"1048","1H-pyrazole",NA,"1048",NA,NA,NA,NA,"1"
"205694","NA","NA","NA","NA","NA","NA","NA","0"
"5351896","3-Hexenedioic acid","HMDB0000393","5351896","86952",NA,"5382","OC(=O)C\C=C\CC(O)=O","1"
"87077647","NA","NA","NA","NA","NA","NA","NA","0"
"5789","Thymidine","HMDB0000273","5789","17748","C00214","3375","CC1=CN([C@H]2C[C@H](O)[C@@H](CO)O2)C(=O)NC1=O","1"
"11378852","NA","NA","NA","NA","NA","NA","NA","0"
"7991","Valeric acid","HMDB0000892","7991","17418","C00803","110","CCCCC(O)=O","1"
"135398638","NA","NA","NA","NA","NA","NA","NA","0"
"439535","2,3,4-Trihydroxybutanoic acid","HMDB0245425","439535","49060","C01620",NA,"OCC(O)C(O)C(O)=O","1"
"1738118","Aldehydo-N-acetyl-D-glucosamine","HMDB0062641","1738118","17411",NA,NA,"[H]C(=O)[C@H](NC(C)=O)[C@@H](O)[C@H](O)[C@H](O)CO","1"
"309","Aconitic acid","HMDB0247961","309","22211",NA,NA,"OC(=O)CC(=CC(O)=O)C(O)=O","1"
"7311","2,4-Di-tert-butylphenol","HMDB0013816","7311","89188",NA,NA,"CC(C)(C)C1=CC=C(O)C(=C1)C(C)(C)C","1"
"1188","Xanthine","HMDB0000292","1188","17712","C00385","82","O=C1NC2=C(NC=N2)C(=O)N1","1"
"109224","3,7-Dimethyl-6-octenyl formate",NA,"109224",NA,NA,NA,"CC(C)CCCC(C)CCOC=O","1"
"5376991","NA","NA","NA","NA","NA","NA","NA","0"
"21145993","NA","NA","NA","NA","NA","NA","NA","0"
"111064","Ribonolactone","HMDB0001900","111064","74168","C02674","6380","OC[C@H]1OC(=O)[C@H](O)[C@@H]1O","1"
"6993116","NA","NA","NA","NA","NA","NA","NA","0"
"8180","Undecanoic acid","HMDB0000947","8180","32368","C17715","5894","CCCCCCCCCCC(O)=O","1"
"6570","3-Buten-2-one","HMDB0061873","6570","48058","C03827",NA,"CC(=O)C=C","1"
"11869260","NA","NA","NA","NA","NA","NA","NA","0"
"5363234","NA","NA","NA","NA","NA","NA","NA","0"
"5325915","Erythrono-1,4-lactone","HMDB0000349","5325915","87625",NA,"5338","O[C@@H]1COC(=O)[C@@H]1O","1"
"75725","NA","NA","NA","NA","NA","NA","NA","0"
"91","3-(3-Hydroxyphenyl)propanoic acid","HMDB0000375","91","1427","C11457","5364","OC(=O)CCC1=CC(O)=CC=C1","1"
"11197","Tetracosanoic acid","HMDB0002003","11197","28866","C08320","6427","CCCCCCCCCCCCCCCCCCCCCCCC(O)=O","1"
"1057","1,2,3-Trihydroxybenzene","HMDB0013674","1057","16164","C01108",NA,"[H]OC1=CC=CC(O[H])=C1O[H]","1"
"8064","NA","NA","NA","NA","NA","NA","NA","0"
"9815668","NA","NA","NA","NA","NA","NA","NA","0"
"7021828","NA","NA","NA","NA","NA","NA","NA","0"
"1254","p-Menthan-3-ol","HMDB0035765","1254","25187",NA,NA,"CC(C)C1CCC(C)CC1O","1"
"13849","Pentadecanoic acid","HMDB0000826","13849","42504","C16537","5789","CCCCCCCCCCCCCCC(O)=O","1"
"14490","6-Hydroxyhexanoic acid","HMDB0012843","14490","17869","C06103",NA,"OCCCCCC(O)=O","1"
"5460677","Ribonic acid","HMDB0000867","5460677","21077","C01685","3290","OC[C@@H](O)[C@@H](O)[C@@H](O)C(O)=O","1"
"24781","NA","NA","NA","NA","NA","NA","NA","0"
"10850","TG(8:0/8:0/8:0)","HMDB0011187","10850","76978","C13044",NA,"[H]C(COC(=O)CCCCCCC)(COC(=O)CCCCCCC)OC(=O)CCCCCCC","1"
"14871","2,3-Dihydroxypropyl dodecanoate","HMDB0245396","14871","75539",NA,NA,"CCCCCCCCCCCC(=O)OCC(O)CO","1"
"10394","Desaminotyrosine","HMDB0002199","10394","32980","C01744","4148","OC(=O)CCC1=CC=C(O)C=C1","1"
"12290","4-Pyridone",NA,"12290",NA,NA,NA,NA,"1"
"80642","Sumiki's acid","HMDB0002432","80642","89118","C20448","6680","OCC1=CC=C(O1)C(O)=O","1"
"86472","alpha-Tocopherol acetate","HMDB0034227","86472","32321","C13202",NA,"CC(C)CCCC(C)CCCC(C)CCCC1(C)CCC2=C(C)C(OC(C)=O)=C(C)C(C)=C2O1","1"
"18407","4-Acetylbutyrate","HMDB0061881","18407","15888","C02129",NA,"CC(=O)CCCC(O)=O","1"
"5192","Sebacic acid","HMDB0000792","5192","41865","C08277","4240","OC(=O)CCCCCCCCC(O)=O","1"
"5905","Idoxuridine","HMDB0014394","5905","147675",NA,NA,"OC[C@H]1O[C@H](C[C@@H]1O)N1C=C(I)C(=O)NC1=O","1"
"107689","Lactic acid","HMDB0000190","107689","422","C00186","5205","C[C@H](O)C(O)=O","1"
"11029884","NA","NA","NA","NA","NA","NA","NA","0"
"91451","17a-Hydroxypregnenolone","HMDB0000363","91451","28750","C05138","5352","[H][C@@]12CC[C@](O)(C(C)=O)[C@@]1(C)CC[C@@]1([H])[C@@]2([H])CC=C2C[C@@H](O)CC[C@]12C","1"
"6029","Uridine","HMDB0000296","6029","16704","C00299","90","OC[C@H]1O[C@H]([C@H](O)[C@@H]1O)N1C=CC(=O)NC1=O","1"
"140304","NA","NA","NA","NA","NA","NA","NA","0"
"7966","NA","NA","NA","NA","NA","NA","NA","0"
"78294","Myristyl palmitate",NA,"78294","84064",NA,NA,"CCCCCCCCCCCCCCCC(=O)OCCCCCCCCCCCCCC","1"
"77487","NA","NA","NA","NA","NA","NA","NA","0"
"8158","Pelargonic acid","HMDB0000847","8158","29019","C01601","5810","CCCCCCCCC(O)=O","1"
"6360","Isobutane","HMDB0253605","6360","30363",NA,NA,"CC(C)C","1"
"14900","NA","NA","NA","NA","NA","NA","NA","0"
"78127","NA","NA","NA","NA","NA","NA","NA","0"
"6723","4-Pyridoxic acid","HMDB0000017","6723","17405","C00847","239","CC1=NC=C(CO)C(C(O)=O)=C1O","1"
"29303","1-Hexacosene","HMDB0040527","29303",NA,NA,NA,"CCCCCCCCCCCCCCCCCCCCCCCCC=C","1"
"643474","N-Methyl-L-proline","HMDB0094696","643474","90344",NA,NA,"CN1CCC[C@H]1C(O)=O","1"
"753","Glycerol","HMDB0000131","753","17754","C00116","105","OCC(O)CO","1"
"108223","2-Deoxyglucose","HMDB0062477","108223","15866",NA,NA,"OC[C@@H](O)[C@@H](O)[C@H](O)CC=O","1"
"82436","1-Tetracosene",NA,"82436",NA,NA,NA,"C=CCCCCCCCCCCCCCCCCCCCCCC","1"
"670","Dihydroxyacetone","HMDB0001882","670","16016","C00184","6368","OCC(=O)CO","1"
"10469","Hexacosanoic acid","HMDB0002356","10469","31009",NA,"6642","CCCCCCCCCCCCCCCCCCCCCCCCCC(O)=O","1"
"94154","D-Arabitol","HMDB0000568","94154","18333","C01904","5551","OC[C@@H](O)C(O)[C@H](O)CO","1"
"1110","Succinic acid","HMDB0000254","1110","15741","C00042","114","OC(=O)CCC(O)=O","1"
"5961","Glutamine","HMDB0000641","5961","18050","C00064","5614","N[C@@H](CCC(N)=O)C(O)=O","1"
"78206","NA","NA","NA","NA","NA","NA","NA","0"
"2266","Azelaic acid","HMDB0000784","2266","48131","C08261","5750","OC(=O)CCCCCCCC(O)=O","1"
"173183","Campesterol","HMDB0002869","173183","28623","C01789","167","[H][C@@]1(CC[C@@]2([H])[C@]3([H])CC=C4C[C@@H](O)CC[C@]4(C)[C@@]3([H])CC[C@]12C)[C@H](C)CC[C@@H](C)C(C)C","1"
"13401","3-Hydroxypicolinic acid","HMDB0013188","13401","64342","C18620",NA,"OC(=O)C1=C(O)C=CC=N1","1"
"6341","Ethylamine","HMDB0013231","6341","15862","C00797",NA,"CCN","1"
"123409","MG(0:0/16:0/0:0)","HMDB0011533","123409","75455",NA,NA,"[H]C(CO)(CO)OC(=O)CCCCCCCCCCCCCCC","1"
"5922","Isonicotinic acid","HMDB0060665","5922","6032","C07446",NA,"OC(=O)C1=CC=NC=C1","1"
"268577","NA","NA","NA","NA","NA","NA","NA","0"
"91742919","NA","NA","NA","NA","NA","NA","NA","0"
"570753","NA","NA","NA","NA","NA","NA","NA","0"
"31016","NA","NA","NA","NA","NA","NA","NA","0"
"33306","NA","NA","NA","NA","NA","NA","NA","0"
"597463","NA","NA","NA","NA","NA","NA","NA","0"
"592028","NA","NA","NA","NA","NA","NA","NA","0"
"14345506","NA","NA","NA","NA","NA","NA","NA","0"
"612085","NA","NA","NA","NA","NA","NA","NA","0"
"91716313","NA","NA","NA","NA","NA","NA","NA","0"
"66540","NA","NA","NA","NA","NA","NA","NA","0"
"620980","NA","NA","NA","NA","NA","NA","NA","0"
"553703","NA","NA","NA","NA","NA","NA","NA","0"
"61136","NA","NA","NA","NA","NA","NA","NA","0"
"10442","NA","NA","NA","NA","NA","NA","NA","0"
"31039","10-undecynoic acid",NA,"31039",NA,NA,NA,"C#CCCCCCCCCC(=O)O","1"
"263","1-Butanol","HMDB0004327","263","28885","C06142","7052","CCCCO","1"
"24847","NA","NA","NA","NA","NA","NA","NA","0"
"68171","Ceryl alcohol",NA,"68171","28415","C08381",NA,"CCCCCCCCCCCCCCCCCCCCCCCCCCO","1"
"5378122","NA","NA","NA","NA","NA","NA","NA","0"
"24284463","NA","NA","NA","NA","NA","NA","NA","0"
"8016","NA","NA","NA","NA","NA","NA","NA","0"
"1474","2,2'-Bipyridine","HMDB0245352","1474","30351",NA,NA,"C1=CC=C(N=C1)C1=CC=CC=N1","1"
"575921","NA","NA","NA","NA","NA","NA","NA","0"
"250402","2,3-Dihydroxybutanoic acid","HMDB0245394","250402","86347",NA,NA,"CC(O)C(O)C(O)=O","1"
"122538","NA","NA","NA","NA","NA","NA","NA","0"
"73852","NA","NA","NA","NA","NA","NA","NA","0"
"10881","NA","NA","NA","NA","NA","NA","NA","0"
"6990","2',4'-Dihydroxyacetophenone","HMDB0029659","6990","18414","C03663",NA,"CC(=O)C1=C(O)C=C(O)C=C1","1"
"231242","NA","NA","NA","NA","NA","NA","NA","0"
"91741551","NA","NA","NA","NA","NA","NA","NA","0"
"79865","NA","NA","NA","NA","NA","NA","NA","0"
"66609","NA","NA","NA","NA","NA","NA","NA","0"
"78651","NA","NA","NA","NA","NA","NA","NA","0"
"4653788","NA","NA","NA","NA","NA","NA","NA","0"
"6568","2-Butanol","HMDB0011469","6568","35687",NA,NA,"CCC(C)O","1"
"20024","NA","NA","NA","NA","NA","NA","NA","0"
"8065","NA","NA","NA","NA","NA","NA","NA","0"
"723","But-2-enedioic acid","HMDB0249450","723","22958",NA,NA,"OC(=O)C=CC(O)=O","1"
"8133","2-Butoxyethanol","HMDB0031327","8133","63921","C19355",NA,"CCCCOCCO","1"
"101209","NA","NA","NA","NA","NA","NA","NA","0"
"14511","3-Methyl-2-cyclohexen-1-one","HMDB0031541","14511",NA,NA,NA,"CC1=CC(=O)CCC1","1"
"14254","Decan-2-ol","HMDB0303078","14254","29507","C12107",NA,"CCCCCCCCC(C)O","1"
"7358","NA","NA","NA","NA","NA","NA","NA","0"
"7720","xi-2-Ethyl-1-hexanol","HMDB0031231","7720","16011","C02498",NA,"CCCCC(CC)CO","1"
"574169","NA","NA","NA","NA","NA","NA","NA","0"
"12297","2-Hexanol","HMDB0061886","12297","88370",NA,NA,"CCCCC(C)O","1"
"16753967","NA","NA","NA","NA","NA","NA","NA","0"
"5883711","NA","NA","NA","NA","NA","NA","NA","0"
"14833616","NA","NA","NA","NA","NA","NA","NA","0"
"12698","NA","NA","NA","NA","NA","NA","NA","0"
"11264","2-Methylpentan-3-ol","HMDB0302390","11264",NA,NA,NA,"CCC(O)C(C)C","1"
"21308","NA","NA","NA","NA","NA","NA","NA","0"
"554546","NA","NA","NA","NA","NA","NA","NA","0"
"61303","2-Pentadecanone","HMDB0031081","61303","89254",NA,NA,"CCCCCCCCCCCCCC(C)=O","1"
"6732","NA","NA","NA","NA","NA","NA","NA","0"
"123543","2-Propyl-1-pentanol","HMDB0094707","123543",NA,NA,NA,"CCCC(CO)CCC","1"
"532783","NA","NA","NA","NA","NA","NA","NA","0"
"91735456","NA","NA","NA","NA","NA","NA","NA","0"
"91697039","NA","NA","NA","NA","NA","NA","NA","0"
"10931","Senecioic acid","HMDB0000509","10931","37127",NA,"5495","CC(C)=CC(O)=O","1"
"8768","3,4-Dihydroxybenzaldehyde","HMDB0059965","8768","50205","C16700",NA,"OC1=CC=C(C=O)C=C1O","1"
"1614","3,4-Methylenedioxyamphetamine","HMDB0041931","1614","1391","C07577",NA,"CC(N)CC1=CC2=C(OCO2)C=C1","1"
"10357235","NA","NA","NA","NA","NA","NA","NA","0"
"7948","3,5-Dimethylphenol","HMDB0246064","7948","38572",NA,NA,"CC1=CC(O)=CC(C)=C1","1"
"66172","NA","NA","NA","NA","NA","NA","NA","0"
"7419","m-Aminobenzoic acid","HMDB0001891","7419","42682",NA,"6374","NC1=CC=CC(=C1)C(O)=O","1"
"11520","xi-3-Heptanol","HMDB0031481","11520",NA,NA,NA,"CCCCC(O)CC","1"
"21721930","NA","NA","NA","NA","NA","NA","NA","0"
"575923","NA","NA","NA","NA","NA","NA","NA","0"
"12988","3-Methyl-3-buten-1-ol","HMDB0030126","12988","62898",NA,NA,"CC(=C)CCO","1"
"88350","NA","NA","NA","NA","NA","NA","NA","0"
"317527","NA","NA","NA","NA","NA","NA","NA","0"
"7034","NA","NA","NA","NA","NA","NA","NA","0"
"66962","NA","NA","NA","NA","NA","NA","NA","0"
"119","gamma-Aminobutyric acid","HMDB0000112","119","16865","C00334",NA,"NCCCC(O)=O","1"
"9015","Mequinol","HMDB0029696","9015",NA,NA,NA,"COC1=CC=C(O)C=C1","1"
"12587","Isocaproic acid","HMDB0000689","12587","74903",NA,"4191","CC(C)CCC(O)=O","1"
"3799774","4-keto-n-caproic acid",NA,"3799774",NA,NA,NA,"CCC(=O)CCC(=O)O","1"
"177746","NA","NA","NA","NA","NA","NA","NA","0"
"6034727","NA","NA","NA","NA","NA","NA","NA","0"
"19956","NA","NA","NA","NA","NA","NA","NA","0"
"521410","NA","NA","NA","NA","NA","NA","NA","0"
"91697308","NA","NA","NA","NA","NA","NA","NA","0"
"53839399","NA","NA","NA","NA","NA","NA","NA","0"
"5378143","NA","NA","NA","NA","NA","NA","NA","0"
"19103","NA","NA","NA","NA","NA","NA","NA","0"
"46697","NA","NA","NA","NA","NA","NA","NA","0"
"12283","6-Methyluracil","HMDB0247093","12283","74733",NA,NA,"CC1=CC(O)=NC(O)=N1","1"
"66097","NA","NA","NA","NA","NA","NA","NA","0"
"98810","5-aceto valeric acid",NA,"98810",NA,NA,NA,"CC(=O)CCCCC(=O)O","1"
"91886114","NA","NA","NA","NA","NA","NA","NA","0"
"5393168","NA","NA","NA","NA","NA","NA","NA","0"
"5411574","NA","NA","NA","NA","NA","NA","NA","0"
"111470","Isocapric acid",NA,"111470",NA,NA,NA,"CC(C)CCCCCCC(=O)O","1"
"91740788","NA","NA","NA","NA","NA","NA","NA","0"
"5378599","NA","NA","NA","NA","NA","NA","NA","0"
"11167229","NA","NA","NA","NA","NA","NA","NA","0"
"176","Acetic acid","HMDB0000042","176","15366","C00033","3206","CC(O)=O","1"
"190","Adenine","HMDB0000034","190","16708","C00147","85","NC1=C2NC=NC2=NC=N1","1"
"11671","alpha-Hydroxyisobutyric acid","HMDB0000729","11671","50129",NA,"3750","CC(C)(O)C(O)=O","1"
"2146","Aminoguanidine","HMDB0248318","2146","40618",NA,NA,"NNC(N)=N","1"
"6115","Aniline","HMDB0003012","6115","17296","C00292","489","NC1=CC=CC=C1","1"
"620905","NA","NA","NA","NA","NA","NA","NA","0"
"107","Hydrocinnamic acid","HMDB0000764","107","28631","C05629","4153","OC(=O)CCC1=CC=CC=C1","1"
"606316","NA","NA","NA","NA","NA","NA","NA","0"
"7095","Biphenyl","HMDB0034437","7095","17097","C06588",NA,"C1=CC=C(C=C1)C1=CC=CC=C1","1"
"8068","NA","NA","NA","NA","NA","NA","NA","0"
"264","Butyric acid","HMDB0000039","264","30772","C00246","107","CCCC(O)=O","1"
"10522","NA","NA","NA","NA","NA","NA","NA","0"
"5356596","(Z)-2-Decenoic acid","HMDB0242157","5356596","50466",NA,NA,"[H]\C(CCCCCCC)=C(/[H])C(O)=O","1"
"1081","Citramalic acid","HMDB0000426","1081","15584","C00815","5415","CC(O)(CC(O)=O)C(O)=O","1"
"637090","But-2-enoic acid","HMDB0010720","637090","41131","C01771",NA,"C\C=C\C(O)=O","1"
"969516","Curcumin","HMDB0002269","969516","3962","C10443",NA,"COC1=CC(\C=C\C(=O)CC(=O)\C=C\C2=CC(OC)=C(O)C=C2)=CC=C1O","1"
"75645","NA","NA","NA","NA","NA","NA","NA","0"
"69879809","Cyclocurcumin","HMDB0033086","69879809",NA,NA,NA,"COC1=C(O)C=CC(\C=C\C2=CC(=O)CC(O2)C2=CC(OC)=C(O)C=C2)=C1","1"
"10399","NA","NA","NA","NA","NA","NA","NA","0"
"13398","NA","NA","NA","NA","NA","NA","NA","0"
"2903","NA","NA","NA","NA","NA","NA","NA","0"
"102861","Methyl dihydrojasmonate","HMDB0031740","102861","89741",NA,NA,"CCCCC[C@@H]1[C@@H](CC(=O)OC)CCC1=O","1"
"6409633","NA","NA","NA","NA","NA","NA","NA","0"
"3534665","NA","NA","NA","NA","NA","NA","NA","0"
"3033","Diclofenac","HMDB0014724","3033","47381","C01690",NA,"OC(=O)CC1=CC=CC=C1NC1=C(Cl)C=CC=C1Cl","1"
"8021","Diethylamine","HMDB0041878","8021","85259","C14422",NA,"CCNCC","1"
"25068","Isopropyl_laurate","HMDB0059820","25068","89676",NA,NA,"[H]C([H])([H])C([H])([H])C([H])([H])C([H])([H])C([H])([H])C([H])([H])C([H])([H])C([H])([H])C([H])([H])C([H])([H])C([H])([H])C(=O)OC([H])(C([H])([H])[H])C([H])([H])[H]","1"
"11754987","NA","NA","NA","NA","NA","NA","NA","0"
"1983","Acetaminophen","HMDB0001859","1983","46195","C06804","6353","CC(=O)NC1=CC=C(O)C=C1","1"
"713","Formamide","HMDB0001536","713","16397","C00488","4182","NC=O","1"
"135454","NA","NA","NA","NA","NA","NA","NA","0"
"124052","Glabridin",NA,"124052","5369","C10421",NA,"CC1(C)C=Cc2c(ccc3c2OC(c2ccc(O)cc2O)C3)O1","1"
"135398635","NA","NA","NA","NA","NA","NA","NA","0"
"8094","Heptanoic acid","HMDB0000666","8094","45571","C17714","5636","CCCCCCC(O)=O","1"
"8127","NA","NA","NA","NA","NA","NA","NA","0"
"787","Hydroxylamine","HMDB0003338","787","15429","C00192","6894","NO","1"
"19104051","NA","NA","NA","NA","NA","NA","NA","0"
"8897","Iminodiacetic acid","HMDB0011753","8897","24786","C19911",NA,"OC(=O)CNCC(O)=O","1"
"3718","indoprofen","HMDB0253478","3718","76162",NA,NA,"CC(C(O)=O)C1=CC=C(C=C1)N1CC2=CC=CC=C2C1=O","1"
"6560","Isobutanol","HMDB0006006","6560","46645","C14710",NA,"CC(C)CO","1"
"6363","Isopropylamine","HMDB0253679","6363","15739","C06748",NA,"CC(C)N","1"
"12597","NA","NA","NA","NA","NA","NA","NA","0"
"5460672","NA","NA","NA","NA","NA","NA","NA","0"
"92865","gamma-Glutamylglutamic acid","HMDB0011737","92865","73705","C05282",NA,"N[C@@H](CCC(=O)N[C@@H](CCC(O)=O)C(O)=O)C(O)=O","1"
"79070","Leucyl-Glycine","HMDB0028929","79070",NA,NA,NA,"CC(C)CC(N)C(=O)NCC(O)=O","1"
"91733016","NA","NA","NA","NA","NA","NA","NA","0"
"5962","Lysine","HMDB0000182","5962","18019","C00047","5200","NCCCC[C@H](N)C(O)=O","1"
"91721610","NA","NA","NA","NA","NA","NA","NA","0"
"92934","NA","NA","NA","NA","NA","NA","NA","0"
"91461","lupinine","HMDB0304704","91461","28193",NA,NA,"O=C1CCC[C@@H]2[C@H]3C[C@@H](CN12)[C@@H]1CCCCN1C3","1"
"8369","Maltol","HMDB0030776","8369","142577","C11918",NA,"CC1=C(O)C(=O)C=CO1","1"
"6395","Mesylate","HMDB0240280","6395","27376","C11145",NA,"CS(O)(=O)=O","1"
"11040","NA","NA","NA","NA","NA","NA","NA","0"
"667493","NA","NA","NA","NA","NA","NA","NA","0"
"6419891","NA","NA","NA","NA","NA","NA","NA","0"
"164635","NA","NA","NA","NA","NA","NA","NA","0"
"7418","M-toluic Acid","HMDB0062810","7418","10589","C07211",NA,"CC1=CC=CC(=C1)C(O)=O","1"
"7902","Dimethylethanolamine","HMDB0032231","7902","271436","C04308",NA,"CN(C)CCO","1"
"6875502","NA","NA","NA","NA","NA","NA","NA","0"
"65065","N-Acetyl-L-aspartic acid","HMDB0000812","65065","21547","C01042","5776","CC(=O)N[C@@H](CC(O)=O)C(O)=O","1"
"88064","N-Acetyl-L-alanine","HMDB0000766","88064","40992",NA,"5733","C[C@H](NC(C)=O)C(O)=O","1"
"10403282","NA","NA","NA","NA","NA","NA","NA","0"
"9982","Etilamfetamine","HMDB0252099","9982",NA,NA,NA,"CCNC(C)CC1=CC=CC=C1","1"
"8769","NA","NA","NA","NA","NA","NA","NA","0"
"91693841","NA","NA","NA","NA","NA","NA","NA","0"
"6582","NA","NA","NA","NA","NA","NA","NA","0"
"68406","1-Octacosanol","HMDB0034380","68406","28243","C08387",NA,"CCCCCCCCCCCCCCCCCCCCCCCCCCCCO","1"
"30916","NA","NA","NA","NA","NA","NA","NA","0"
"5283387","Oleamide","HMDB0002117","5283387","116314","C19670",NA,"CCCCCCCC\C=C/CCCCCCCC(N)=O","1"
"445639","Oleic acid","HMDB0000207","445639","16196","C00712","190","CCCCCCCC\C=C/CCCCCCCC(O)=O","1"
"4592","Olomoucine","HMDB0035233","4592","44661",NA,NA,"CN1C=NC2=C1N=C(NCCO)N=C2NCC1=CC=CC=C1","1"
"6420639","NA","NA","NA","NA","NA","NA","NA","0"
"91697075","NA","NA","NA","NA","NA","NA","NA","0"
"76013","NA","NA","NA","NA","NA","NA","NA","0"
"31236","2-Phenoxyethanol","HMDB0041607","31236","64275",NA,NA,"OCCOC1=CC=CC=C1","1"
"68841","Phosphoserine","HMDB0000272","68841","15811","C01005","5270","N[C@@H](COP(O)(O)=O)C(O)=O","1"
"6809","Phthalimide","HMDB0256502","6809","38817",NA,NA,"OC1=NC(=O)C2=CC=CC=C12","1"
"26840","Phytanic acid","HMDB0000801","26840","16285","C01607","5765","CC(C)CCCC(C)CCCC(C)CCCC(C)CC(O)=O","1"
"5280457","Pinosylvin",NA,"5280457","17323","C01745",NA,"Oc1cc(O)cc(/C=C/c2ccccc2)c1","1"
"567241","NA","NA","NA","NA","NA","NA","NA","0"
"4891","Praziquantel","HMDB0015191","4891","199024","C07367",NA,"O=C(C1CCCCC1)N1CC2N(CCC3=CC=CC=C23)C(=O)C1","1"
"10267656","Pro-Ala-Lys",NA,"10267656",NA,NA,NA,NA,"1"
"4929","Prometryn","HMDB0256805","4929","26276","C18542",NA,"CSC1=NC(NC(N1)=NC(C)C)=NC(C)C","1"
"1032","Propionic acid","HMDB0000237","1032","30768","C00163","3215","CCC(O)=O","1"
"91692911","NA","NA","NA","NA","NA","NA","NA","0"
"1030","NA","NA","NA","NA","NA","NA","NA","0"
"74311","NA","NA","NA","NA","NA","NA","NA","0"
"1088","Sarcosine","HMDB0000271","1088","15611","C00213","51","CNCC(O)=O","1"
"13905","NA","NA","NA","NA","NA","NA","NA","0"
"86160","NA","NA","NA","NA","NA","NA","NA","0"
"8036","Succinamide","HMDB0258539","8036",NA,NA,NA,"NC(=O)CCC(N)=O","1"
"1548887","Sulindac","HMDB0014743","1548887","9352","C01531",NA,"CC1=C(CC(O)=O)C2=CC(F)=CC=C2\C1=C/C1=CC=C(C=C1)S(C)=O","1"
"7172","p-Synephrine","HMDB0004826","7172","29081","C04548","7088","CNCC(O)C1=CC=C(O)C=C1","1"
"1123","Taurine","HMDB0000251","1123","15891","C00245","31","NCCS(O)(=O)=O","1"
"6430553","NA","NA","NA","NA","NA","NA","NA","0"
"6385","NA","NA","NA","NA","NA","NA","NA","0"
"551231","NA","NA","NA","NA","NA","NA","NA","0"
"587726","NA","NA","NA","NA","NA","NA","NA","0"
"5429","Theobromine","HMDB0002825","5429","28946","C07480","1456","CN1C=NC2=C1C(O)=NC(=O)N2C","1"
"6989","Thymol","HMDB0001878","6989","27607","C09908","4245","CC(C)C1=C(O)C=C(C)C=C1","1"
"6506","Triethyl citrate","HMDB0034263","6506",NA,NA,NA,"CCOC(=O)CC(O)(CC(=O)OCC)C(=O)OCC","1"
"6510","NA","NA","NA","NA","NA","NA","NA","0"
"7009560","NA","NA","NA","NA","NA","NA","NA","0"
"616877","NA","NA","NA","NA","NA","NA","NA","0"
"5281575","Yangonin","HMDB0034144","5281575",NA,"C09980",NA,"COC1=CC=C(\C=C\C2=CC(OC)=CC(=O)O2)C=C1","1"
