,935_CTR_LPS_CSF_070224,936_CTR_LPS_CSF_070224_2,937_CTR_LPS_CSF_070224,941_CTR_LPS_CSF_070224,942_CTR_LPS_CSF_070224,943_CTR_LPS_CSF_070224
"(2,5-Dimethoxyphenyl)acetone",14.22183651652919,15.39656988471546,14.77794148459306,15.794924887690241,16.10708189958663,15.684213392506413
"(2R)-Pyrrolidine-1,2-dicarboxylic acid, bis(tert-butyldimethylsilyl) ester",17.848056725654924,18.697253042531315,18.145516841146943,17.917954706335404,19.90628699179653,19.90628699179653
(4-Fluorophenyl)phenylmethanol,,,18.572420897099427,,,
"(9H-fluoren-9-yl)methanol, O-methoxycarbonyl-",27.60464096162688,28.139723574834868,27.21934825959647,25.491807134917025,24.059471680211118,27.21934825959647
"3,4,5-Trimethoxyamphetamine",24.69908251133796,25.404802973180967,23.99000942053065,17.044039991717742,11.432133533201073,24.361767611067528
Oxypeucedanin,,,,,,
"1-(1-Hydroxybutyl)-2,5-dimethoxybenzene ",,24.491789288861316,23.920579189958964,,27.084943944408092,27.60464096162688
"1-(2,4-Dimethoxyphenyl)-propan-2-one",18.145516841146943,,18.090663406345644,18.299161313868307,18.090663406345644,18.090663406345644
"1-(2,5-Dimethoxyphenyl)-1-[(trimethylsilyl)oxy]propan-2-amine",25.96252317418443,25.6563659490016,25.313618060977973,25.050447238005177,25.491807134917025,25.491807134917025
"1-(4-Methoxyphenyl)-4,6-dimethyl-2(1H)-pyrimidinone",18.994720196960333,22.336032499821254,20.060474603176946,17.67570612907752,21.9535073039897,22.176682287677355
1-(Cyclohexylmethyl)-4-piperidinylamine,14.021419364841742,8.64390924178897,10.101353297214947,,12.73466395698144,11.053448878828174
1-(tert-Butyldimethylsilyl)-4-methyl-1H-pyrazole,18.40008695193352,18.76637914203081,18.527065735233002,18.964499198463745,18.40008695193352,18.40008695193352
"1,2,4-Butanetriol, (S)",,17.420656950089175,,,,
"1,2-Benzenedicarboxylic acid, butyl octyl ester",,,,,,
"1,2-Bis(trimethylsiloxy)cyclohexene",,,,,,
"1,2-Cinnolinedicarboxylic acid, 1,2,3,5,6,7,8,8a-octahydro-4-trimethylsilyloxy-, diethyl ester",,,,8.64390924178897,,
"1,2-Cyclohexanediol, (Z)",16.649394651426014,17.259371352214917,16.894290018224726,16.649394651426014,16.78619280811605,16.548397760488008
"1,3-Butanediamine",,,,,,
"1,3-Oxazolidine, 2,5-diphenyl-4-methyl-, trans-",28.504702814838293,27.439594575526513,27.706069701939082,28.504702814838293,28.022288157553156,28.022288157553156
"1,3-Propanediol",,,,,,
10-Undecynoic acid,16.027442504336406,,,,,
"13-Docosenamide, (Z)",15.564115838261685,,,,16.548397760488008,16.894290018224726
1-Butanol,26.779800290688794,26.45236086775373,,,,
"1-Heptanol, 2-propyl-",20.776972835570746,21.03415127487163,19.90628699179653,20.437043584347983,20.776972835570746,20.060474603176946
1-Hexacosanol,,,,,,
1-Octadecanol,6.637474595960846,11.432133533201073,6.033603261326803,10.101353297214947,8.959893012120766,
"1-Octanol, 2-butyl-",25.491807134917025,25.491807134917025,25.050447238005177,26.269939079141064,25.792817913981178,25.050447238005177
"1-Pentene, 1,3-diphenyl-1-(trimethylsilyloxy)-",,,,36.317196840651846,36.988835603124244,
"2(1H)-Quinolinone, 3-[3-(4-methoxyphenyl)-1-oxo-2-propen-1-yl]-4-phenyl",,,,,4.918347381516455,
"2(5H)-Furanone, 4-(hydroxymethyl)",18.47862430573336,19.511528355008892,18.697253042531315,18.090663406345644,19.511528355008892,19.311341046599278
"2-(Ethylamino)ethanol, N-acetyl",33.78547332532239,32.65987336076064,31.21036514314471,31.668951186609984,31.21036514314471,31.21036514314471
2-(Methylamino)ethanol,26.567254262059528,26.651849462366915,25.96252317418443,26.567254262059528,26.269939079141064,17.73101607564761
"2,2'-Bipyridine",21.151328125650927,21.566275994088834,20.6292687562774,21.36156896985457,21.151328125650927,20.437043584347983
"2,3-Butanediol, O-(trimethylsilyl)-, monoacetate",17.128341573761485,18.572420897099427,17.313901308851932,,17.79122014145856,17.79122014145856
"2,3-Dihydroxybutanoic acid",32.65987336076064,,30.7823453433383,29.976899253025323,30.942609521468622,
"2',3'-Di-O-acetyladenosine",,3.026346101989217,0.5989360822462241,,,1.8466198968201704
"2,4,4'-Trihydroxybenzophenone",18.816900848646988,19.977070348849676,19.311341046599278,20.85775323035948,20.159049269761585,19.236639097669983
"2,4,6-Cycloheptatrien-1-one",,,,26.651849462366915,22.262186034564476,22.991190162689342
"2,4-Dihydroxyacetophenone",,,,,,
"2,4-Dimethoxybenzaldoxime",17.73101607564761,20.437043584347983,,,,
"2,4-Di-tert-butylphenol",,,,19.236639097669983,,
"2,4-Imidazolidinedione, 5,5-dimethyl",19.977070348849676,19.82917893481498,19.977070348849676,22.663346963173684,18.929456495102794,18.816900848646988
"2,5-Bis((tert-butyldimethylsilyl)oxy)-4,4-dimethyl-4H-imidazole",20.060474603176946,19.12715709241501,20.159049269761585,21.03415127487163,18.299161313868307,16.700122639813483
"2,5-Dimethoxybenzhydrazide",23.584213588252027,24.952119430962735,24.617441356369007,23.77270330773383,25.58298494600797,25.792817913981178
"2,5-Dimethoxybenzonitrile",19.044780457273152,20.944682697362236,19.82917893481498,19.192546564593975,20.85775323035948,20.349076790547734
"2,5-Dimethoxyphenol",22.60513085670781,23.072538359028545,23.53191592986123,23.35257549176473,23.99000942053065,24.187462616991436
"2',5'-Dimethoxypropiophenone",24.617441356369007,25.96252317418443,24.952119430962735,24.13416838153767,25.741137750046672,26.023750424771674
"2,6-di-tert-Butyl-4-(dimethylaminomethyl)phenol",21.566275994088834,21.36156896985457,20.776972835570746,21.278227382097498,,
"2-Allyl-1,4-dimethoxybenzene",25.792817913981178,25.89217197325309,25.248245599251963,25.140663431027427,25.404802973180967,25.6563659490016
2-Amino-4-methylbenzophenone,15.794924887690241,18.87000098295748,18.76637914203081,,18.816900848646988,19.55840932952848
2-Aminoquinolin-8-ol,,,,,,24.491789288861316
2-Butanol,,,,,,
2-Buten-1-ol,,,,20.6292687562774,,20.776972835570746
"2-Butene-1,4-diol",16.38716185479659,17.79122014145856,,16.954735439681233,16.700122639813483,
2-Butenedioic acid,26.8471068534773,25.248245599251963,24.361767611067528,25.792817913981178,26.567254262059528,25.58298494600797
"2-Butenoic acid, 3-[(tert-butyldimethylsilyl)oxy]",26.269939079141064,26.567254262059528,26.124112340107267,24.854862067442433,26.50296267227539,26.651849462366915
2-Butoxyethanol,1.8466198968201704,14.77794148459306,13.487298878543296,14.22183651652919,14.91150018039568,13.17498269461429
2-Cyanobenzaldehyde,25.313618060977973,26.269939079141064,24.791158461587774,25.89217197325309,,26.06651650878252
"2-Cyclohexen-1-one, 3-methyl-6-(1-methylethyl)",19.236639097669983,,19.511528355008892,19.791251716821705,19.12715709241501,18.572420897099427
"2-Cyclohexen-1-one, 3-methyl-",19.90628699179653,21.63965483051689,20.349076790547734,19.55840932952848,21.811268708817973,21.36156896985457
2-Decanol,18.572420897099427,,18.47862430573336,18.87000098295748,18.527065735233002,18.007855678299716
2-Ethyl-1-butanol,,21.811268708817973,20.944682697362236,,,21.278227382097498
2-Ethylhexanoic acid,26.651849462366915,26.96160059936936,26.341187662588105,26.50296267227539,26.387010738920857,26.50296267227539
2-Ethylhexanol,,,,19.36205780789064,,
"2-Furancarbodithioic acid, methyl ester",,,,,,
2-Furoic acid,,17.504940337930993,17.044039991717742,16.38716185479659,,16.027442504336406
2-Hexanol,26.124112340107267,,25.6563659490016,,26.124112340107267,26.341187662588105
"2'-Hydroxy-2,4,4',5-tetramethoxychalcone",6.033603261326803,11.999708944648896,8.203468926465137,8.203468926465137,10.589741767314072,7.5486253233047425
"2-Hydroxy-2',4',6'-trimethoxychalcone",,,5.7610837394771846,8.959893012120766,,
2-Hydroxy-3-methylbutyric acid,5.4519271051056934,8.959893012120766,6.637474595960846,3.026346101989217,8.64390924178897,6.033603261326803
"2-Hydroxymethyl-17alpha-methylandrosta-1,4-diene-11alpha,17beta-diol-3-one",,,,,,
2-Isopropyl-5-methyl-1-heptanol,,,,,,
"2-Methyl-1,3-butanediol",23.072538359028545,22.991190162689342,22.81629933915454,22.60513085670781,22.60513085670781,22.663346963173684
2-Methyl-3-pentanol,15.39656988471546,17.128341573761485,15.02985544620005,,17.504940337930993,16.78619280811605
"2-Methylcyclohexanol, (Z)",14.91150018039568,16.954735439681233,15.267001008214582,15.564115838261685,15.39656988471546,14.91150018039568
"2-Methylcyclohexylamine, tert.-butyldimethylsilyl ether",21.9535073039897,,22.262186034564476,,22.54252442178061,22.10136387655403
2-Naphthol,15.925482683255618,16.207484324420978,16.38716185479659,17.420656950089175,16.207484324420978,15.925482683255618
2-Norbornanemethanol,24.491789288861316,23.417291798715073,,,,
"2-Oxiraneethanol, 2-t-butyldimethysilyloxymethyl- acetate",18.964499198463745,,,,,
2-Pentadecanone,2.0053360546098284,4.357485352481382,1.8466198968201704,4.357485352481382,4.357485352481382,2.6473235787985914
"2-Pivaloyl-1,3-indandione",,,,,,
2-Propyl-1-pentanol,20.6292687562774,18.994720196960333,22.991190162689342,23.484143310267747,23.417291798715073,23.222075930761207
2-Pyrrolidone-5-carboxylic acid,29.754289059653733,30.7823453433383,29.43670460039806,27.60464096162688,29.199493510442178,30.172391027732196
"2-Thiophenecarboxylic acid, 4-cyanophenyl ester",,,,,,
"3-(4,7-Dimethoxy-2H-1,3-benzodioxol-5-yl)-2-methylprop-2-enal",19.82917893481498,21.49512426745769,21.03415127487163,20.159049269761585,21.89766089201072,22.017772579784815
3-(4-Methoxyphenyl)coumarin,21.49512426745769,,19.044780457273152,17.128341573761485,,
"3,3-Bis{4-[(trimethylsilyl)oxy]phenyl}-2-benzofuran-1(3H)-one",,,32.00781944442083,,,
"3,3-Dimethylacrylic acid",,,21.70761198277439,22.54252442178061,,
"3,4-Dihydroxybenzaldehyde",,,,,,
"3,4-Methylenedioxyamphetamine",,28.220824986859178,26.45236086775373,,18.76637914203081,11.73344589311528
"3,5-Dimethoxy-4-(tert.-butyldimethylsilyl)oxybenzaldehyde",,,,,,
"3,5-Dimethylphenol",,15.684213392506413,13.17498269461429,13.783405868376022,14.77794148459306,13.019379474962212
3-Amino-5-methylisoxazole,22.336032499821254,21.89766089201072,22.54252442178061,23.417291798715073,23.222075930761207,22.430766960994436
3-Aminobenzoic acid,23.953297105679837,23.99000942053065,24.304911461865277,24.241680361020343,21.278227382097498,21.811268708817973
3-Buten-2-one,16.894290018224726,18.299161313868307,16.954735439681233,17.96713333278627,17.605330159289814,17.313901308851932
3-Heptanol,23.920579189958964,23.151992757960304,23.072538359028545,22.336032499821254,22.76118107855382,22.76118107855382
"3-Hydroxy-7,3',4',5'-tetramethoxyflavone",,,,7.5486253233047425,,
3-Hydroxymethyl-2-trimethylsilyloxypentane,,13.487298878543296,11.999708944648896,12.340219003345359,14.6579166018199,13.783405868376022
3-Methyl-3-buten-1-ol,11.73344589311528,,15.39656988471546,,16.38716185479659,16.207484324420978
3-Nonene,,20.6292687562774,,,,
3-Phenyl oxindole,,,,,,
"4,4'-Dichlorobenzophenone",,,,,,
"4,5-Dihydro-1H-pyrazole",,,,28.597049460306497,,
"4-[2-(4,7-Dimethoxy-2H-1,3-benzodioxol-5-yl)ethenyl]-2-methoxyphenol",21.70761198277439,20.159049269761585,21.36156896985457,21.49512426745769,21.36156896985457,19.626871308510992
4-Aminobutanoic acid,17.313901308851932,18.527065735233002,16.027442504336406,16.207484324420978,13.487298878543296,17.420656950089175
4-Hydroxybutanoic acid,,,,,,
4-Methoxyphenol,,,28.504702814838293,27.92524459775121,28.139723574834868,27.78907181958203
"4-Methylquinoline-2,7-diol",,,,,,
4-Methylvaleric acid,19.12715709241501,,19.41868971884918,19.977070348849676,19.82917893481498,19.36205780789064
4-Oxohexanoic acid,19.192546564593975,20.53009211757007,,18.697253042531315,19.044780457273152,
"4-Phenyl-2,3-dihydro-1H-1,5-benzodiazepin-2-one",,,,,,
4-tert-Butyldimethylsiloxy-3-penten-2-one,25.89217197325309,,25.140663431027427,26.06651650878252,,25.741137750046672
5-Aminovaleric acid,,,,,,
5-Azacytosine,17.67570612907752,18.929456495102794,18.007855678299716,18.145516841146943,18.145516841146943,18.527065735233002
"5-Chlorovaleric acid, nonyl ester",24.187462616991436,23.616437364521392,23.151992757960304,23.71999917837554,23.870386627878066,23.53191592986123
"5-Ethyl-1,3-dioxane-5-methanol, tert-butyldimethylsilyl ether",23.29594091395716,24.361767611067528,22.76118107855382,,,19.723751953711417
5-Ethyl-5-methylnonadecane,,,,,,
5-Hydroxy-7-methoxy-2-methyl-3-phenyl-4-chromenone,22.991190162689342,24.241680361020343,31.668951186609984,33.78547332532239,32.65987336076064,33.78547332532239
5-Nitroso-8-quinolinol,,,,,23.584213588252027,23.584213588252027
"5-Nonanol, tert-butyldimethylsilyl ether",19.41868971884918,19.791251716821705,19.236639097669983,19.41868971884918,19.791251716821705,19.044780457273152
5-Oxohexanoic Acid,18.929456495102794,19.36205780789064,18.929456495102794,19.311341046599278,19.41868971884918,18.87000098295748
"6,7,4'-Trihydroxyisoflavone",16.207484324420978,16.78619280811605,16.207484324420978,17.79122014145856,16.954735439681233,16.38716185479659
"6-Aminocaproic acid, N-(tert.-butyldimethylsilyl)",13.487298878543296,15.267001008214582,14.6579166018199,16.10708189958663,,
"6-Methoxy-1-methyl-1,2,3,4-tetrahydroisoquinolin-7-ol ",25.741137750046672,,,25.404802973180967,26.06651650878252,26.124112340107267
6-Methyluracil,19.626871308510992,19.311341046599278,19.626871308510992,20.53009211757007,17.313901308851932,16.954735439681233
6-Nitroveratryl alcohol,,,12.340219003345359,,18.47862430573336,17.848056725654924
6-Oxoheptanoic acid,20.85775323035948,21.70761198277439,20.53009211757007,21.63965483051689,21.42405899916408,20.944682697362236
"7(S),17(S)-Dihydroxy-8(E),10(Z),13(Z),15(E),19(Z)-docosapentaenoic acid",,,,,,
7-Hydroxy-4-(methoxymethyl)coumarin,,4.918347381516455,2.0053360546098284,,5.2319467103497415,
8-Acetyl-7-hydroxycoumarin,,,,,,
8-Methylnonanoic acid,23.71999917837554,23.870386627878066,23.584213588252027,23.53191592986123,23.920579189958964,23.870386627878066
"9,12-Octadecadienoic acid (Z,Z)",20.437043584347983,,,,,
9-Ethyl-N-(trimethylsilyl)-9H-carbazol-3-amine,,,,,,
"9H-Xanthen-9-one, 1-hydroxy-3,5,6-trimethoxy",,,,,,
"9Z-Octadecenoic acid, (2S)-3-[(hydroxymercaptophosphinyl)oxy]-2-methoxypropyl ester ",20.159049269761585,18.816900848646988,,15.267001008214582,20.349076790547734,17.605330159289814
Acetic acid,36.317196840651846,36.317196840651846,33.78547332532239,32.65987336076064,33.78547332532239,36.317196840651846
Aceturic acid,22.92787490413422,24.187462616991436,21.89766089201072,23.674356384455788,23.53191592986123,24.617441356369007
Aconitic acid,24.419963405671634,25.792817913981178,24.241680361020343,24.059471680211118,25.140663431027427,24.419963405671634
Adenine,11.999708944648896,14.44344997303848,13.783405868376022,16.027442504336406,14.22183651652919,12.340219003345359
Adipic acid,,,,,,
Adipoyl-L-carnitine,22.81629933915454,23.222075930761207,,24.791158461587774,,
alpha-Hydroxyisobutyric acid,8.64390924178897,13.17498269461429,11.053448878828174,10.589741767314072,13.783405868376022,12.73466395698144
Allylescaline,30.370043719919497,30.942609521468622,29.976899253025323,30.573336989554633,30.370043719919497,30.942609521468622
Aminoguanidine,,,,,,
Aniline,18.206837600992994,19.044780457273152,18.299161313868307,19.12715709241501,18.697253042531315,18.76637914203081
Azelaic acid,13.019379474962212,17.848056725654924,17.420656950089175,18.47862430573336,17.848056725654924,17.917954706335404
"Aziridine, 1-(2-buten-2-yl)",,,,,,
"Benz[a]anthracene-1,7,12(2H)-trione, 3,4-dihydro-8-hydroxy-3-methyl-, (3S)",,,,,,
"Benz[c]acridine, 5,10-dimethyl",,,,,,
"Benzaldehyde, 2,5-dimethoxy",36.988835603124244,36.988835603124244,36.317196840651846,36.988835603124244,36.317196840651846,36.988835603124244
"Benzene, 1,4-dimethoxy",21.811268708817973,22.262186034564476,21.49512426745769,21.89766089201072,22.176682287677355,21.9535073039897
"Benzene, 1-acetoxy-2,6-dimethoxy-4-(2-propenyl)",,,,,,
"Benzene, 1-ethyl-3,5-dimethyl",21.89766089201072,,,,22.991190162689342,
Benzeneacetic acid,21.36156896985457,,16.78619280811605,18.994720196960333,,
Benzenepropanoic acid,23.674356384455788,24.059471680211118,23.674356384455788,23.953297105679837,23.82958488643099,23.953297105679837
"Benzenesulfonamide, N-butyl",10.589741767314072,14.021419364841742,13.019379474962212,13.17498269461429,14.021419364841742,11.999708944648896
"Benzoic acid, 2-hydroxy-3-[(2-hydroxy-4-methoxy-6-propylbenzoyl)oxy]-4-methoxy-6-propyl-, methyl ester ",29.199493510442178,28.328763097489578,28.73936053878384,29.199493510442178,28.863827445577932,29.092836196046683
"Benzoic acid, methyl ester",14.44344997303848,20.239280036683237,19.12715709241501,23.99000942053065,23.77270330773383,23.35257549176473
Benzoic Acid,30.172391027732196,28.863827445577932,29.199493510442178,28.863827445577932,28.73936053878384,28.863827445577932
Benzophenone,13.17498269461429,15.564115838261685,14.22183651652919,13.487298878543296,16.027442504336406,15.02985544620005
Benzyl alcohol,25.6563659490016,25.140663431027427,24.69908251133796,24.952119430962735,24.854862067442433,24.791158461587774
Biphenyl,22.262186034564476,22.10136387655403,21.566275994088834,21.811268708817973,21.70761198277439,21.63965483051689
Butachlor ESA,,3.515329454763203,0.9266751030624765,,3.026346101989217,2.0053360546098284
Butanedioic acid,28.139723574834868,30.172391027732196,28.220824986859178,27.706069701939082,29.754289059653733,30.370043719919497
Butylmethylamine,24.361767611067528,22.81629933915454,23.870386627878066,23.82958488643099,23.71999917837554,23.99000942053065
Butyric Acid,27.439594575526513,27.084943944408092,26.779800290688794,27.084943944408092,27.004989997162102,26.8471068534773
Chlorobenzilate ,,,24.13416838153767,19.511528355008892,,
Cholesterol,24.241680361020343,23.71999917837554,24.059471680211118,25.6563659490016,20.239280036683237,23.072538359028545
cis-2-Decenoic acid,,14.91150018039568,,,,13.487298878543296
Citramalic acid,12.73466395698144,14.22183651652919,11.432133533201073,12.73466395698144,,14.44344997303848
Crotonic acid,22.76118107855382,22.76118107855382,22.663346963173684,22.76118107855382,22.81629933915454,22.336032499821254
Curcumin,16.10708189958663,16.38716185479659,16.548397760488008,17.605330159289814,17.128341573761485,16.649394651426014
Cyclobutylamine,25.404802973180967,25.050447238005177,24.854862067442433,25.248245599251963,25.313618060977973,25.313618060977973
Cyclocurcumin,,,,,,
Cycloheptanol,22.54252442178061,22.54252442178061,22.430766960994436,23.151992757960304,22.663346963173684,22.60513085670781
"Cyclohexanone, 3,3,5-trimethyl",22.176682287677355,,20.715974098065832,22.10136387655403,23.29594091395716,22.81629933915454
Cyclooctylamine,23.484143310267747,24.419963405671634,24.187462616991436,22.176682287677355,24.617441356369007,24.854862067442433
"Cyclopentaneacetic acid, 3-oxo-2-pentyl-, methyl ester",19.36205780789064,19.41868971884918,19.192546564593975,19.723751953711417,19.311341046599278,19.192546564593975
"Cytosine, N-(tert-butyldimethylsilyl)-",10.101353297214947,13.783405868376022,11.73344589311528,13.019379474962212,13.17498269461429,10.589741767314072
Desmethylverapamil,,,,,,
Diacetyl monoxime,17.259371352214917,17.313901308851932,16.649394651426014,18.007855678299716,17.044039991717742,17.128341573761485
Dibutyldodecylamine,,,,22.430766960994436,,
Diclofenac,,,,,,17.044039991717742
Diethylamine,18.090663406345644,18.964499198463745,18.206837600992994,18.206837600992994,19.236639097669983,18.994720196960333
DL-Glyceraldehyde,26.45236086775373,26.50296267227539,26.269939079141064,25.741137750046672,26.8471068534773,26.779800290688794
DL-p-Hydroxyphenyllactic acid,17.044039991717742,18.40008695193352,17.504940337930993,,17.67570612907752,17.504940337930993
"Dodecanoic acid, 1-methylethyl ester",8.203468926465137,12.340219003345359,8.959893012120766,11.73344589311528,11.999708944648896,8.64390924178897
Dodecanoic acid,23.870386627878066,23.953297105679837,23.29594091395716,23.616437364521392,23.674356384455788,23.484143310267747
"D-Streptamine, O-6-amino-6-deoxy-alpha-D-glucopyranosyl-(1-4)-O-(3-deoxy-4-C-methyl-3-(methylamino)-beta-L-arabinopyranosyl-(1-6))-2-deoxy-",2.6473235787985914,8.203468926465137,3.026346101989217,4.918347381516455,5.4519271051056934,5.4519271051056934
Durapan,17.504940337930993,17.044039991717742,17.79122014145856,18.816900848646988,15.02985544620005,14.22183651652919
"Erythrono-1,4-lactone",23.417291798715073,23.82958488643099,22.176682287677355,22.92787490413422,23.953297105679837,24.13416838153767
Ethanolamine,27.92524459775121,27.78907181958203,27.084943944408092,27.21934825959647,27.439594575526513,27.439594575526513
Formamide,32.00781944442083,31.21036514314471,30.573336989554633,30.942609521468622,30.573336989554633,30.7823453433383
Frangulin,5.2319467103497415,10.101353297214947,5.4519271051056934,,10.101353297214947,
Glabridin,,,,,19.626871308510992,
Glyceric acid,,,,,25.6563659490016,
Glycerol,15.684213392506413,16.700122639813483,16.10708189958663,17.259371352214917,16.649394651426014,16.267931772699097
Glycine,26.387010738920857,26.779800290688794,25.741137750046672,26.200929917790297,25.96252317418443,25.96252317418443
"Glycine, tert.-butyldimethylsilyl ester",28.597049460306497,28.73936053878384,27.92524459775121,27.78907181958203,27.92524459775121,28.504702814838293
Glycolic acid,28.328763097489578,28.597049460306497,28.022288157553156,27.004989997162102,27.78907181958203,28.328763097489578
Guanosine,18.299161313868307,16.027442504336406,17.67570612907752,,18.206837600992994,
Heptanedioic acid,,,,11.999708944648896,,
Heptanoic acid,25.050447238005177,24.854862067442433,24.419963405671634,24.419963405671634,24.791158461587774,24.69908251133796
Heptylamine,,11.053448878828174,12.73466395698144,14.6579166018199,12.340219003345359,8.959893012120766
Hexacosanoic acid,8.959893012120766,10.589741767314072,10.589741767314072,11.432133533201073,11.053448878828174,
Hexanoic acid,26.50296267227539,26.8471068534773,26.06651650878252,26.341187662588105,26.341187662588105,26.387010738920857
Hydracrylic acid,23.35257549176473,24.617441356369007,23.82958488643099,23.222075930761207,24.241680361020343,24.304911461865277
Hydroxylamine,,,,,,
"Hymexazole, tert-butyldimethylsilyl ether",26.023750424771674,25.313618060977973,25.58298494600797,26.124112340107267,24.419963405671634,24.059471680211118
Hypoxanthine,26.96160059936936,28.022288157553156,27.004989997162102,25.313618060977973,24.491789288861316,26.200929917790297
Iminodiacetic acid,3.026346101989217,5.2319467103497415,3.515329454763203,3.515329454763203,7.5486253233047425,5.7610837394771846
Indoprofen,,,,,,
Isobutanol,16.954735439681233,17.917954706335404,18.40008695193352,14.91150018039568,19.55840932952848,19.41868971884918
Isonicotinic Acid,26.341187662588105,26.124112340107267,25.491807134917025,26.023750424771674,26.023750424771674,25.89217197325309
Isopropyl palmitate,7.5486253233047425,11.73344589311528,8.64390924178897,11.053448878828174,11.73344589311528,8.203468926465137
Isopropylamine,25.140663431027427,23.920579189958964,25.89217197325309,26.387010738920857,25.248245599251963,25.404802973180967
Isosorbide,,,,,,
Ketamine,31.21036514314471,33.78547332532239,30.942609521468622,31.21036514314471,29.976899253025323,29.754289059653733
"Kojic acid, bis(tert-butyldimethylsilyl) ether",19.55840932952848,19.236639097669983,19.791251716821705,21.9535073039897,18.87000098295748,18.697253042531315
L-(+)-Threose,20.944682697362236,,27.439594575526513,,28.597049460306497,
Lactic acid,29.43670460039806,29.092836196046683,29.754289059653733,29.754289059653733,30.172391027732196,28.139723574834868
L-Alanine,4.357485352481382,6.637474595960846,4.357485352481382,5.4519271051056934,5.7610837394771846,3.026346101989217
L-Asparagine,,,,,,
L-gamma-Glutamyl-L-glutamic acid,,,,,,15.564115838261685
Leucylglycine,24.952119430962735,20.715974098065832,21.278227382097498,18.527065735233002,18.964499198463745,23.82958488643099
Levulinic acid,24.13416838153767,24.13416838153767,23.616437364521392,23.920579189958964,24.304911461865277,23.920579189958964
L-Glutamic acid,,18.47862430573336,,,16.267931772699097,18.206837600992994
L-Glutamine,3.515329454763203,5.4519271051056934,2.6473235787985914,5.2319467103497415,6.033603261326803,3.515329454763203
"L-Histidine, N,1-bis(tert-butyldimethylsilyl)-",24.791158461587774,24.791158461587774,24.491789288861316,24.69908251133796,24.952119430962735,25.248245599251963
Lignoceric acid,14.77794148459306,16.649394651426014,14.44344997303848,14.021419364841742,15.794924887690241,14.021419364841742
L-Leucine,19.511528355008892,19.90628699179653,18.964499198463745,20.239280036683237,18.994720196960333,18.929456495102794
"l-Leucine, n-butoxycarbonyl-N-methyl-, hexadecyl ester",,,,,,
L-Lysine,23.99000942053065,24.304911461865277,23.484143310267747,24.187462616991436,24.13416838153767,23.674356384455788
L-Norleucine,30.573336989554633,31.668951186609984,28.328763097489578,22.81629933915454,,28.220824986859178
"l-Norvaline, n-propargyloxycarbonyl-, isohexyl ester",29.092836196046683,27.706069701939082,,28.328763097489578,28.504702814838293,29.199493510442178
L-Ornithine,,19.192546564593975,,,,
L-Pyroglutamic acid,,26.200929917790297,,,22.92787490413422,22.92787490413422
L-Serine,,29.43670460039806,,,,
L-Threonine,21.42405899916408,22.663346963173684,22.10136387655403,21.566275994088834,,
L-Tryptophan,11.432133533201073,14.6579166018199,14.021419364841742,15.02985544620005,13.019379474962212,10.101353297214947
L-Tyrosine,24.854862067442433,27.004989997162102,26.200929917790297,25.96252317418443,26.200929917790297,
Luciferin,,,,,,4.357485352481382
Lupinine,20.349076790547734,21.42405899916408,20.239280036683237,,20.6292687562774,21.566275994088834
L-Valine,21.278227382097498,23.584213588252027,22.92787490413422,22.017772579784815,22.10136387655403,23.151992757960304
L-Val-L-Leu,,30.573336989554633,26.50296267227539,30.172391027732196,,
Malic acid,22.10136387655403,23.484143310267747,22.017772579784815,22.262186034564476,20.715974098065832,20.6292687562774
Maltol,,,,,,
Methanesulfonic acid,23.222075930761207,23.35257549176473,23.71999917837554,24.361767611067528,20.060474603176946,19.977070348849676
Methyl lactate,17.79122014145856,18.007855678299716,17.73101607564761,18.572420897099427,17.917954706335404,18.145516841146943
Methylsuccinic acid,,,,,,
Methylthiouracil,23.53191592986123,22.176682287677355,23.417291798715073,24.491789288861316,20.944682697362236,20.239280036683237
Mevalonolactone,18.76637914203081,16.548397760488008,17.605330159289814,17.504940337930993,19.977070348849676,20.159049269761585
Monocaproin,27.78907181958203,26.341187662588105,,28.220824986859178,,
m-Toluic acid,17.420656950089175,16.267931772699097,16.700122639813483,16.78619280811605,17.420656950089175,17.259371352214917
Myristic acid,19.723751953711417,20.776972835570746,19.723751953711417,19.82917893481498,20.53009211757007,19.82917893481498
"N,N-Dimethyl-2-aminoethanol",30.942609521468622,29.976899253025323,30.370043719919497,30.7823453433383,29.43670460039806,30.573336989554633
"N-[(3,4,5-Trimethoxyphenyl)methylidene]hydroxylamine",24.059471680211118,,,,24.187462616991436,23.71999917837554
N-Acetylaminoethanol,30.7823453433383,32.00781944442083,30.172391027732196,29.43670460039806,30.7823453433383,31.668951186609984
N-Acetylaspartic acid,19.311341046599278,20.349076790547734,17.96713333278627,17.73101607564761,,18.47862430573336
N-Acetyl-L-alanine,18.87000098295748,19.723751953711417,18.994720196960333,19.044780457273152,19.36205780789064,19.12715709241501
"Naringenin 4',7-dimethylether",16.78619280811605,17.73101607564761,17.259371352214917,16.894290018224726,17.73101607564761,
N-Caffeoyl-O-methyltyramine,0.9266751030624765,5.7610837394771846,7.5486253233047425,5.7610837394771846,8.203468926465137,6.637474595960846
N-Ethylamphetamine,27.004989997162102,25.741137750046672,26.651849462366915,27.439594575526513,26.96160059936936,26.96160059936936
N-Ethyldiethanolamine,22.430766960994436,22.60513085670781,22.336032499821254,23.29594091395716,23.072538359028545,22.54252442178061
Niacin,15.02985544620005,15.794924887690241,15.564115838261685,16.700122639813483,,15.794924887690241
Niacinamide,27.084943944408092,27.21934825959647,26.8471068534773,26.45236086775373,26.651849462366915,27.004989997162102
N-Isobutyrylglycine,26.06651650878252,26.06651650878252,26.023750424771674,24.304911461865277,25.89217197325309,26.269939079141064
N-Methyl-1-[(trimethylsilyl)oxy]-1-{4-[(trimethylsilyl)oxy]phenyl}propan-2-amine,11.053448878828174,13.019379474962212,,,14.44344997303848,11.432133533201073
N-Methylacetamide,26.200929917790297,26.387010738920857,25.792817913981178,26.779800290688794,26.45236086775373,26.45236086775373
Nonanoic acid,28.863827445577932,,28.863827445577932,28.022288157553156,28.220824986859178,28.73936053878384
Norephedrine,28.73936053878384,29.199493510442178,28.597049460306497,,,
Norketamine,4.918347381516455,6.033603261326803,5.2319467103497415,6.637474595960846,6.637474595960846,4.918347381516455
"Norleucine, N-trimethylsilyl-",,,,,,32.00781944442083
Octacosanol,23.77270330773383,23.53191592986123,,23.072538359028545,,24.952119430962735
"Octadecanoic acid, octyl ester",,,,,,
Octadecanoic acid,,,,,,
Octanoic acid,24.304911461865277,,23.953297105679837,,24.69908251133796,24.241680361020343
Octocrylene,,,,,,
Oleamide,25.248245599251963,23.29594091395716,27.60464096162688,23.870386627878066,24.361767611067528,23.616437364521392
Oleic Acid,,,,,,
Olomoucine,,,,,,
Oxalic acid,29.976899253025323,29.754289059653733,29.092836196046683,28.139723574834868,29.092836196046683,29.43670460039806
"Oxalic acid, di(cyclohexylmethyl) ester",,12.73466395698144,,,,
"Oxymorphone, bis(trimethylsilyl) ether",27.706069701939082,27.92524459775121,27.78907181958203,29.092836196046683,27.706069701939082,27.92524459775121
Palmitic Acid,27.21934825959647,,26.387010738920857,,26.779800290688794,26.567254262059528
Pentadecanoic acid,,,,,,
Pentanedioic acid,21.63965483051689,22.430766960994436,21.151328125650927,20.776972835570746,22.430766960994436,21.42405899916408
Pentanoic acid,23.82958488643099,23.77270330773383,23.222075930761207,23.584213588252027,23.616437364521392,23.417291798715073
"Phenol, 2,4-bis(1-methyl-1-phenylethyl)-",22.663346963173684,22.92787490413422,21.811268708817973,19.90628699179653,22.017772579784815,21.89766089201072
Phenol,,25.58298494600797,26.567254262059528,26.8471068534773,27.21934825959647,27.084943944408092
Phenoxyethanol,23.616437364521392,23.674356384455788,23.35257549176473,24.617441356369007,23.35257549176473,23.29594091395716
Phosphoserine,,,,,,
Phthalazin-1-one,,,32.65987336076064,,31.668951186609984,32.65987336076064
Phthalimide,,,,,,
Phytanic acid,20.53009211757007,21.151328125650927,20.437043584347983,21.151328125650927,21.03415127487163,20.53009211757007
Picolinic acid,28.220824986859178,27.60464096162688,26.96160059936936,26.96160059936936,27.60464096162688,28.597049460306497
Pinosylvin,17.96713333278627,17.67570612907752,19.36205780789064,20.349076790547734,15.684213392506413,16.10708189958663
Pipecolic acid,18.527065735233002,20.85775323035948,18.816900848646988,17.848056725654924,20.437043584347983,19.791251716821705
"Piperazine, 1-(4-acetylphenylsulfonyl)-4-methyl-",,,,,,
Praziquantel,,,,,,5.2319467103497415
Pro-Ala-Lys,,,,,,
Prometryne,,,36.988835603124244,32.00781944442083,,
"Propanoic acid, 3-[(tert-butyldimethylsilyl)oxy]-2-methyl-",23.151992757960304,24.69908251133796,23.77270330773383,22.991190162689342,23.484143310267747,23.77270330773383
"Propanoic acid, dimethyl(isopropyl)silyl ester",16.700122639813483,17.605330159289814,17.128341573761485,18.40008695193352,17.259371352214917,21.70761198277439
Propanoic acid,22.017772579784815,,20.85775323035948,21.42405899916408,21.49512426745769,20.85775323035948
"Propionic acid, 3-iodo-, octadecyl ester",,,,,,
Propylene glycol,17.605330159289814,18.206837600992994,17.848056725654924,18.76637914203081,17.96713333278627,17.96713333278627
Prostaglandin,15.267001008214582,,14.91150018039568,,,
"Pyrazole[4,5-b]imidazole, 1-formyl-3-ethyl-6-beta-d-ribofuranosyl-",,,,,,
"Quinoxaline, 2,3-diphenyl- ",,,,,32.00781944442083,
Salsoline,,21.278227382097498,22.60513085670781,14.44344997303848,23.151992757960304,
Sarcosine,,22.017772579784815,,,,21.151328125650927
Simetryn,,,,,,
Spiroxamine,20.715974098065832,18.145516841146943,,20.944682697362236,21.63965483051689,21.49512426745769
Stearic acid,28.022288157553156,28.504702814838293,,28.73936053878384,,27.706069701939082
Suberic acid,18.697253042531315,19.55840932952848,18.87000098295748,16.267931772699097,19.192546564593975,18.964499198463745
Succinamide,,,21.42405899916408,,,22.262186034564476
Sulindac,17.917954706335404,19.626871308510992,,15.39656988471546,,
Supraene,20.239280036683237,,21.9535073039897,20.715974098065832,22.336032499821254,21.03415127487163
Synephrine,19.791251716821705,20.060474603176946,19.55840932952848,20.060474603176946,19.723751953711417,19.511528355008892
Taurine,,,15.794924887690241,,,
tert-butyl(dimethyl)silyl-2-([tert-butyl(dimethyl)silyl]oxy)hex-2-enoate,16.267931772699097,17.96713333278627,,15.925482683255618,,17.67570612907752
tert-Butylamine,,,,,,
"Tetrahydro[2,2']bifuranyl-5-one",,,,,,
Tetrahydro-solasodine triacetate,18.007855678299716,18.090663406345644,17.917954706335404,18.929456495102794,18.572420897099427,18.299161313868307
Theobromine,,,,,,
Thymol,16.548397760488008,16.894290018224726,16.267931772699097,17.313901308851932,16.894290018224726,
Triethyl citrate,13.783405868376022,,,15.684213392506413,15.564115838261685,14.6579166018199
Trimethylolpropane,12.340219003345359,15.02985544620005,,14.77794148459306,15.267001008214582,15.267001008214582
Tromethamine,,16.10708189958663,15.925482683255618,19.626871308510992,18.007855678299716,14.77794148459306
Tyr-Val,,,,,,
Uracil,25.58298494600797,26.023750424771674,25.404802973180967,25.58298494600797,25.050447238005177,25.140663431027427
Urea,31.668951186609984,30.370043719919497,28.139723574834868,30.370043719919497,28.328763097489578,29.976899253025323
Vanillylmandelic acid,5.7610837394771846,7.5486253233047425,4.918347381516455,6.033603261326803,3.515329454763203,
"Weberine, 5-desmethoxy-",,,,,,
Xylazine,21.03415127487163,21.9535073039897,21.63965483051689,21.70761198277439,21.566275994088834,20.715974098065832
Yangonin,14.6579166018199,15.925482683255618,15.684213392506413,16.548397760488008,15.925482683255618,15.39656988471546
