,DSS_73_090224,DSS_76_090224,DSS_B896_090224,DSS_T0.7_090224,DSS_T0.8_090224,3297_VECPAC_190224,3679_VECPAC_190224,3681_VECPAC_190224,935_CTR_LPS_CSF_070224,936_CTR_LPS_CSF_070224_2,937_CTR_LPS_CSF_070224,941_CTR_LPS_CSF_070224,942_CTR_LPS_CSF_070224,943_CTR_LPS_CSF_070224
"(2,5-Dimethoxyphenyl)acetone",61487.77617,44579.29945,51871.51156,56614.44142,106182.1573,60441.87655,34634.09876,124928.2394,47464.74921,45739.8119,67751.53899,88453.17167,51671.13438,69324.48248
"(2R)-Pyrrolidine-1,2-dicarboxylic acid, bis(tert-butyldimethylsilyl) ester",252750.0188,677206.091,1708404.271,494893.0969,794283.0008,1064662.302,419060.8465,706911.482,282575.8162,309258.5477,461736.8571,286696.5322,681447.7673,1333647.17
(4-Fluorophenyl)phenylmethanol,0.0,0.0,0.0,0.0,0.0,0.0,0.0,107810.3666,0.0,0.0,568377.7956,0.0,0.0,0.0
"(9H-fluoren-9-yl)methanol, O-methoxycarbonyl-",53866317.1,264784357.0,175183451.2,169333569.8,368473982.0,1240395978.0,214897209.6,68566428.78,159943413.7,254984932.1,207162826.3,87943612.81,12582882.56,183394553.3
"3,4,5-Trimethoxyamphetamine",5909994.755,975.6771408,15581800.12,13227482.43,14653038.19,0.0,90918.76324,8040.871983,23232741.84,37837710.62,23306348.67,177169.7685,1637.594377,21178771.4
Oxypeucedanin,0.0,0.0,0.0,0.0,0.0,0.0,0.0,0.0,0.0,0.0,0.0,0.0,0.0,0.0
"1-(1-Hydroxybutyl)-2,5-dimethoxybenzene ",0.0,19602601.68,129495271.3,44605423.09,78104380.87,11389516.68,0.0,14172806.26,0.0,19200180.56,23218700.82,0.0,111767297.1,204357331.3
"1-(2,4-Dimethoxyphenyl)-propan-2-one",63388.67546,391833.3827,348470.9877,358091.9145,432460.9807,26845.74725,300870.5884,72048.31749,351903.1393,0.0,420154.0421,371220.7074,253058.2954,360185.3063
"1-(2,5-Dimethoxyphenyl)-1-[(trimethylsilyl)oxy]propan-2-amine",55059994.34,36091294.59,23480879.28,32609387.23,34310033.6,33162341.68,28860951.41,53327118.06,50073791.47,49876542.21,72723256.76,66394700.25,35390239.57,43321339.69
"1-(4-Methoxyphenyl)-4,6-dimethyl-2(1H)-pyrimidinone",93851.66009,3357345.768,1185189.113,1636636.548,5602007.572,0.0,1579541.3,5038706.03,580335.8191,4305368.927,2496239.232,259208.1698,2982324.005,4842917.045
1-(Cyclohexylmethyl)-4-piperidinylamine,0.0,57788.18134,56883.60679,0.0,15684.77874,0.0,23807.43308,3836.636799,42121.03284,634.7571202,7030.459844,0.0,9589.231297,13901.03462
1-(tert-Butyldimethylsilyl)-4-methyl-1H-pyrazole,532286.6882,510805.3636,541186.7858,468134.5384,525629.1227,370803.134,272026.3681,328079.5744,387439.6497,327699.3982,556240.93,756366.1193,280680.2997,379619.1449
"1,2,4-Butanetriol, (S)",0.0,0.0,0.0,0.0,0.0,0.0,0.0,0.0,0.0,170263.2118,0.0,0.0,0.0,0.0
"1,2-Benzenedicarboxylic acid, butyl octyl ester",0.0,0.0,0.0,0.0,0.0,0.0,52851077.69,0.0,0.0,0.0,0.0,0.0,0.0,0.0
"1,2-Bis(trimethylsiloxy)cyclohexene",0.0,0.0,902467.912,0.0,248785.297,0.0,0.0,127760.3524,0.0,0.0,0.0,0.0,0.0,0.0
"1,2-Cinnolinedicarboxylic acid, 1,2,3,5,6,7,8,8a-octahydro-4-trimethylsilyloxy-, diethyl ester",235.3502939,0.0,0.0,1615.212975,39883.96214,0.0,0.0,0.0,0.0,0.0,0.0,1541.699673,0.0,0.0
"1,2-Cyclohexanediol, (Z)",167745.3671,116728.4608,140949.9702,121502.2842,181449.2043,376422.0486,330940.0542,0.0,150040.502,151516.7469,225082.0427,155482.0958,106983.5913,138545.5562
"1,3-Butanediamine",0.0,0.0,0.0,0.0,0.0,65718504.24,0.0,0.0,0.0,0.0,0.0,0.0,0.0,0.0
"1,3-Oxazolidine, 2,5-diphenyl-4-methyl-, trans-",380391039.3,305289426.5,321853568.0,236845231.5,267873356.0,244159530.5,103847109.5,216737593.4,248030429.3,175323437.6,306232478.2,742889541.0,299722359.9,307814908.3
"1,3-Propanediol",0.0,0.0,0.0,0.0,0.0,0.0,0.0,0.0,0.0,0.0,0.0,0.0,0.0,0.0
10-Undecynoic acid,0.0,0.0,0.0,0.0,0.0,0.0,0.0,0.0,111254.8366,0.0,0.0,0.0,0.0,0.0
"13-Docosenamide, (Z)",0.0,0.0,0.0,0.0,0.0,0.0,0.0,0.0,81236.56312,0.0,0.0,0.0,83381.46217,164393.2642
1-Butanol,161347664.8,0.0,0.0,135338568.1,131718427.9,106875256.1,0.0,98955214.82,107456564.6,71637526.91,0.0,0.0,0.0,0.0
"1-Heptanol, 2-propyl-",0.0,0.0,0.0,0.0,0.0,0.0,0.0,0.0,2080960.988,1464070.627,1635868.062,2056022.595,1164532.482,1456199.616
1-Hexacosanol,0.0,0.0,0.0,0.0,0.0,0.0,0.0,0.0,0.0,0.0,0.0,0.0,0.0,0.0
1-Octadecanol,375.9386047,0.0,1328.753757,0.0,842.8895487,0.0,487.2821111,0.0,873.8762341,2037.286933,685.1476175,2467.048508,876.2535424,0.0
"1-Octanol, 2-butyl-",99999839.94,58871974.36,63778066.18,53756073.29,75778582.15,19917960.86,9440684.004,32865035.58,35757536.36,38164165.76,54411176.27,132649624.8,45539347.15,35652465.62
"1-Pentene, 1,3-diphenyl-1-(trimethylsilyloxy)-",0.0,0.0,0.0,0.0,19924236131.0,0.0,168223000000.0,0.0,0.0,0.0,0.0,81082210871.0,139710000000.0,0.0
"2(1H)-Quinolinone, 3-[3-(4-methoxyphenyl)-1-oxo-2-propen-1-yl]-4-phenyl",0.0,0.0,0.0,0.0,0.0,0.0,0.0,0.0,0.0,0.0,0.0,0.0,61.71977391,0.0
"2(5H)-Furanone, 4-(hydroxymethyl)",349232.563,583069.3757,508492.4497,399558.0947,759249.4902,716584.5951,426858.1281,662394.8042,423280.4101,533107.4982,582670.3476,324897.4899,508082.5367,816362.1085
"2-(Ethylamino)ethanol, N-acetyl",5280069988.0,3733498137.0,3238690623.0,2844585189.0,3340362041.0,2980334518.0,2548927250.0,2854154682.0,2994721805.0,3156119162.0,3653561791.0,5667640319.0,2507848934.0,2950893293.0
2-(Methylamino)ethanol,117241216.0,93174496.25,74120415.8,80242154.81,73599241.24,84614477.01,38510759.99,71781687.63,94184374.28,89320649.35,106613360.0,158120791.2,73020991.66,293896.8567
"2,2'-Bipyridine",4127308.102,3102063.779,2362766.374,2293027.014,2847835.508,2662076.276,1817478.658,2819845.473,2224100.005,2219857.695,3018883.756,3389479.651,1714114.699,1929917.567
"2,3-Butanediol, O-(trimethylsilyl)-, monoacetate",34161.07088,347353.6403,210328.5889,180971.2224,368751.1381,290387.4784,293681.2361,186878.7198,175030.4635,303758.2558,274869.4952,0.0,213069.5199,298584.8682
"2,3-Dihydroxybutanoic acid",2174346407.0,0.0,3438710149.0,3175980638.0,4029385350.0,0.0,67589111.14,2473065804.0,2580444125.0,0.0,3051622657.0,2095415485.0,2247194781.0,0.0
"2',3'-Di-O-acetyladenosine",0.0,0.0,0.0,5.52273e-07,2.16377e-05,0.0,2.81217e-06,3.17208e-05,0.0,3.32813e-05,2.47215e-05,0.0,0.0,5.80056e-05
"2,4,4'-Trihydroxybenzophenone",1948296.38,1338047.059,990824.5686,788850.1799,580402.5949,508674.8763,327978.0263,378251.8481,525310.0517,713347.6594,852494.0803,2507888.733,719249.2913,706534.5623
"2,4,6-Cycloheptatrien-1-one",6870425.262,0.0,33706514.91,0.0,20165248.66,13883571.63,25351106.12,13493772.63,0.0,0.0,0.0,181130855.6,3312202.08,9313334.403
"2,4-Dihydroxyacetophenone",0.0,0.0,0.0,0.0,0.0,0.0,0.0,67645375.06,0.0,0.0,0.0,0.0,0.0,0.0
"2,4-Dimethoxybenzaldoxime",0.0,0.0,0.0,0.0,0.0,0.0,0.0,495632.767,251484.4159,924334.9552,0.0,0.0,0.0,0.0
"2,4-Di-tert-butylphenol",14603856.93,9397574.583,8677284.148,9132575.201,8750492.309,8986309.424,6622432.176,7050188.656,0.0,0.0,0.0,925905.8471,0.0,0.0
"2,4-Imidazolidinedione, 5,5-dimethyl",8891177.457,2223676.737,1379342.983,1847466.846,634197.052,201468.8534,511496.6468,4419.700505,1354936.954,644499.0536,1760064.567,7493864.511,412839.8001,556437.1993
"2,5-Bis((tert-butyldimethylsilyl)oxy)-4,4-dimethyl-4H-imidazole",3913386.036,1594900.577,732250.1991,317611.9217,0.0,198652.6729,883874.4916,0.0,1407504.59,441365.4161,2513526.182,2912727.403,277621.7275,149247.5803
"2,5-Dimethoxybenzhydrazide",8547734.419,24612551.07,42680141.02,31103573.94,63758295.65,30373452.87,0.0,40447116.11,11781577.02,28731713.39,42156916.9,21761974.84,39650095.59,59986375.75
"2,5-Dimethoxybenzonitrile",710652.3061,906356.6364,1423998.601,1660495.176,2483865.686,1301553.991,593099.2703,2090882.405,587508.5807,1453473.466,1628038.375,908356.0398,1261123.296,1768610.562
"2,5-Dimethoxyphenol",8524896.435,8565802.041,16258225.91,13626142.07,21222585.6,11831643.02,4117512.171,15790885.36,6173616.204,6662760.057,16991562.22,15283082.14,12431658.23,19315696.23
"2',5'-Dimethoxypropiophenone",34902270.72,39948567.52,52447544.14,60364699.1,92286435.37,37180648.39,30370213.33,65365856.54,23009374.98,56428288.81,51463519.26,29204216.23,44268368.15,66924426.87
"2,6-di-tert-Butyl-4-(dimethylaminomethyl)phenol",3660213.67,4317866.677,0.0,0.0,2195043.492,3304860.66,1418447.112,1310453.362,2632707.217,1880101.139,3258903.406,3273606.422,0.0,0.0
"2-Allyl-1,4-dimethoxybenzene",60795333.84,57921668.58,51324983.45,43646446.75,66256339.76,48078132.53,43783184.68,46942271.91,47532975.66,54400650.31,65264123.3,68414710.94,33772132.94,50964238.62
2-Amino-4-methylbenzophenone,93567.06994,476208.8245,258352.5975,187792.7756,948783.5996,326881.3479,249286.5521,393276.5729,107726.8326,355281.3099,639010.5735,0.0,393462.9358,943578.192
2-Aminoquinolin-8-ol,0.0,0.0,0.0,0.0,22590135.66,0.0,4314503.07,0.0,0.0,0.0,0.0,0.0,0.0,22688656.39
2-Butanol,0.0,0.0,0.0,0.0,0.0,0.0,0.0,0.0,0.0,0.0,0.0,0.0,0.0,0.0
2-Buten-1-ol,0.0,198997.1767,2144331.195,1326110.622,0.0,1822458.642,0.0,1192604.616,0.0,0.0,0.0,2341610.526,0.0,2437398.723
"2-Butene-1,4-diol",0.0,0.0,1467734.018,69881.86597,0.0,0.0,0.0,0.0,134206.5388,207341.1865,0.0,173655.0178,95666.84636,0.0
2-Butenedioic acid,12722643.27,64482173.89,28333490.37,30861622.49,49437913.01,44970050.85,24802914.28,0.0,114466233.9,31445876.17,34713852.75,100966459.4,79549888.38,48949864.59
"2-Butenoic acid, 3-[(tert-butyldimethylsilyl)oxy]",40928999.1,86368986.61,79955122.11,62883071.82,128666639.2,73812144.92,53901152.9,56398805.81,61939338.92,74237563.35,114180981.0,48832093.12,79050235.04,118995273.5
2-Butoxyethanol,40817.27809,31461.0285,24899.30919,27748.87658,24726.40923,63237.95102,24011.20868,941.93859,29.32758957,28804.19621,33582.28864,45764.30959,19880.24966,22522.2148
2-Cyanobenzaldehyde,0.0,0.0,0.0,0.0,0.0,0.0,0.0,96159631.48,34339158.45,68446328.17,46522872.46,105691592.4,0.0,73511384.47
"2-Cyclohexen-1-one, 3-methyl-6-(1-methylethyl)",836680.1657,1035200.476,847672.6374,395098.0004,1077600.842,587978.2798,713283.8679,615509.8736,698115.5191,0.0,1013274.427,1507131.281,441539.801,453885.9009
"2-Cyclohexen-1-one, 3-methyl-",675789.1799,1813074.211,2574761.457,2990352.184,3887371.669,762583.3118,734454.7847,1167497.017,1313978.317,2234359.929,2551319.621,1239861.093,2930758.613,3333785.315
2-Decanol,789630.3214,572236.898,488420.7012,461053.2978,440772.3649,373796.532,0.0,277386.3654,429847.4107,0.0,556005.1988,663942.8485,306060.0373,334642.7175
2-Ethyl-1-butanol,0.0,1273639.995,1497658.3,0.0,2278539.04,0.0,0.0,0.0,0.0,2318767.184,3358832.485,0.0,0.0,3033298.256
2-Ethylhexanoic acid,140687780.3,109223279.4,105487967.8,65079851.15,81188029.8,88968418.42,67585209.38,57746818.88,98320596.72,109392466.1,142804333.3,147130361.2,76620696.93,102326626.4
2-Ethylhexanol,0.0,0.0,0.0,0.0,0.0,0.0,0.0,0.0,0.0,0.0,0.0,1171412.772,0.0,0.0
"2-Furancarbodithioic acid, methyl ester",0.0,0.0,0.0,0.0,0.0,0.0,0.0,0.0,0.0,0.0,0.0,0.0,0.0,0.0
2-Furoic acid,178762.5727,104393.9889,123878.8078,108258.1892,108923.4479,136387.6802,117778.3793,161753.4042,0.0,189826.5361,248707.5629,124173.1933,0.0,94538.98059
2-Hexanol,30274963.11,82220054.98,52882636.97,36373876.7,92899753.65,81200924.04,63759697.2,56395420.79,57907738.74,0.0,82789790.56,0.0,59247088.1,92061873.36
"2'-Hydroxy-2,4,4',5-tetramethoxychalcone",1283.861244,2316.254311,0.0,2280.491044,3296.131546,876.1524078,823.6095238,2452.432606,863.4503023,2367.122546,2838.150117,1388.847895,1052.798265,2336.222536
"2-Hydroxy-2',4',6'-trimethoxychalcone",0.0,0.0,0.0,0.0,0.0,0.0,0.0,0.0,0.0,0.0,658.48132,1606.640773,0.0,0.0
2-Hydroxy-3-methylbutyric acid,631.8739902,538.9740385,545.5087883,433.7336386,613.6807115,282.9407671,0.0,72.35145142,495.8595242,798.3178429,850.5804643,2.291548921,464.9771307,733.9412444
"2-Hydroxymethyl-17alpha-methylandrosta-1,4-diene-11alpha,17beta-diol-3-one",0.0,0.0,0.0,0.0,0.0,0.0,0.0,0.0,0.0,0.0,0.0,0.0,0.0,0.0
2-Isopropyl-5-methyl-1-heptanol,0.0,497143611.7,0.0,0.0,0.0,0.0,190904286.6,147208982.4,0.0,0.0,0.0,0.0,0.0,0.0
"2-Methyl-1,3-butanediol",15359454.71,7900643.129,7169063.814,6381589.531,7200437.224,10109870.34,5790519.5,6488768.64,8563931.21,6085638.418,9932745.138,7235351.056,4217240.127,6979841.635
2-Methyl-3-pentanol,0.0,94373.0226,87876.01895,201213.6768,0.0,0.0,0.0,0.0,74096.94008,130657.7002,75706.70499,0.0,145045.0574,156087.5699
"2-Methylcyclohexanol, (Z)",225949.1299,146354.5182,119963.5915,98919.37603,108272.4936,68599.78647,130627.7441,147551.1427,69803.56336,117974.0074,82830.09293,84452.6333,23502.237,46514.29853
"2-Methylcyclohexylamine, tert.-butyldimethylsilyl ether",0.0,4283262.319,3772527.757,0.0,4309160.425,0.0,0.0,0.0,3715488.089,0.0,6500577.285,0.0,3863856.349,4764404.317
2-Naphthol,218174.2456,97814.15094,78320.84238,84005.95815,83096.38848,65435.40092,84334.62249,79413.52498,109814.7251,91485.12985,155755.0727,220939.2289,57658.55631,93249.60929
2-Norbornanemethanol,0.0,0.0,0.0,0.0,76417606.03,0.0,0.0,0.0,21813676.01,9321250.692,0.0,0.0,0.0,0.0
"2-Oxiraneethanol, 2-t-butyldimethysilyloxymethyl- acetate",0.0,0.0,0.0,0.0,0.0,0.0,0.0,0.0,548069.4201,0.0,0.0,0.0,0.0,0.0
2-Pentadecanone,71.56871313,51.26031116,43.25108132,23.42631713,44.74723361,22.18504734,18.36215746,23.90542255,37.60190826,46.69263125,80.19472567,88.41026957,22.84776583,62.05312059
"2-Pivaloyl-1,3-indandione",0.0,0.0,0.0,0.0,0.0,0.0,0.0,0.0,0.0,0.0,0.0,0.0,0.0,0.0
2-Propyl-1-pentanol,0.0,1888663.689,10550473.54,7547068.84,7686370.319,0.0,9441912.351,9166503.818,1791376.56,370200.9904,12329035.18,17499878.51,8184739.651,10029369.49
2-Pyrrolidone-5-carboxylic acid,629271985.4,815469377.2,894788088.1,2253004799.0,1056194654.0,421307439.1,618533588.5,537320757.6,595150422.3,1295361492.0,801399178.7,312712024.2,676351915.5,1160742829.0
"2-Thiophenecarboxylic acid, 4-cyanophenyl ester",0.0,0.0,0.0,0.0,0.0,0.0,0.0,0.0,0.0,0.0,0.0,0.0,0.0,0.0
"3-(4,7-Dimethoxy-2H-1,3-benzodioxol-5-yl)-2-methylprop-2-enal",887253.4193,1948592.028,2818350.01,2573718.647,5299546.329,1923601.852,712195.6571,2652724.903,1107787.692,2102257.201,3439468.299,1610724.084,2964695.518,4352031.752
3-(4-Methoxyphenyl)coumarin,0.0,0.0,0.0,0.0,0.0,0.0,23450.71029,0.0,2596588.039,0.0,729644.7401,178157.5323,0.0,0.0
"3,3-Bis{4-[(trimethylsilyl)oxy]phenyl}-2-benzofuran-1(3H)-one",0.0,0.0,0.0,0.0,0.0,0.0,0.0,0.0,0.0,0.0,19059030881.0,0.0,0.0,0.0
"3,3-Dimethylacrylic acid",0.0,0.0,0.0,0.0,7611947.847,0.0,0.0,1643861.842,0.0,0.0,4909470.806,7033070.998,0.0,0.0
"3,4-Dihydroxybenzaldehyde",0.0,0.0,0.0,0.0,0.0,10286388.43,18385343.59,8239508.407,0.0,0.0,0.0,0.0,0.0,0.0
"3,4-Methylenedioxyamphetamine",281076335.9,0.0,159087173.8,0.0,0.0,223841486.1,202109773.0,7793.21655,0.0,283954340.3,153668931.4,0.0,377338.1338,17108.66065
"3,5-Dimethoxy-4-(tert.-butyldimethylsilyl)oxybenzaldehyde",0.0,0.0,0.0,0.0,0.0,0.0,444346604.4,0.0,0.0,0.0,0.0,0.0,0.0,0.0
"3,5-Dimethylphenol",39400.77308,24989.83396,22045.39697,18350.26105,25259.00359,25350.81166,29023.02185,32973.88427,0.0,61194.21593,26998.05844,39775.77699,17117.03372,21308.62357
3-Amino-5-methylisoxazole,12538841.94,6059645.59,7890619.214,7452890.203,7838581.908,2526405.67,0.0,4293042.486,5216674.278,3086508.964,8019201.877,16264724.23,6196300.065,6105112.953
3-Aminobenzoic acid,35409866.17,21208626.57,7144505.25,14679396.6,3109933.954,1753810.642,6663407.435,0.0,14969303.73,13206377.67,29719269.78,33860784.55,2043732.639,3930917.048
3-Buten-2-one,507700.1298,255762.6953,200590.6153,240407.8438,261172.6646,208334.0846,340530.6853,556093.4215,153737.1653,254269.8288,228629.995,320235.9764,163293.1601,204658.0841
3-Heptanol,0.0,5717460.495,9229689.051,3704956.294,9836657.998,11692838.75,10376432.74,3232415.442,14203440.23,7362492.198,12843601.87,6610057.667,4779779.741,7398887.096
"3-Hydroxy-7,3',4',5'-tetramethoxyflavone",182.4279744,12.18412077,0.0,0.0,0.0,0.0,63.39639019,1219.144291,0.0,0.0,0.0,862.0764012,0.0,0.0
3-Hydroxymethyl-2-trimethylsilyloxypentane,0.0,0.0,0.0,0.0,42552.54734,0.0,0.0,0.0,0.0,14821.18357,23418.17474,13960.04197,16816.87633,29843.22767
3-Methyl-3-buten-1-ol,0.0,0.0,50875.88818,0.0,144198.952,15942.62196,0.0,16439.91837,22753.89894,0.0,85913.87688,0.0,74477.10368,110817.6035
3-Nonene,0.0,0.0,0.0,0.0,0.0,0.0,0.0,0.0,0.0,1161431.376,0.0,0.0,0.0,0.0
3-Phenyl oxindole,0.0,0.0,0.0,0.0,0.0,0.0,2078749.762,0.0,0.0,0.0,0.0,0.0,0.0,0.0
"4,4'-Dichlorobenzophenone",0.0,0.0,0.0,0.0,0.0,0.0,0.0,0.0,0.0,0.0,0.0,0.0,0.0,0.0
"4,5-Dihydro-1H-pyrazole",0.0,20148718.68,41713823.01,0.0,58128700.98,0.0,0.0,7015026.634,0.0,0.0,0.0,819502135.5,0.0,0.0
"4-[2-(4,7-Dimethoxy-2H-1,3-benzodioxol-5-yl)ethenyl]-2-methoxyphenol",5518699.024,3995364.332,1661965.003,2955347.689,2481740.876,1454137.015,3325186.995,4177286.56,3381678.015,822538.5326,4115971.718,3943468.117,2239831.163,1000706.277
4-Aminobutanoic acid,49452.64106,621381.657,304419.14,153171.9208,49407.10552,192814.8208,106051.2852,22423.6449,177148.788,281672.7341,135435.6377,109597.1465,12034.50692,205687.9989
4-Hydroxybutanoic acid,0.0,0.0,0.0,0.0,0.0,0.0,0.0,0.0,0.0,0.0,0.0,0.0,0.0,0.0
4-Methoxyphenol,0.0,114735744.3,0.0,0.0,402928360.1,141640622.3,68576451.57,221330598.6,0.0,0.0,450366300.0,557796202.1,313499015.6,228905317.1
"4-Methylquinoline-2,7-diol",0.0,0.0,0.0,0.0,0.0,0.0,0.0,0.0,0.0,0.0,0.0,0.0,0.0,0.0
4-Methylvaleric acid,684706.044,769445.4808,793246.9002,399440.8506,630561.5895,344210.461,310885.3256,286558.2859,609181.3185,0.0,878050.4644,1560241.84,613146.9575,840903.8809
4-Oxohexanoic acid,923436.4835,595281.5339,546963.5496,632348.4369,504955.4634,598863.8162,485527.467,598173.4428,614420.3082,1073338.645,0.0,552533.1942,439942.1272,0.0
"4-Phenyl-2,3-dihydro-1H-1,5-benzodiazepin-2-one",0.0,0.0,0.0,0.0,0.0,0.0,169953.033,0.0,0.0,0.0,0.0,0.0,0.0,0.0
4-tert-Butyldimethylsiloxy-3-penten-2-one,133015939.5,33543076.91,0.0,0.0,0.0,0.0,0.0,0.0,48715668.6,0.0,64969060.19,117126861.1,0.0,55899647.05
5-Aminovaleric acid,0.0,0.0,0.0,0.0,0.0,0.0,0.0,0.0,0.0,0.0,0.0,0.0,0.0,0.0
5-Azacytosine,346962.7952,288111.1538,393594.2071,340145.6329,234361.6361,529973.7297,103000.5066,344737.97,251124.1166,357775.2015,406814.3172,345886.7676,263558.365,407156.4464
"5-Chlorovaleric acid, nonyl ester",23951160.92,14565722.95,17657786.13,13229319.58,13324815.61,12192454.58,14314897.76,15674609.32,18779581.19,9998658.834,14743824.87,21124863.35,10927389.0,12226084.27
"5-Ethyl-1,3-dioxane-5-methanol, tert-butyldimethylsilyl ether",7759514.321,12069410.84,0.0,2052744.511,7793984.284,7352497.671,10929024.5,7165826.251,9932494.342,18079221.6,9759790.135,0.0,0.0,1140037.221
5-Ethyl-5-methylnonadecane,0.0,0.0,0.0,0.0,0.0,0.0,0.0,0.0,0.0,0.0,0.0,0.0,0.0,0.0
5-Hydroxy-7-methoxy-2-methyl-3-phenyl-4-chromenone,62711.02287,118591000000.0,66083.29115,79380035.84,0.0,0.0,0.0,73412483.36,7977573.373,16583860.3,18573856566.0,75760029258.0,34139316649.0,19910154372.0
5-Nitroso-8-quinolinol,0.0,15391526.33,21962282.34,0.0,0.0,0.0,0.0,8452326.903,0.0,0.0,0.0,0.0,9600525.365,12593092.9
"5-Nonanol, tert-butyldimethylsilyl ether",1145053.891,887645.3946,732674.5032,697248.3945,706530.9591,677866.1741,564036.282,620053.7519,788993.9144,628551.2044,838946.1093,1211308.229,587117.7342,652872.4433
5-Oxohexanoic Acid,967660.8977,728721.9181,637303.6576,159555.3509,647550.9062,668443.6425,160665.3658,300586.1806,540988.8845,496086.4447,697030.5855,1066849.414,503260.4491,564296.1645
"6,7,4'-Trihydroxyisoflavone",203549.6191,168145.9873,107081.2007,124119.2401,148762.6717,169329.1567,164849.6338,162588.9017,126996.9878,116030.445,145311.3929,280507.3268,112047.8315,114865.8989
"6-Aminocaproic acid, N-(tert.-butyldimethylsilyl)",153024.7394,57727.25868,71734.68732,68184.49722,78703.40347,33615.51987,22941.72266,35652.20006,39874.62386,44841.51088,61684.65263,109549.1864,0.0,0.0
"6-Methoxy-1-methyl-1,2,3,4-tetrahydroisoquinolin-7-ol ",80652835.0,66284880.02,72755416.47,0.0,90377022.46,0.0,5836648.95,0.0,44624536.14,0.0,0.0,79590702.95,56029371.91,76491382.55
6-Methyluracil,2583095.607,978656.539,654407.9159,882421.9756,363739.2278,180103.2314,378276.9331,84493.23511,919975.2771,473987.4808,1200819.459,2226790.586,141249.2579,174350.4419
6-Nitroveratryl alcohol,0.0,0.0,297396.9898,0.0,0.0,0.0,0.0,105406.5428,0.0,0.0,23586.59637,0.0,298347.6526,316141.4178
6-Oxoheptanoic acid,3679618.173,2801553.343,2439363.469,2101902.744,2584384.832,2275361.869,2032341.657,1947330.104,2136166.744,2302211.619,2899850.7,4099059.229,2254109.354,2727983.65
"7(S),17(S)-Dihydroxy-8(E),10(Z),13(Z),15(E),19(Z)-docosapentaenoic acid",0.0,0.0,4479.613348,0.0,0.0,0.0,0.0,0.0,0.0,0.0,0.0,0.0,0.0,0.0
7-Hydroxy-4-(methoxymethyl)coumarin,108.8700484,110.4710278,0.0,0.0,0.0,0.0,24.63180227,0.0,0.0,106.3126094,85.05220294,0.0,79.96324517,0.0
8-Acetyl-7-hydroxycoumarin,0.0,0.0,0.0,0.0,0.0,0.0,0.0,0.0,0.0,0.0,0.0,0.0,0.0,0.0
8-Methylnonanoic acid,21271242.86,14444558.73,14714659.89,10915838.52,14127570.69,13037715.0,11888691.66,10921211.6,12445988.46,12931897.1,17842009.09,19245887.06,11542572.95,15410071.74
"9,12-Octadecadienoic acid (Z,Z)",0.0,0.0,0.0,0.0,17977628.97,0.0,0.0,0.0,1607420.864,0.0,0.0,0.0,0.0,0.0
9-Ethyl-N-(trimethylsilyl)-9H-carbazol-3-amine,0.0,0.0,0.0,0.0,0.0,0.0,0.0,0.0,0.0,0.0,0.0,0.0,0.0,0.0
"9H-Xanthen-9-one, 1-hydroxy-3,5,6-trimethoxy",0.0,34400249.1,0.0,0.0,0.0,0.0,0.0,0.0,0.0,0.0,0.0,0.0,0.0,0.0
"9Z-Octadecenoic acid, (2S)-3-[(hydroxymercaptophosphinyl)oxy]-2-methoxypropyl ester ",38830.64142,0.0,0.0,0.0,0.0,180584.7088,0.0,186903.9538,1412781.332,340240.9786,0.0,71773.81952,849700.2068,257223.8317
Acetic acid,120510000000.0,89454215733.0,76947673095.0,66992656223.0,90888616275.0,82716323818.0,13704725484.0,73615612943.0,55223810803.0,81939020663.0,128505000000.0,56108351200.0,65701833882.0,61081262243.0
Aceturic acid,24727204.24,19508979.5,0.0,21009413.67,24269222.39,9812734.88,9573820.936,12046661.81,7971942.0,16068484.77,5537675.253,19533140.2,8299586.606,24491410.63
Aconitic acid,23538768.07,34213867.66,13092049.64,11168097.72,26335309.76,18024390.93,15834196.85,17669640.78,20505978.72,52869206.29,26222558.91,26761891.34,25648861.41,22390632.67
Adenine,185921.5132,38759.225,32934.81446,38860.29099,22911.75475,0.0,12098.62535,0.0,30996.5359,20241.77644,44037.23783,103228.1444,14136.53595,20608.94418
Adipic acid,0.0,0.0,0.0,0.0,0.0,0.0,0.0,0.0,0.0,0.0,0.0,0.0,0.0,0.0
Adipoyl-L-carnitine,237543.5928,0.0,0.0,404759.8793,312113.4744,20827195.79,0.0,0.0,6332713.495,7866445.274,0.0,45482835.68,0.0,0.0
alpha-Hydroxyisobutyric acid,0.0,57775.50267,56376.53421,54069.20058,0.0,0.0,0.0,0.0,7617.348644,11526.59654,12587.54421,2889.109868,12046.60828,20810.15408
Allylescaline,3410449676.0,2352728945.0,3341656851.0,1051033782.0,3074605037.0,1356829083.0,666183105.9,1782273870.0,819347813.4,1584626365.0,1635429848.0,2783448241.0,1779509531.0,2402731243.0
Aminoguanidine,0.0,0.0,0.0,3628314.461,0.0,0.0,0.0,0.0,0.0,0.0,0.0,0.0,0.0,0.0
Aniline,448648.564,311498.1648,316326.1206,360550.7923,284388.9417,248055.4688,364165.1596,311454.5968,359710.3821,407951.0407,498848.0551,874987.4085,365405.2259,524287.15
Azelaic acid,786582.9072,498752.1875,572419.8217,707142.2186,638309.6827,310958.759,251805.5386,256962.2661,37145.27733,212631.416,285877.0754,468317.0015,213853.606,326811.1309
"Aziridine, 1-(2-buten-2-yl)",0.0,0.0,0.0,0.0,0.0,0.0,0.0,0.0,0.0,0.0,0.0,0.0,0.0,0.0
"Benz[a]anthracene-1,7,12(2H)-trione, 3,4-dihydro-8-hydroxy-3-methyl-, (3S)",0.0,0.0,0.0,0.0,0.0,0.0,0.0,54866161.62,0.0,0.0,0.0,0.0,0.0,0.0
"Benz[c]acridine, 5,10-dimethyl",0.0,0.0,0.0,0.0,0.0,0.0,0.0,0.0,0.0,0.0,0.0,0.0,0.0,0.0
"Benzaldehyde, 2,5-dimethoxy",117493000000.0,120570000000.0,122514000000.0,107858000000.0,145176000000.0,118383000000.0,74658252245.0,109943000000.0,116142000000.0,106669000000.0,155663000000.0,190914000000.0,109862000000.0,132617000000.0
"Benzene, 1,4-dimethoxy",4084020.937,3440255.007,3406049.447,4068182.318,5133250.886,3630448.527,2539951.744,4805818.15,3470254.263,3887144.974,4507132.398,4485806.326,3207207.005,4158498.325
"Benzene, 1-acetoxy-2,6-dimethoxy-4-(2-propenyl)",0.0,0.0,0.0,0.0,0.0,0.0,0.0,0.0,0.0,0.0,0.0,0.0,0.0,0.0
"Benzene, 1-ethyl-3,5-dimethyl",0.0,0.0,0.0,0.0,6759350.14,1235837.995,0.0,0.0,3605513.286,0.0,0.0,0.0,5574373.086,0.0
Benzeneacetic acid,0.0,130569.106,0.0,0.0,0.0,342984.6155,0.0,1373710.338,2521582.731,0.0,214698.2748,764291.7659,0.0,0.0
Benzenepropanoic acid,14599359.57,20065592.15,13558368.1,5590786.209,18069330.43,17073459.69,18106699.27,11245537.56,12227961.14,14726696.42,19210071.78,24529440.73,10824411.12,15726446.25
"Benzenesulfonamide, N-butyl",32849.52882,20794.0869,20350.76346,14491.78548,17489.61652,14843.32222,15075.05698,9776.836388,18305.28189,16584.03309,26996.58242,26420.25103,13697.24933,18435.80269
"Benzoic acid, 2-hydroxy-3-[(2-hydroxy-4-methoxy-6-propylbenzoyl)oxy]-4-methoxy-6-propyl-, methyl ester ",406666907.4,281331073.3,523822374.7,388715088.2,412138123.9,336661051.4,164395816.1,256605394.9,438704881.6,366227603.0,600608391.1,1148966864.0,504485776.6,616526487.5
"Benzoic acid, methyl ester",2182328.077,12734642.39,11450757.1,10518038.38,12062482.46,7728088.843,1386749.412,8099953.412,61042.6973,850200.203,733915.1452,24971931.18,10060668.89,11351378.5
Benzoic Acid,653991112.5,585106952.7,446078164.5,515605842.6,611804489.3,429239666.2,377592219.8,471647800.8,642834852.9,517416240.7,716571045.1,998126282.5,497822360.7,555465119.1
Benzophenone,62274.19812,49206.24593,43611.22755,13522.20247,33099.05651,29601.25041,22734.16291,0.0,38392.04848,46129.49669,53433.08587,29479.77133,42746.0297,46661.02096
Benzyl alcohol,73166516.09,46869621.79,38775069.67,26090911.35,29550391.36,29662925.79,25928181.18,28071022.04,39761441.7,30865509.53,42384014.64,61940912.6,23269570.41,26987835.43
Biphenyl,7039788.827,4822053.316,4520372.347,2909306.017,4345949.66,3399966.786,2709020.555,3320720.855,4611113.13,3327431.058,4700129.203,4259489.918,2801809.335,3596894.383
Butachlor ESA,0.0,0.337772901,0.208617911,0.34395544,0.654698103,0.247419454,0.0,0.236226523,0.0,0.086058184,0.384077502,0.0,0.268192607,0.242069495
Butanedioic acid,928852620.6,275182526.1,1371253116.0,1115412187.0,1348984306.0,787071215.3,766162786.7,613268302.8,218102984.9,1176089602.0,386105147.3,435007880.9,979060402.0,1328093448.0
Butylmethylamine,7358553.082,17476226.15,15508449.44,13260665.83,15430713.54,16531394.4,9995193.524,12824776.48,19541563.41,5685855.181,20472871.97,23314227.76,9943971.495,15813910.3
Butyric Acid,179592354.3,184509415.3,155367107.2,130470813.7,101200277.7,97129452.59,148106692.7,90510879.16,130874154.1,112968359.7,183631321.5,236806999.7,108034866.0,127879505.7
Chlorobenzilate ,19686958.06,0.0,151739340.9,16874013.21,0.0,0.0,0.0,0.0,0.0,0.0,24421262.16,1225514.207,0.0,0.0
Cholesterol,216926142.5,2415407.278,2649351.506,4256282.266,743035.6216,4578691.269,5372335.71,46236.90927,18785342.96,11149870.23,23535487.1,96037517.29,825880.2118,9438729.023
cis-2-Decenoic acid,0.0,0.0,0.0,0.0,0.0,0.0,101989.9296,0.0,0.0,28987.54204,0.0,0.0,0.0,29170.83083
Citramalic acid,11441.87584,48435.64941,15369.93686,16528.30859,32356.77751,16750.21943,23738.29857,17749.63806,35483.94342,19264.93791,15861.62426,18161.53564,0.0,39229.38961
Crotonic acid,10660931.65,7574218.79,6294534.574,6052583.029,1559505.488,5384743.275,5028004.964,5008721.948,6270394.093,5669818.278,8155260.78,8747736.584,5128296.611,6011869.399
Curcumin,209114.0763,173823.3657,140597.6259,106130.6203,160620.0488,105906.9438,87267.14672,101540.8392,123241.3648,91855.79596,167759.5217,239164.6689,121256.4494,148190.0094
Cyclobutylamine,52323740.57,45526155.11,35137671.58,34116780.31,42564523.85,29746210.27,24690521.2,28265474.73,34559781.06,30281402.39,47802200.33,68522421.03,32446267.64,37872678.34
Cyclocurcumin,0.0,0.0,0.0,0.0,0.0,0.0,6299.772852,0.0,0.0,0.0,0.0,0.0,0.0,0.0
Cycloheptanol,13728475.27,5328413.735,6407572.816,5911010.333,6435019.557,5260369.97,9485329.255,15690617.35,5733260.108,5422968.552,7322700.776,11348501.47,4547224.374,6964555.4
"Cyclohexanone, 3,3,5-trimethyl",1727230.311,3569090.047,4788999.207,10199997.97,8486823.072,7214747.331,3255244.627,7218746.834,4416261.147,0.0,3131032.713,4814871.951,7546433.042,8590158.272
Cyclooctylamine,7144593.23,21562016.21,22168086.2,21256029.63,39711351.08,19324862.69,12577907.23,17981171.09,10502488.51,18516750.59,25852207.47,5670264.892,19420359.23,28938683.75
"Cyclopentaneacetic acid, 3-oxo-2-pentyl-, methyl ester",1250693.48,817184.904,784543.6431,460111.6838,623013.5737,651040.7747,76470.11271,647782.7837,715439.136,515510.7638,795465.2945,1325854.696,470254.3416,702363.3295
"Cytosine, N-(tert-butyldimethylsilyl)-",27264.38798,20610.78856,15332.27862,14475.89449,15418.24323,14021.26057,11762.40459,13359.83135,15999.117,15315.1579,20366.3791,24015.73401,11843.76937,13786.32687
Desmethylverapamil,0.0,0.0,0.0,40148352.37,0.0,0.0,0.0,0.0,0.0,0.0,0.0,0.0,0.0,0.0
Diacetyl monoxime,285665.6316,201634.5478,191006.4975,179996.395,234403.2683,150626.994,111190.2065,133952.615,176317.9161,156924.6982,206679.6452,324367.8312,119443.9688,197308.9484
Dibutyldodecylamine,1600648.266,0.0,0.0,0.0,0.0,0.0,0.0,0.0,0.0,0.0,0.0,7032612.75,0.0,0.0
Diclofenac,42841.20235,101891.8552,0.0,125752.4297,113156.1279,0.0,0.0,60780.93919,0.0,0.0,0.0,0.0,0.0,186043.5021
Diethylamine,351713.3888,449764.7189,569669.5501,598999.5631,672113.6844,455999.2711,289392.6371,479627.8944,330770.2783,368432.5211,492674.1332,358392.0913,463959.4926,626643.1822
DL-Glyceraldehyde,38869061.82,75616386.32,78381244.13,56728062.42,81708900.6,58628899.85,39242481.43,58454247.21,86595262.2,73659870.3,122232847.1,98080915.32,95588139.44,126315513.4
DL-p-Hydroxyphenyllactic acid,0.0,128526.8949,125493.6711,302726.8967,230239.1293,172623.3251,181985.5115,174351.1077,174853.6102,257096.9384,337574.0441,0.0,191965.921,221047.8912
"Dodecanoic acid, 1-methylethyl ester",5857.639958,6422.979089,5918.427847,4239.588051,3754.700856,6319.85824,5208.440852,5742.471245,6783.10219,3919.646022,4312.406039,8284.741673,3273.544986,4294.549345
Dodecanoic acid,49904914.52,14394306.01,12966997.78,9299401.891,12335144.42,10434180.87,10552517.59,10291278.02,13380247.22,13149507.0,14912255.86,19407120.83,9678425.624,11619808.57
"D-Streptamine, O-6-amino-6-deoxy-alpha-D-glucopyranosyl-(1-4)-O-(3-deoxy-4-C-methyl-3-(methylamino)-beta-L-arabinopyranosyl-(1-6))-2-deoxy-",0.0,340.5908601,14.66741153,219.1373414,248.9050526,183.1256458,231.6199611,208.4075294,79.08293608,467.503127,332.2185837,92.15756634,89.04017286,399.816087
Durapan,971815.52,266670.4073,86407.60349,150726.9978,31251.72613,0.0,79487.3277,0.0,221235.5604,118839.8944,368473.7954,609222.6739,20811.70646,35063.7073
"Erythrono-1,4-lactone",11447270.13,7462451.374,20388441.31,10591189.95,17207478.64,10843732.71,12192693.78,13635242.44,10456013.84,12790123.07,6493709.958,10294255.42,12116802.53,18806259.89
Ethanolamine,670690720.5,946680789.5,583458814.2,341822882.4,805631532.7,527019152.1,315348599.8,208501495.1,175721449.2,200895849.5,205883421.9,240173005.6,177960896.0,202057813.2
Formamide,3842674312.0,3158884567.0,2782679597.0,2550284362.0,2601819898.0,2280360109.0,1933307916.0,2163259370.0,2425422537.0,1864176185.0,2747583609.0,3673937972.0,1976863605.0,2317770092.0
Frangulin,1043.824298,480.9251748,225.4676569,0.0,350.518572,1136.759034,55.49368158,406.2585311,393.7125254,1214.542513,558.395791,0.0,1032.979584,0.0
Glabridin,199785.4703,156422.5498,0.0,0.0,168056.1928,60597.61521,60757.64173,0.0,0.0,0.0,0.0,0.0,536686.5903,0.0
Glyceric acid,3074734.82,727312.0627,0.0,0.0,0.0,16973745.68,0.0,0.0,0.0,0.0,0.0,0.0,40763676.42,0.0
Glycerol,214266.4814,91179.55195,64874.0336,44116.67588,44973.10529,66746.06804,66171.82442,52772.95656,88605.02007,97834.0482,144086.128,196566.5723,86282.62212,112908.0175
Glycine,0.0,155205762.8,301486026.8,88287650.5,84877535.96,238234145.7,95437258.61,105387970.4,68293839.94,90350776.11,88241573.47,125473571.9,52561370.84,66564136.51
"Glycine, tert.-butyldimethylsilyl ester",839968825.2,483995377.3,591256553.8,295120744.1,390123391.1,524745793.8,274075647.2,350283483.4,285999374.7,401360864.6,348243003.6,525696413.2,283739439.2,353582416.0
Glycolic acid,261806694.1,383583583.7,291942394.6,238344609.1,314839737.9,293210796.6,252529628.5,258413442.8,244861335.7,399541576.2,349637661.6,231918596.2,243155930.9,353211676.0
Guanosine,0.0,316989.0325,305236.9442,2140.22032,291222.8453,0.0,0.0,1058.162345,386077.2827,87267.67969,343668.9466,0.0,270609.0396,0.0
Heptanedioic acid,8092.900227,0.0,0.0,0.0,0.0,0.0,0.0,0.0,0.0,0.0,0.0,10732.87747,0.0,0.0
Heptanoic acid,38140786.45,27302474.79,31494701.05,19159483.54,21284185.49,28562704.67,26040006.1,20759801.75,26244338.83,28484019.69,34938475.18,35714856.55,21445183.36,25456374.8
Heptylamine,0.0,15886.69477,15566.65313,13074.66695,15208.98502,0.0,3628.411088,0.0,0.0,1916.675866,24347.95552,49770.42544,6936.734797,8170.69727
Hexacosanoic acid,5009.855769,4101.450256,4216.280865,0.0,3468.432143,3349.840685,3237.507058,0.0,9703.993839,1386.622067,8973.445624,6239.247181,1479.818165,0.0
Hexanoic acid,139372892.6,105656055.2,102398665.3,71873488.46,83068765.56,82318783.54,76476961.9,67277809.98,89457951.86,92371177.46,112784340.7,139927122.1,75920279.81,93786701.03
Hydracrylic acid,13255807.76,16831451.25,15857743.55,10661169.2,15289880.38,13246031.83,14765084.39,13347766.33,10439069.27,22306979.06,20278339.45,11811667.96,14037480.47,20795330.49
Hydroxylamine,0.0,0.0,0.0,0.0,87091793.72,0.0,0.0,0.0,0.0,0.0,0.0,0.0,0.0,0.0
"Hymexazole, tert-butyldimethylsilyl ether",152827215.7,58623745.15,34171055.99,40824941.62,32555732.95,23041181.92,28457346.42,15167941.56,50919927.98,35130063.63,81037136.55,118380810.1,14639491.84,17795595.39
Hypoxanthine,275499729.2,240651673.7,120957627.8,102944831.4,72133501.38,15821372.39,99671243.51,14888859.77,115778116.5,213844737.5,205273549.1,73149745.17,16397520.49,77769858.15
Iminodiacetic acid,38.79657967,552.2557951,166.6224859,663.2923518,645.3940976,235.4575898,380.3593045,173.7426243,96.98306055,163.0944206,344.1248173,17.33007015,221.4440149,574.865456
Indoprofen,0.0,0.0,0.0,0.0,0.0,0.0,0.0,0.0,0.0,0.0,0.0,0.0,0.0,0.0
Isobutanol,0.0,159174.9759,179560.4938,126734.3327,764694.452,608758.1611,262776.0451,473757.3796,155325.5139,213360.955,551965.4818,56965.82028,531454.8254,871895.8581
Isonicotinic Acid,100613851.0,76430779.68,67863189.1,62009601.49,66100999.61,65084673.1,49559665.92,63439944.85,65203909.05,63708645.56,80871147.92,113153826.8,54145610.11,66371020.67
Isopropyl palmitate,3294.507232,2656.356461,2719.674528,2492.35704,3543.18664,1603.576767,1362.388969,1606.590942,2041.455526,2127.006055,2930.554006,3252.511991,2246.707483,3217.513375
Isopropylamine,64751222.91,68714743.09,49314773.96,20115219.46,129473594.6,17699570.77,9577753.173,8693407.231,27028522.21,13117961.99,94531872.59,144649971.8,32412900.78,42348498.56
Isosorbide,0.0,0.0,0.0,0.0,0.0,3315096.084,1321283.991,2306467.07,0.0,0.0,0.0,0.0,0.0,0.0
Ketamine,4245060593.0,3418183148.0,1642841740.0,1623685225.0,1398853147.0,850706044.8,1257500311.0,1452197020.0,1737012840.0,3648804045.0,3247620544.0,4444353828.0,1130633905.0,1125087109.0
"Kojic acid, bis(tert-butyldimethylsilyl) ether",3098310.595,1116386.841,1011756.488,830678.6441,244246.9008,334024.8856,383748.506,159705.408,898196.1228,468871.2428,1590853.3,4505464.545,404104.5539,493839.3664
L-(+)-Threose,0.0,781959236.8,0.0,0.0,0.0,0.0,0.0,0.0,2143411.762,0.0,264244351.5,0.0,448034985.8,0.0
Lactic acid,1559026211.0,2019287161.0,1267231337.0,0.0,1931212063.0,415784846.6,1038334481.0,690247527.9,540501607.7,560460398.6,1133822648.0,1612896060.0,1156206493.0,316232342.8
L-Alanine,414.9172208,225.3574329,239.4457358,156.5866145,189.6836271,138.69917,245.4770801,174.737716,169.7586944,376.5385967,345.9329764,238.6634943,151.2222287,198.3151275
L-Asparagine,4792975.319,2601955.843,0.0,0.0,0.0,0.0,1249354.14,0.0,0.0,0.0,0.0,0.0,0.0,0.0
L-gamma-Glutamyl-L-glutamic acid,0.0,0.0,0.0,0.0,0.0,0.0,284612.3338,0.0,0.0,0.0,0.0,0.0,0.0,65453.71647
Leucylglycine,1182848.777,5436582.997,3916766.901,208065.5813,4637372.043,0.0,6928046.92,0.0,24729773.27,1176078.027,3900405.477,506704.8748,414899.7643,15097071.82
Levulinic acid,25730329.39,21263955.88,17970544.57,13900690.89,15013693.06,16099522.48,14078715.43,15209007.12,18494728.21,15334548.99,18421514.31,24302113.86,14128579.18,15605473.19
L-Glutamic acid,1242537.36,0.0,1401308.834,0.0,1488540.351,0.0,0.0,0.0,0.0,274344.7323,0.0,0.0,58159.11946,366309.5874
L-Glutamine,137.9823661,267.05972,233.6272354,260.3084592,0.919165029,201.6857671,0.76108857,163.5609087,165.485614,191.6264916,193.2649996,184.9349412,185.2677632,207.9262335
"L-Histidine, N,1-bis(tert-butyldimethylsilyl)-",33217893.13,30578678.59,26684306.3,32868332.89,27184452.15,13619382.79,15014239.32,10754495.92,24086073.79,28065614.6,37274945.81,44610216.83,24508603.01,36965718.33
Lignoceric acid,228209.9079,131216.5096,82528.97747,87816.42678,129231.7223,56609.12131,110920.4576,65317.15905,67687.69691,96499.27304,57001.38698,41939.19389,36824.53885,32830.52843
L-Leucine,1085303.341,657227.9111,583452.251,710798.2161,772134.8647,874523.6994,340386.2827,603107.2516,828573.1364,674099.3783,709311.8792,1663433.676,428646.3498,565652.8414
"l-Leucine, n-butoxycarbonyl-N-methyl-, hexadecyl ester",2472263719.0,2994543768.0,2071540616.0,0.0,6771107845.0,4165255242.0,0.0,4414489354.0,0.0,0.0,0.0,0.0,0.0,0.0
L-Lysine,18707992.05,19318665.74,19649035.92,9292779.546,12890397.87,18201283.47,0.0,8643400.871,15211322.56,17503932.16,16263106.55,31916795.34,13177507.58,14205768.01
L-Norleucine,0.0,0.0,310750762.3,0.0,0.0,0.0,0.0,746124349.0,931052340.2,1916721083.0,401786176.6,9293375.5,0.0,347739114.9
"l-Norvaline, n-propargyloxycarbonyl-, isohexyl ester",227765601.8,404636417.7,453059331.4,0.0,611020117.7,275297194.6,0.0,0.0,434261679.8,200729668.0,0.0,660598130.2,431041117.6,735176831.4
L-Ornithine,0.0,78489.78444,0.0,0.0,23783308.59,23619.39792,0.0,151402.7103,0.0,460887.8426,0.0,0.0,0.0,0.0
L-Pyroglutamic acid,16653331.48,0.0,0.0,0.0,1897386.514,17804074.72,0.0,3137185.731,0.0,65029618.19,0.0,0.0,5491408.772,9138174.563
L-Serine,0.0,0.0,0.0,0.0,959202.9979,35184506.65,34240059.95,31009533.73,0.0,690660438.2,0.0,0.0,0.0,0.0
L-Threonine,16496124.86,12492822.95,0.0,487140.3562,0.0,0.0,0.0,0.0,2553833.928,5466924.792,6279691.655,3953877.613,0.0,0.0
L-Tryptophan,114829.2065,16568.50386,9624.734431,20845.50008,18176.05016,15082.80077,13995.45023,15408.24155,21166.07869,28767.11885,48890.86606,58182.08116,11464.94072,9667.177528
L-Tyrosine,155011651.7,37340695.65,0.0,99635780.63,59182503.94,48288670.89,57990671.81,50321916.62,24515585.86,111067075.2,122007424.6,106357879.7,69297709.23,0.0
Luciferin,0.0,0.0,99.92395173,1613.766059,0.0,2202.308048,0.0,0.0,0.0,0.0,0.0,0.0,0.0,281.1154159
Lupinine,0.0,1540572.969,0.0,0.0,1607336.333,0.0,3415172.151,0.0,1559588.93,1971533.002,2525821.901,0.0,1003764.251,3582876.016
L-Valine,21505660.66,5318219.966,7032683.348,7372556.6,5503522.766,3900881.807,7686167.724,3461519.574,2489980.672,9788374.755,10284918.18,4571756.062,3179238.606,9485808.226
L-Val-L-Leu,2808805683.0,0.0,0.0,0.0,0.0,0.0,0.0,0.0,0.0,1257702557.0,157711272.3,2311825411.0,0.0,0.0
Malic acid,14440389.15,3780978.779,4111993.538,2105530.672,1669849.545,1453051.658,4743814.201,1497557.466,4193583.295,9378083.098,6224649.859,6474510.218,1155858.509,2283068.147
Maltol,0.0,0.0,0.0,0.0,0.0,0.0,0.0,0.0,0.0,0.0,0.0,0.0,0.0,0.0
Methanesulfonic acid,44483823.47,14660096.54,5502410.999,9631693.621,1350104.504,1811026.332,2267105.843,0.0,9837984.859,8235162.452,19726340.51,35039135.52,713792.2622,1378566.527
Methyl lactate,186694.8201,221912.5075,247376.8913,151223.7707,292756.7518,216078.6871,130770.3051,0.0,263537.4278,235312.4108,362113.513,522843.5844,222129.4867,363276.1128
Methylsuccinic acid,0.0,0.0,0.0,0.0,0.0,0.0,0.0,0.0,0.0,0.0,0.0,0.0,0.0,0.0
Methylthiouracil,44190557.27,11648199.42,3928030.814,5073820.18,2053656.815,1351334.933,2732405.174,0.0,10750293.03,3536103.632,15916296.32,37393309.07,1297786.869,1748607.819
Mevalonolactone,45274.66901,766930.4334,711268.384,502132.0747,1025323.383,100339.5305,12635.47113,112180.1013,518361.7827,93499.8134,340371.1277,236897.0093,689014.0574,1639016.851
Monocaproin,251467560.8,155962239.4,113849387.2,107739696.3,0.0,144673270.3,116860837.4,60749469.56,165744736.1,68793367.96,0.0,646666226.1,0.0,0.0
m-Toluic acid,239746.0254,182973.1234,173100.2894,169910.1848,161959.1062,163527.2806,155286.5063,190632.4681,221127.8782,91490.50655,207884.3343,162811.1117,142901.7874,201515.1276
Myristic acid,2420389.501,1487369.564,1479138.233,1195181.778,1862993.727,757720.9252,1058052.194,1031250.633,1040402.195,1225076.982,1555910.302,1509153.854,876822.2604,1293722.148
"N,N-Dimethyl-2-aminoethanol",4819928929.0,1662982414.0,552840614.4,1064512458.0,0.0,966562216.2,909533387.3,314626212.0,1331643084.0,1130401138.0,2230474743.0,3270962656.0,756983665.7,1436469384.0
"N-[(3,4,5-Trimethoxyphenyl)methylidene]hydroxylamine",0.0,0.0,0.0,0.0,0.0,0.0,0.0,0.0,15216721.13,0.0,0.0,0.0,13943678.96,14845342.56
N-Acetylaminoethanol,1344639041.0,2335780625.0,2266635471.0,1826431581.0,2873589196.0,1344565045.0,884071240.4,1186323376.0,1058714225.0,2007149355.0,1988688186.0,1458629686.0,2139683773.0,3385146524.0
N-Acetylaspartic acid,59264.80471,1356878.627,761726.2738,664408.8261,242174.2533,586495.8845,435007.3379,22409.13062,713258.3828,884158.1607,406250.7177,261649.8865,0.0,379665.3762
N-Acetyl-L-alanine,829455.3606,640030.1622,567973.0865,552943.8207,799416.4586,636038.3883,538032.074,636357.0388,531010.0062,601760.9055,724650.869,834608.5833,500068.2693,697465.0655
"Naringenin 4',7-dimethylether",1247480.402,130265.6785,180465.9089,680679.9689,440134.8653,0.0,0.0,0.0,152347.5679,204194.9179,259597.9992,165376.936,204441.6551,0.0
N-Caffeoyl-O-methyltyramine,232.1895893,246.7349529,439.1459981,786.3491823,1581.253345,222.0307828,0.0,0.0,0.253828607,205.4340578,1719.596966,412.185536,282.9404221,2004.228047
N-Ethylamphetamine,0.0,156272645.0,169960819.7,0.0,148726977.2,142730549.8,62468053.42,86218993.8,121107941.5,52644956.55,167306662.6,257895840.9,106401238.2,136310020.4
N-Ethyldiethanolamine,13186207.34,7738282.296,9452345.993,4195193.721,6398702.283,4859340.784,5153061.435,5405689.542,5556126.572,5435959.405,6631309.779,13577462.7,5885262.353,6599898.104
Niacin,190036.7689,91048.8753,89620.37849,58198.51134,58647.81689,69673.52256,95049.6097,50427.77344,69921.10423,63108.87665,89918.28254,156801.3576,0.0,70534.45537
Niacinamide,392237540.5,147828856.2,84903317.77,68546072.13,123857187.5,144970340.9,0.0,45250120.18,122956667.2,137400414.1,197206386.0,145298059.9,86440469.23,145893092.2
N-Isobutyrylglycine,134726513.4,77882547.21,76737611.15,9051204.645,80897361.01,18840664.93,89195350.31,20198303.8,51784509.57,63332678.09,108806717.0,34363270.89,48723648.65,80561215.61
N-Methyl-1-[(trimethylsilyl)oxy]-1-{4-[(trimethylsilyl)oxy]phenyl}propan-2-amine,0.0,20673.07078,19528.74831,20057.77975,17235.37335,13493.78102,11230.58484,14235.25639,19529.79237,10873.5976,0.0,0.0,15036.56115,16903.50339
N-Methylacetamide,111111431.2,104833260.3,89526602.35,65850334.16,101867237.3,66088004.61,60001552.28,61361138.99,59528342.54,70182458.65,88806550.97,186008582.8,78593655.58,95648721.05
Nonanoic acid,423236804.8,302823840.1,333679672.8,226006567.7,253612831.4,344595145.9,250885818.1,261818731.4,329809190.2,0.0,615757872.0,581366598.2,319754237.8,400349990.1
Norephedrine,0.0,0.0,921390858.6,153752780.1,320199231.8,74262934.74,64259296.87,92714288.66,316739937.5,574529277.6,580755940.6,0.0,0.0,0.0
Norketamine,292.833249,519.4667919,217.1982337,313.9680842,469.8350862,149.7790158,252.5750441,19.73647103,268.1021151,234.1104987,484.4087462,451.0272331,219.2531155,285.4372842
"Norleucine, N-trimethylsilyl-",0.0,0.0,0.0,0.0,0.0,4631708134.0,0.0,0.0,0.0,0.0,0.0,0.0,0.0,4321980696.0
Octacosanol,21722164.61,0.0,39391196.68,0.0,40788758.75,38687015.3,0.0,0.0,13147776.82,9572957.908,0.0,11020927.83,0.0,30666033.69
"Octadecanoic acid, octyl ester",0.0,0.0,0.0,0.0,0.0,0.0,0.0,0.0,0.0,0.0,0.0,0.0,0.0,0.0
Octadecanoic acid,0.0,3887.003402,0.0,0.0,4820.500165,7196.357174,0.0,5958.743389,0.0,0.0,0.0,0.0,0.0,0.0
Octanoic acid,56098249.35,42220682.48,50690515.69,43764287.56,0.0,0.0,0.0,0.0,19120706.67,0.0,23304657.0,0.0,20090470.97,20370434.31
Octocrylene,0.0,0.0,0.0,0.0,0.0,0.0,3031.056114,0.0,0.0,0.0,0.0,0.0,0.0,0.0
Oleamide,99531171.69,75081706.51,25018434.37,31803879.54,18531561.5,27810653.35,14366007.33,14556356.04,30240962.91,7906583.346,292262772.9,23341703.81,14128990.93,13782933.84
Oleic Acid,204128230.6,0.0,0.0,0.0,0.0,6054211.48,7622777.424,6415552.944,0.0,0.0,0.0,0.0,0.0,0.0
Olomoucine,0.0,0.0,0.0,0.0,0.0,0.0,0.0,0.0,0.0,0.0,0.0,0.0,0.0,0.0
Oxalic acid,612392388.9,750900550.1,1016877042.0,533094123.9,716939268.7,661373490.7,711209886.5,710655344.3,617107617.1,1016849545.0,662086465.3,646310640.3,607369338.7,955971856.8
"Oxalic acid, di(cyclohexylmethyl) ester",0.0,0.0,0.0,0.0,0.0,0.0,0.0,0.0,0.0,9279.073113,0.0,0.0,0.0,0.0
"Oxymorphone, bis(trimethylsilyl) ether",520522166.9,438885559.7,0.0,231225479.9,266226175.2,159787449.8,112557786.7,133101264.0,164848218.7,210610370.0,309954587.6,1108964671.0,236186443.7,263800233.0
Palmitic Acid,0.0,0.0,0.0,7776327.441,9804701.424,112151642.8,88165786.42,11544711.78,127440735.1,0.0,144477661.1,0.0,89596707.71,104971518.8
Pentadecanoic acid,0.0,0.0,54375661.46,0.0,0.0,0.0,0.0,0.0,0.0,0.0,0.0,0.0,0.0,0.0
Pentanedioic acid,6567629.287,2561037.444,0.0,3473922.149,2892277.063,2849748.415,3127967.107,3341640.215,3000455.249,5096136.782,3762928.909,2424370.224,3347910.709,3434711.495
Pentanoic acid,15281791.86,15281894.28,12796209.0,10485503.46,10021012.29,10009136.27,11255155.66,8002606.41,13161456.75,11487861.81,14812331.36,19342130.25,9630844.792,11351597.88
"Phenol, 2,4-bis(1-methyl-1-phenylethyl)-",6389391.858,6976003.163,4474044.442,5930271.101,7799342.431,7761233.463,8046649.087,5301334.934,6205968.167,6003539.708,5317266.948,1553712.44,3124462.289,3942186.485
Phenol,140072151.3,244322003.6,339614410.0,115327144.7,338338482.5,169539429.9,74140105.93,161900241.7,0.0,48034177.01,166398255.3,192078985.6,131699062.1,165988042.6
Phenoxyethanol,31098101.89,14077663.48,10286247.23,13993924.35,10120901.67,8783399.504,9352552.084,8892721.936,12222146.61,10824958.54,15906045.83,42106887.21,8042884.917,10745994.47
Phosphoserine,0.0,0.0,0.0,0.0,0.0,0.0,0.0,0.0,0.0,0.0,0.0,0.0,0.0,0.0
Phthalazin-1-one,0.0,0.0,0.0,0.0,0.0,18234935978.0,0.0,0.0,0.0,0.0,41274986121.0,0.0,8197903355.0,15945278594.0
Phthalimide,0.0,0.0,0.0,0.0,0.0,0.0,0.0,0.0,0.0,0.0,0.0,0.0,0.0,0.0
Phytanic acid,678402.8931,1691325.209,2878459.885,1512745.961,2564878.25,1423564.336,1151857.864,1407434.56,1668698.158,1694163.726,2737924.281,3071622.744,1377424.547,2280743.702
Picolinic acid,159116193.6,263227835.9,247301640.9,160558122.1,260955951.0,214149923.9,147914617.0,124797126.9,225979698.9,197142814.8,198483187.0,226609038.4,229886157.4,375922060.0
Pinosylvin,1236046.294,518597.1853,53177.3604,295514.8924,65725.44567,0.0,94126.8128,0.0,298430.6818,199017.7609,863051.3855,1984222.27,35765.02722,94678.16641
Pipecolic acid,2962857.981,1376115.21,1495057.603,1428658.14,1970966.458,499223.0001,879822.9189,803280.9113,424735.515,1235618.035,660023.1813,285815.513,866764.3944,1262444.865
"Piperazine, 1-(4-acetylphenylsulfonyl)-4-methyl-",0.0,0.0,0.0,21194809.6,0.0,0.0,0.0,0.0,0.0,0.0,0.0,0.0,0.0,0.0
Praziquantel,0.0,0.0,0.0,0.0,0.0,0.0,0.0,0.0,0.0,0.0,0.0,0.0,0.0,289.1722002
Pro-Ala-Lys,0.0,0.0,0.0,0.0,0.0,0.0,0.0,0.0,0.0,0.0,0.0,0.0,0.0,0.0
Prometryne,0.0,0.0,0.0,0.0,0.0,0.0,0.0,0.0,0.0,0.0,287910000000.0,12902747182.0,0.0,0.0
"Propanoic acid, 3-[(tert-butyldimethylsilyl)oxy]-2-methyl-",21336749.36,7488410.777,9934621.149,0.0,5721542.034,1341157.731,16461372.63,36953.45461,8878803.883,27726755.95,20117236.98,10681402.8,8191022.551,14934821.08
"Propanoic acid, dimethyl(isopropyl)silyl ester",741548.4348,264926.0542,568518.6148,401233.153,272159.6624,0.0,4011420.81,0.0,151637.8505,195298.9604,250479.6538,450049.109,138869.9557,3928147.313
Propanoic acid,0.0,292282.9334,310805.8746,3861324.729,0.0,0.0,890261.1006,0.0,3770926.139,0.0,3347922.598,3412706.604,2296683.516,2689949.458
"Propionic acid, 3-iodo-, octadecyl ester",0.0,0.0,1188930.302,0.0,0.0,0.0,0.0,0.0,0.0,0.0,0.0,0.0,0.0,0.0
Propylene glycol,0.0,373762.5567,260722.4631,261689.2813,353955.6911,240999.7707,195667.2172,269690.8961,246049.2175,252001.1879,379636.5889,594640.9843,231032.0884,332778.7376
Prostaglandin,0.0,65658.29712,48629.08262,73000.41806,71723.84099,0.0,0.0,2023.771553,71414.6909,0.0,75040.29937,0.0,0.0,0.0
"Pyrazole[4,5-b]imidazole, 1-formyl-3-ethyl-6-beta-d-ribofuranosyl-",0.0,0.0,0.0,0.0,0.0,0.0,0.0,0.0,0.0,0.0,0.0,0.0,0.0,0.0
"Quinoxaline, 2,3-diphenyl- ",945136713.5,2106745449.0,300141945.1,0.0,0.0,0.0,0.0,0.0,0.0,0.0,0.0,0.0,13878687461.0,0.0
Salsoline,1592304.798,4174.286454,44163.07546,9854.661092,20632.54165,42874.03844,10756159.18,15839506.7,0.0,1819722.071,8128725.548,47346.49131,6014239.382,0.0
Sarcosine,0.0,1131245.038,0.0,70466.98727,75189.17742,0.0,253642.0286,6086244.158,0.0,3141115.731,0.0,0.0,0.0,2987214.61
Simetryn,0.0,0.0,0.0,0.0,0.0,297125.2329,0.0,0.0,0.0,0.0,0.0,0.0,0.0,0.0
Spiroxamine,0.0,0.0,0.0,2314796.956,4297314.638,598210.8816,0.0,539526.8975,2053661.168,249389.553,0.0,2579698.536,2768457.819,3524303.013
Stearic acid,8142207560.0,71629543.64,61593825.72,61717279.83,34162965.86,388460840.3,354093432.3,420233568.9,177900612.4,388601111.6,0.0,966870318.2,0.0,226689983.0
Suberic acid,1025692.957,686145.697,571498.461,674923.3692,711024.2259,0.0,507272.0609,576866.9751,495478.6316,555525.4615,677362.1279,111196.3901,449138.5691,575746.1674
Succinamide,0.0,0.0,0.0,0.0,0.0,0.0,0.0,0.0,0.0,0.0,4473293.091,0.0,0.0,5490435.118
Sulindac,0.0,0.0,0.0,1456301.49,1565410.472,0.0,0.0,0.0,286147.6,601084.8136,0.0,74706.57188,0.0,0.0
Supraene,80584013.08,46721659.31,0.0,8589895.077,14624739.69,0.0,5257799.512,4240808.384,1471441.007,0.0,6139865.056,2380080.025,3313039.23,2890575.565
Synephrine,0.0,647616.2406,648308.8894,729942.6176,985181.2529,382949.6181,32794.99015,379212.3994,1074910.337,716062.1129,1076257.14,1608592.093,546932.2345,906897.7304
Taurine,0.0,0.0,0.0,0.0,0.0,0.0,0.0,0.0,0.0,0.0,126869.4461,0.0,0.0,0.0
tert-butyl(dimethyl)silyl-2-([tert-butyl(dimethyl)silyl]oxy)hex-2-enoate,0.0,0.0,0.0,0.0,0.0,0.0,0.0,0.0,127103.5328,230416.6621,0.0,89643.3656,0.0,266666.9453
tert-Butylamine,0.0,0.0,0.0,0.0,1704940974.0,0.0,0.0,0.0,0.0,0.0,0.0,0.0,0.0,0.0
"Tetrahydro[2,2']bifuranyl-5-one",0.0,0.0,0.0,0.0,109647194.3,0.0,0.0,0.0,0.0,0.0,0.0,0.0,0.0,0.0
Tetrahydro-solasodine triacetate,469599.3614,397609.8405,397590.5393,316991.6012,382666.7338,296135.5486,222688.3715,257157.5394,323937.4091,240713.8581,405296.5653,678576.882,325485.6384,376604.6467
Theobromine,0.0,0.0,0.0,0.0,0.0,0.0,0.0,0.0,0.0,0.0,0.0,0.0,0.0,0.0
Thymol,235618.0957,103617.9736,244713.1264,0.0,79470.79104,45152.72998,176862.4248,27795.77566,147383.6926,116620.1786,149442.1515,204060.0545,108904.2184,0.0
Triethyl citrate,44032.75864,36521.35757,30369.95665,26297.73356,38222.0235,32681.76828,25597.90201,33157.80048,40927.08083,0.0,0.0,87291.30376,35002.61077,39472.24593
Trimethylolpropane,0.0,53341.53089,34250.83086,69227.6468,0.0,0.0,11311.63876,0.0,32083.72851,39652.46999,0.0,54361.03688,20979.43415,59161.71225
Tromethamine,0.0,0.0,0.0,791151.2943,1349386.385,0.0,0.0,248259.436,0.0,91022.90569,129552.1625,1311433.493,234218.8899,45483.57261
Tyr-Val,0.0,0.0,0.0,147769650.3,0.0,536159922.8,0.0,1564006835.0,0.0,0.0,0.0,0.0,0.0,0.0
Uracil,91477789.93,37090206.14,45127078.73,31759426.56,39810766.32,33358045.18,33716592.2,16541189.66,39636926.58,61554086.25,73636441.83,94474366.0,24843639.34,36499959.78
Urea,1656812872.0,1911620482.0,2658717921.0,1258877469.0,2236315916.0,331348754.1,1431522677.0,135492452.7,2016078474.0,1210171861.0,385419453.7,2747191615.0,324656639.3,1125191175.0
Vanillylmandelic acid,881.6654274,812.7423534,1078.203563,2112.415599,182.507155,0.0,0.0,0.0,862.4633549,409.4983567,421.2075335,419.4859625,5.444717259,0.0
"Weberine, 5-desmethoxy-",20003605.42,0.0,18236018.36,13908637.36,0.0,0.0,0.0,0.0,0.0,0.0,0.0,0.0,0.0,0.0
Xylazine,4816584.377,3704625.999,2510222.018,2515779.225,3665496.747,1800606.364,1705540.547,1431129.931,2180270.028,3123284.554,4813920.613,4147045.748,2752113.136,2290776.449
Yangonin,0.0,67871.44629,81574.23062,72396.95611,71849.29316,48426.41647,28114.88288,38102.05218,64081.07806,70626.88505,99694.01355,140959.9138,41866.99585,60416.54098
